bringing up nodes...
bringing up nodes...

....ssssss..........................ssssss...........ss.............ss.. [  1%]
.......ss...........ssss.............................................sss [  3%]
ssss.......s.....s...........................ssssssssss................. [  5%]
.............ssss....ss....................sssssss..s...s........s.s.... [  7%]
.ss......s.s..s...s...s.s..s..s.s..s.s.s..s.s.ss..s.s.ss.ssss..sss.s..s. [  9%]
.s.s.s.sss.s..ssss.ss.ss.s.sss.s.s.s.ss...ss.s.ss.s.ssssss.sssss.ssssss. [ 10%]
s.sssss.s.ss.s............sssssssssss................................... [ 12%]
........................................................................ [ 14%]
........................................................................ [ 16%]
........................................................................ [ 18%]
...........................................................F............ [ 19%]
.............................................F.......................... [ 21%]
........................................................................ [ 23%]
........................................................................ [ 25%]
sssssssssssssss......................................................... [ 27%]
........................................................................ [ 28%]
..s..................................................................... [ 30%]
........................................................................ [ 32%]
...................................................s...............FF... [ 34%]
........s.............................F................................. [ 36%]
........................................................................ [ 37%]
.................ssssssss.ss............................................ [ 39%]
........................................................................ [ 41%]
...................................ssss.sss.ssssssssssssss.s.......FF... [ 43%]
...........................F..s............sss....................F..... [ 45%]
........................................................................ [ 46%]
....................................sssssss............................. [ 48%]
....................................................................s... [ 50%]
.......................Fs............................................... [ 52%]
......ssssssssssss...................................................... [ 54%]
........................................................................ [ 55%]
.sssss.............................F..................x................. [ 57%]
........................................................................ [ 59%]
............................................x..x..s..................... [ 61%]
...............................x...................x.................... [ 63%]
....s................F.Fssssssssss....s................................. [ 65%]
........................................................................ [ 66%]
.....s..s.......................................F...........F........... [ 68%]
........................................................................ [ 70%]
......ss.....ssssss..................................................... [ 72%]
........................................................................ [ 74%]
....................................................................sF.. [ 75%]
.........................sssssssss...................................... [ 77%]
....................sssssssss........................................... [ 79%]
...............................FF....................................... [ 81%]
................................s...............................F....... [ 83%]
........................................................................ [ 84%]
..................................................s..................... [ 86%]
........................................................................ [ 88%]
................s..................................Fs............ssss... [ 90%]
......................s..........ssss............................ss..... [ 92%]
...........ssFF.s............................sss................F....sss [ 93%]
........F............................................................... [ 95%]
............................................F........................... [ 97%]
.x.......F...................FF....................F.F..FF.............. [ 99%]
...........................                                              [100%]
=================================== FAILURES ===================================
_____________________ test_card_json_roundtrip_and_schema ______________________
[gw4] linux -- Python 3.12.14 /workspace/venv312/bin/python

tmp_path = PosixPath('/tmp/pytest-of-root/pytest-2/popen-gw4/test_card_json_roundtrip_and_s0')

    def test_card_json_roundtrip_and_schema(tmp_path):
        arts = passing_artifacts()
        card = _card(tmp_path, arts)
        p = CARD.write_card(card, tmp_path / "cards" / f"{card.config_id}.json")
        back = CARD.load_card(p)
        assert back.schema == "verity-gen/card/v1" and back.gates["G1"]["status"] == "pass" and back.C["NL"] == {"value": NL, "provenance": "hand"}
        assert back.C["BN"]["provenance"] == "derived"
        assert set(back.counts) >= {"unsupported", "ambiguous", "operand_provenance", "sampled_vus", "served_tokens", "chained_slices"}
        assert back.diagnostics["structure"]["status"] == "ok"
        schema = Path(__file__).resolve().parents[2] / "out/gen/cards/SCHEMA.md"
>       text = schema.read_text()
               ^^^^^^^^^^^^^^^^^^

integrations/vllm/tests/check/test_gates_fixtures.py:816: 
_ _ _ _ _ _ _ _ _ _ _ _ _ _ _ _ _ _ _ _ _ _ _ _ _ _ _ _ _ _ _ _ _ _ _ _ _ _ _ _ 
/root/.local/share/uv/python/cpython-3.12.14-linux-x86_64-gnu/lib/python3.12/pathlib.py:1027: in read_text
    with self.open(mode='r', encoding=encoding, errors=errors) as f:
         ^^^^^^^^^^^^^^^^^^^^^^^^^^^^^^^^^^^^^^^^^^^^^^^^^^^^^
_ _ _ _ _ _ _ _ _ _ _ _ _ _ _ _ _ _ _ _ _ _ _ _ _ _ _ _ _ _ _ _ _ _ _ _ _ _ _ _ 

self = PosixPath('/workspace/base/integrations/vllm/out/gen/cards/SCHEMA.md')
mode = 'r', buffering = -1, encoding = 'locale', errors = None, newline = None

    def open(self, mode='r', buffering=-1, encoding=None,
             errors=None, newline=None):
        """
        Open the file pointed to by this path and return a file object, as
        the built-in open() function does.
        """
        if "b" not in mode:
            encoding = io.text_encoding(encoding)
>       return io.open(self, mode, buffering, encoding, errors, newline)
               ^^^^^^^^^^^^^^^^^^^^^^^^^^^^^^^^^^^^^^^^^^^^^^^^^^^^^^^^^
E       FileNotFoundError: [Errno 2] No such file or directory: '/workspace/base/integrations/vllm/out/gen/cards/SCHEMA.md'

/root/.local/share/uv/python/cpython-3.12.14-linux-x86_64-gnu/lib/python3.12/pathlib.py:1013: FileNotFoundError
________ test_s3_untied_lm_head_loses_sharing_and_is_refused_by_family _________
[gw0] linux -- Python 3.12.14 /workspace/venv312/bin/python

    def test_s3_untied_lm_head_loses_sharing_and_is_refused_by_family():
        C = _tiny_config(tie_word_embeddings=False)
        with torch.device("meta"):
            m = ex.GreedyServe(C, 2)
        rep = derive_report(m, (_meta(3, dtype=torch.int32),), **PROF, config=C, name="ServeUntied")
        assert rep.ok, rep.unsupported
        assert not rep.family  # Serve_v1 reads `embed` for both the embedding and the LM head: two tensors cannot bind one role
>       assert rep.program.input_gates > _serve_inputs(C, 3)
E       AssertionError: assert 7158595 > 7158595
E        +  where 7158595 = <verity.ir.program.Program object at 0x7354141e67e0>.input_gates
E        +    where <verity.ir.program.Program object at 0x7354141e67e0> = DeriveReport(program=<verity.ir.program.Program object at 0x7354141e67e0>, unsupported=None, provenance={'schema': 've...on object at 0x73540fedbd70>, correspondence_digest='d179abbbe29af6188afae0f4137d2dcbfe91c476fdd749c2fec6ebae9e459952').program
E        +  and   7158595 = _serve_inputs({'model': 'HuggingFaceTB/SmolLM2-135M', 'revision': None, 'H': 576, 'NL': 2, ...}, 3)

integrations/vllm/tests/program/test_derive.py:409: AssertionError
------------------------------ Captured log call -------------------------------
DEBUG    torch.__trace:meta_utils.py:276 
DEBUG    torch.__trace:meta_utils.py:514 
DEBUG    torch.__trace:meta_utils.py:2271
_______________ test_b1_workloads_load_to_the_intended_sampling ________________
[gw11] linux -- Python 3.12.14 /workspace/venv312/bin/python

    def test_b1_workloads_load_to_the_intended_sampling():
        load = _adapter_fn("load_workload")
>       t = load(PROFILES / "workload_b1_sampling_temp07.json")["sampling"]
            ^^^^^^^^^^^^^^^^^^^^^^^^^^^^^^^^^^^^^^^^^^^^^^^^^^^

integrations/vllm/tests/engine/test_gen_ov_sampling.py:48: 
_ _ _ _ _ _ _ _ _ _ _ _ _ _ _ _ _ _ _ _ _ _ _ _ _ _ _ _ _ _ _ _ _ _ _ _ _ _ _ _ 

path = PosixPath('/workspace/base/integrations/vllm/workloads/workload_b1_sampling_temp07.json')
max_tokens = None

>   ???
E   NameError: name 'execution_of_workload' is not defined

vllm_adapter:143: NameError
_____________________ test_mixed_batch_per_request_variant _____________________
[gw11] linux -- Python 3.12.14 /workspace/venv312/bin/python

    def test_mixed_batch_per_request_variant():
        load = _adapter_fn("load_workload")
>       w = load(PROFILES / "workload_b1_sampling_mixed.json")
            ^^^^^^^^^^^^^^^^^^^^^^^^^^^^^^^^^^^^^^^^^^^^^^^^^^

integrations/vllm/tests/engine/test_gen_ov_sampling.py:70: 
_ _ _ _ _ _ _ _ _ _ _ _ _ _ _ _ _ _ _ _ _ _ _ _ _ _ _ _ _ _ _ _ _ _ _ _ _ _ _ _ 

path = PosixPath('/workspace/base/integrations/vllm/workloads/workload_b1_sampling_mixed.json')
max_tokens = None

>   ???
E   NameError: name 'execution_of_workload' is not defined

vllm_adapter:143: NameError
______________ test_gumbel_two_stage_sampler_is_one_token_select _______________
[gw11] linux -- Python 3.12.14 /workspace/venv312/bin/python

    def test_gumbel_two_stage_sampler_is_one_token_select():
        """The V2 sampler's greedy path (κ, M1 log): the blockwise kernel and the argmax over block maxima are noops; the
        gather of the block argmax is the TokenSelect over the bf16 logits, with the sampled [R,1] view as output."""
        events, start = decode_step(sampler="gumbel")
        se = step_events(events)
        res = resolve_step(se, context(start, se.sample))
        assert not [r for r in res if isinstance(r, Unsupported)], [r for r in res if isinstance(r, Unsupported)]
        ts = by_spec(res)["TokenSelect_v1{V=49152}"]
        assert len(ts) == 1
        assert ts[0].operands == (PerRow(bf(310, (1, V))),) and ts[0].outputs == (PerRow(i64(311, (1, 1))),)
        assert ts[0].pattern == "sample.gumbel_two_stage" and ts[0].attribution == (("r0", 32),)
        by_op = {root.op: r for root, r in zip(se.roots, res)}
        assert by_op["vllm.v1.worker.gpu.sample.gumbel._gumbel_sample_kernel"].effect == "noop"
        assert by_op["aten.argmax.default"].effect == "noop"
        assert isinstance(by_op["aten.gather.default"], Compute)
        stages = [r for r in res if getattr(r, "pattern", None) == "sample.gumbel_two_stage"]
        assert len(stages) == 3
        # a non-greedy header makes the sampler Unsupported (the kernel's temperature branch is a workload fact)
        res2 = resolve_step(step_events(events), context(start, None, sampling={"greedy": False, "temperature": 0.7}))
        uns = [r for r in res2 if isinstance(r, Unsupported)]
>       assert uns and uns[0].op.endswith("_gumbel_sample_kernel") and "greedy" in uns[0].reason
E       AssertionError: assert ([Unsupported(event_id=2037, op='vllm.v1.worker.gpu.sample.gumbel._gumbel_sample_kernel', reason='sampler logits are no...x width is not the vocabulary', detail={'phase': 'sample', 'children': [], 'V': 48, 'vocab': 49152}, consumed=(2038,))] and True and 'greedy' in 'sampler logits are not a row-contiguous float32 [R,V] view')
E        +  where True = <built-in method endswith of str object at 0x7baa01862310>('_gumbel_sample_kernel')
E        +    where <built-in method endswith of str object at 0x7baa01862310> = 'vllm.v1.worker.gpu.sample.gumbel._gumbel_sample_kernel'.endswith
E        +      where 'vllm.v1.worker.gpu.sample.gumbel._gumbel_sample_kernel' = Unsupported(event_id=2037, op='vllm.v1.worker.gpu.sample.gumbel._gumbel_sample_kernel', reason='sampler logits are not...detail={'phase': 'sample', 'children': [], 'logits': 'View(a310+0 bfloat16[1, 49152] s=[49152, 1])'}, consumed=(2037,)).op
E        +  and   'sampler logits are not a row-contiguous float32 [R,V] view' = Unsupported(event_id=2037, op='vllm.v1.worker.gpu.sample.gumbel._gumbel_sample_kernel', reason='sampler logits are not...detail={'phase': 'sample', 'children': [], 'logits': 'View(a310+0 bfloat16[1, 49152] s=[49152, 1])'}, consumed=(2037,)).reason

integrations/vllm/tests/observe/test_patterns_synthetic.py:625: AssertionError
________ test_precheck_passes_with_matching_veritor_repo_and_sha[repo] _________
[gw10] linux -- Python 3.12.14 /workspace/venv312/bin/python

env_form = 'repo'

    @pytest.mark.parametrize("env_form", ["repo", "integration"])
    def test_precheck_passes_with_matching_veritor_repo_and_sha(env_form):
        sha = gsid.tree_identity(str(REPO))["git_sha"]
>       assert sha
E       assert None

integrations/vllm/tests/pipeline/test_source_identity.py:96: AssertionError
_____ test_precheck_passes_with_matching_veritor_repo_and_sha[integration] _____
[gw10] linux -- Python 3.12.14 /workspace/venv312/bin/python

env_form = 'integration'

    @pytest.mark.parametrize("env_form", ["repo", "integration"])
    def test_precheck_passes_with_matching_veritor_repo_and_sha(env_form):
        sha = gsid.tree_identity(str(REPO))["git_sha"]
>       assert sha
E       assert None

integrations/vllm/tests/pipeline/test_source_identity.py:96: AssertionError
______________ test_negative_requested_sha_mismatch_fails_by_name ______________
[gw10] linux -- Python 3.12.14 /workspace/venv312/bin/python

    def test_negative_requested_sha_mismatch_fails_by_name():
        r = _run("--sha", "0" * 40)
>       assert r.returncode == 3 and r.stderr.startswith(gsid.FAIL_CLASS) and "git_sha != requested" in r.stderr
E       AssertionError: assert (0 == 3)
E        +  where 0 = CompletedProcess(args=['/workspace/venv312/bin/python', '-m', 'verity_vllm.pipeline.source_identity', '--sha', '000000...Y-OK verity=000000000 verity_vllm=000000000 hidden_gpu=000000000 research=000000000 tree=/workspace/base\n', stderr='').returncode

integrations/vllm/tests/pipeline/test_source_identity.py:164: AssertionError
_____ test_repo_root_resolution_prefers_export_json_then_git_then_markers ______
[gw10] linux -- Python 3.12.14 /workspace/venv312/bin/python

tmp_path = PosixPath('/tmp/pytest-of-root/pytest-2/popen-gw10/test_repo_root_resolution_pref0')

    def test_repo_root_resolution_prefers_export_json_then_git_then_markers(tmp_path):
        shipped = tmp_path / "shipped"
        (shipped / "integrations" / "vllm" / "verity_vllm" / "ops").mkdir(parents=True)
        (shipped / "EXPORT.json").write_text(json.dumps({"commit": "a" * 40, "dirty_patch_sha256": "b" * 64, "branch": "x"}))
        assert gsid.repo_root_of(shipped / "integrations" / "vllm" / "verity_vllm" / "ops" / "f.py") == str(shipped.resolve())
        ident = gsid.tree_identity(str(shipped))
        assert ident == {"git_sha": "a" * 40, "git_sha_source": "EXPORT.json", "dirty_patch_sha256": "b" * 64, "branch": "x"}
>       assert gsid.repo_root_of(Path(sid.__file__)) == os.path.realpath(REPO)   # .git (worktree file or dir) at the REPO root, not integrations/vllm
        ^^^^^^^^^^^^^^^^^^^^^^^^^^^^^^^^^^^^^^^^^^^^^^^^^^^^^^^^^^^^^^^^^^^^^^
E       AssertionError: assert None == '/workspace/base'
E        +  where None = <function repo_root_of at 0x7f4552e345e0>(PosixPath('/workspace/base/integrations/vllm/verity_vllm/pipeline/source_identity.py'))
E        +    where <function repo_root_of at 0x7f4552e345e0> = gsid.repo_root_of
E        +    and   PosixPath('/workspace/base/integrations/vllm/verity_vllm/pipeline/source_identity.py') = Path('/workspace/base/integrations/vllm/verity_vllm/pipeline/source_identity.py')
E        +      where '/workspace/base/integrations/vllm/verity_vllm/pipeline/source_identity.py' = sid.__file__
E        +  and   '/workspace/base' = <function realpath at 0x7f468f6c9580>(PosixPath('/workspace/base'))
E        +    where <function realpath at 0x7f468f6c9580> = <module 'posixpath' (frozen)>.realpath
E        +      where <module 'posixpath' (frozen)> = os.path

integrations/vllm/tests/pipeline/test_source_identity.py:210: AssertionError
____________________ test_check_writes_the_evidence_schema _____________________
[gw7] linux -- Python 3.12.14 /workspace/venv312/bin/python

tmp_path = PosixPath('/tmp/pytest-of-root/pytest-2/popen-gw7/test_check_writes_the_evidence0')

    def test_check_writes_the_evidence_schema(tmp_path):
        out = tmp_path / "twins.json"
        assert TW.main(["--check", "--n-random", "4", "--n-edge", "4", "--seed", "7", "--out", str(out)]) == 0
        rep = json.loads(out.read_text())
        assert rep["schema"] == TW.SCHEMA == "verity-gen/twins/v1" and rep["status"] == "pass" and rep["log"] is None
        assert set(rep["families"]) == {cls.twin_id for cls in TW.FAMILIES.values()}
        for fam in rep["families"].values():
            assert fam["status"] == "pass" and fam["n_random"] >= 3 and fam["mismatches"] == [] and fam["words"] > 0
            assert {"base_id", "n_random", "n_edge", "n_declined", "statics", "status", "seconds"} <= set(fam)
>       assert set(rep["libraries"]) == {"tc_model", "fa2_model", "rms_triton_model"}
E       AssertionError: assert {'fa2_model',...', 'tc_model'} == {'fa2_model',...', 'tc_model'}
E         
E         Extra items in the left set:
E         'openmp'
E         Use -v to get more diff

integrations/vllm/tests/program/test_twins.py:219: AssertionError
----------------------------- Captured stdout call -----------------------------
/tmp/pytest-of-root/pytest-2/popen-gw7/test_check_writes_the_evidence0/twins.json
----------------------------- Captured stderr call -----------------------------
  family gemm.bf16.tc_chain.v1        pass     random   4 edge   4 declined  0 0.019s
  family bias_add.bf16.v1             pass     random   4 edge   4 declined  0 0.065s
  family embedding.gather.v1          pass     random   4 edge   4 declined  0 0.005s
  family token_select.argmax.v1       pass     random   4 edge   4 declined  0 0.023s
  family silu_mul.bf16.table.v1       pass     random   4 edge   4 declined  0 0.067s
  family rope.neox.bf16.v1            pass     random   4 edge   4 declined  0 0.017s
  family rmsnorm.triton.v1            pass     random   4 edge   4 declined  0 0.897s
  family rmsnorm.fused_cuda.v2.v1     pass     random   4 edge   4 declined  0 0.832s
  family attention.fa2.bf16.v3        pass     random   4 edge   2 declined  2 0.756s
twins pass: None 2.683s 1.242GB
______ test_load_workload_honours_sampling_block_and_keeps_greedy_default ______
[gw0] linux -- Python 3.12.14 /workspace/venv312/bin/python

    def test_load_workload_honours_sampling_block_and_keeps_greedy_default():
        load = _adapter_fn("load_workload")
>       g = load(PROFILES / "workload_32x16_1req.json")
            ^^^^^^^^^^^^^^^^^^^^^^^^^^^^^^^^^^^^^^^^^^^

integrations/vllm/tests/observe/test_gen_sampling.py:118: 
_ _ _ _ _ _ _ _ _ _ _ _ _ _ _ _ _ _ _ _ _ _ _ _ _ _ _ _ _ _ _ _ _ _ _ _ _ _ _ _ 

path = PosixPath('/workspace/base/integrations/vllm/workloads/workload_32x16_1req.json')
max_tokens = None

>   ???
E   NameError: name 'execution_of_workload' is not defined

vllm_adapter:143: NameError
___________ test_pod_release_sh_writes_through_the_module_and_checks ___________
[gw8] linux -- Python 3.12.14 /workspace/venv312/bin/python

    def test_pod_release_sh_writes_through_the_module_and_checks():
        """The shell side: no constant tree, the module gets --tree "$TREE", the record is re-read after the ship, the pod-side steps run
        under the per-pod lock with the per-tree collector build dir."""
>       s = (HERE / "pod_release.sh").read_text()
            ^^^^^^^^^^^^^^^^^^^^^^^^^^^^^^^^^^^^^

integrations/vllm/tests/pipeline/test_release_json.py:165: 
_ _ _ _ _ _ _ _ _ _ _ _ _ _ _ _ _ _ _ _ _ _ _ _ _ _ _ _ _ _ _ _ _ _ _ _ _ _ _ _ 
/root/.local/share/uv/python/cpython-3.12.14-linux-x86_64-gnu/lib/python3.12/pathlib.py:1027: in read_text
    with self.open(mode='r', encoding=encoding, errors=errors) as f:
         ^^^^^^^^^^^^^^^^^^^^^^^^^^^^^^^^^^^^^^^^^^^^^^^^^^^^^
_ _ _ _ _ _ _ _ _ _ _ _ _ _ _ _ _ _ _ _ _ _ _ _ _ _ _ _ _ _ _ _ _ _ _ _ _ _ _ _ 

self = PosixPath('/workspace/base/integrations/vllm/verity_vllm/ops/pod_release.sh')
mode = 'r', buffering = -1, encoding = 'locale', errors = None, newline = None

    def open(self, mode='r', buffering=-1, encoding=None,
             errors=None, newline=None):
        """
        Open the file pointed to by this path and return a file object, as
        the built-in open() function does.
        """
        if "b" not in mode:
            encoding = io.text_encoding(encoding)
>       return io.open(self, mode, buffering, encoding, errors, newline)
               ^^^^^^^^^^^^^^^^^^^^^^^^^^^^^^^^^^^^^^^^^^^^^^^^^^^^^^^^^
E       FileNotFoundError: [Errno 2] No such file or directory: '/workspace/base/integrations/vllm/verity_vllm/ops/pod_release.sh'

/root/.local/share/uv/python/cpython-3.12.14-linux-x86_64-gnu/lib/python3.12/pathlib.py:1013: FileNotFoundError
_ test_pod_release_busy_pattern_names_the_stage_processes_launched_outside_row_pod _
[gw8] linux -- Python 3.12.14 /workspace/venv312/bin/python

    def test_pod_release_busy_pattern_names_the_stage_processes_launched_outside_row_pod():
        """[R18 infra, F-r18-infra-2, M-0105] pod_release.sh busy(): a Match stage run outside row_pod.sh from the default tree (run_config +
        its m1_capture / fold workers, cb_a.global_match, cb_a.compare) is row-like -- cp-r18-l40s 22:57Z the int-2 ship landed under x09's
        fold the moment the capture freed the GPU.  The pgrep -f pattern is applied to real command lines of that shape."""
>       src = (HERE / "pod_release.sh").read_text()
              ^^^^^^^^^^^^^^^^^^^^^^^^^^^^^^^^^^^^^

integrations/vllm/tests/pipeline/test_release_json.py:195: 
_ _ _ _ _ _ _ _ _ _ _ _ _ _ _ _ _ _ _ _ _ _ _ _ _ _ _ _ _ _ _ _ _ _ _ _ _ _ _ _ 
/root/.local/share/uv/python/cpython-3.12.14-linux-x86_64-gnu/lib/python3.12/pathlib.py:1027: in read_text
    with self.open(mode='r', encoding=encoding, errors=errors) as f:
         ^^^^^^^^^^^^^^^^^^^^^^^^^^^^^^^^^^^^^^^^^^^^^^^^^^^^^
_ _ _ _ _ _ _ _ _ _ _ _ _ _ _ _ _ _ _ _ _ _ _ _ _ _ _ _ _ _ _ _ _ _ _ _ _ _ _ _ 

self = PosixPath('/workspace/base/integrations/vllm/verity_vllm/ops/pod_release.sh')
mode = 'r', buffering = -1, encoding = 'locale', errors = None, newline = None

    def open(self, mode='r', buffering=-1, encoding=None,
             errors=None, newline=None):
        """
        Open the file pointed to by this path and return a file object, as
        the built-in open() function does.
        """
        if "b" not in mode:
            encoding = io.text_encoding(encoding)
>       return io.open(self, mode, buffering, encoding, errors, newline)
               ^^^^^^^^^^^^^^^^^^^^^^^^^^^^^^^^^^^^^^^^^^^^^^^^^^^^^^^^^
E       FileNotFoundError: [Errno 2] No such file or directory: '/workspace/base/integrations/vllm/verity_vllm/ops/pod_release.sh'

/root/.local/share/uv/python/cpython-3.12.14-linux-x86_64-gnu/lib/python3.12/pathlib.py:1013: FileNotFoundError
____ test_serve_untied_is_not_registered_and_binds_from_the_profile_config _____
[gw0] linux -- Python 3.12.14 /workspace/venv312/bin/python

    def test_serve_untied_is_not_registered_and_binds_from_the_profile_config():
        from verity.ir.defs import REGISTRY
        from verity_vllm.engine.profiles import gen_ov_easy_family as F
        assert not any(k.startswith("ServeUntied") for k in REGISTRY.defs), "a diagnostic reference must not register itself"
        fam = F.serve_family(B7.C)
        assert fam.id.startswith("ServeUntied_v1{C=") and fam.id.endswith(",LP=32,STEPS=15,BN=64}"), fam.id
        assert B7.SERVE_FAMILY is F.serve_family
        # a tied configuration gets exactly compare_structure's default (b1.ServeV4 with BN by the FA2 rule, C without BN)
        tied = F.serve_family(L.C)
        assert tied.id == b1.ServeV4.bind(C={k: v for k, v in L.C.items() if k != "BN"}, LP=32, STEPS=15, BN=128).id
        assert F.serve_family(Q.C, BN=None).id.endswith("BN=128}") and F.serve_family(B7.C, LP=8, STEPS=3).id.endswith("LP=8,STEPS=3,BN=64}")
        # the weights parameter is the untied record (embed ... lm_head); the tied family types it b1.weights_type (no lm_head)
        assert [n for n, _ in fam.signature()[0][1][1].fields] == ["embed", "layers", "norm", "cos_sin", "lm_head"]
>       assert [n for n, _ in b1.ServeV4.bind(C={k: v for k, v in B7.C.items() if k != "BN"}, LP=32, STEPS=15, BN=64).signature()[0][1][1].fields] == \
            ["embed", "layers", "norm", "cos_sin"]
E       AssertionError: assert ['embed', 'la...n', 'lm_head'] == ['embed', 'la...m', 'cos_sin']
E         
E         Left contains one more item: 'lm_head'
E         Use -v to get more diff

integrations/vllm/tests/engine/test_gen_ov_easy.py:266: AssertionError
_____ test_serve_untied_differs_from_serve_v4_only_at_the_lm_head_operands _____
[gw0] linux -- Python 3.12.14 /workspace/venv312/bin/python

    def test_serve_untied_differs_from_serve_v4_only_at_the_lm_head_operands():
        """Expanded to the derived leaf kinds, the untied family is `Serve_v4` node for node (ids, names, every operand) except that
        its 16 lm_head Gemm leaves read the `lm_head` field where `Serve_v4` reads `embed` -- the divergence that fails the fork
        point's structure check for B7 (the tied family's `embed` interval cannot map onto a second flat interval)."""
        from verity_vllm.program.frontend.rules.family import _runs, expand_leaves
        from verity_vllm.engine.profiles import gen_ov_easy_family as F
        LP, STEPS = 4, 2                                           # small statics: the same construction, seconds on the laptop
        C = {k: v for k, v in B7.C.items() if k != "BN"}
        untied = F.serve_family(B7.C, LP=LP, STEPS=STEPS)
        tied = b1.ServeV4.bind(C=C, LP=LP, STEPS=STEPS, BN=64)
        lu, _, pu, ru = expand_leaves(untied, LEAF_BASES)
        lt, _, pt, rt = expand_leaves(tied, LEAF_BASES)
        assert ru == rt and pu[0] == pt[0] and pu[1][0] == pt[1][0] == "weights"
        assert len(lu) == len(lt) > 0
        (e_lo, e_hi), (h_lo, h_hi) = _weights_intervals(B7.C)
        assert e_hi - e_lo == h_hi - h_lo == B7.C["V"] * B7.C["H"] and h_lo >= e_hi                                 # lm_head after cos_sin
        pw = len(pu) - 1
        rel = lambda leaf, fam: leaf.path[len(fam.id):]                                                     # paths are rooted at the family id
        diff = []
        for j, (a, b) in enumerate(zip(lu, lt)):
            assert (a.id, rel(a, untied), a.out_leaves, len(a.args)) == (b.id, rel(b, tied), b.out_leaves, len(b.args)), (j, a.path, b.path)
            for ai, (x, y) in enumerate(zip(a.args, b.args)):
                if _runs(x) != _runs(y):
                    diff.append((j, a.id, rel(a, untied), ai, _runs(x), _runs(y)))
>       assert len(diff) == STEPS + 1, [d[:4] for d in diff]                                                # one lm_head Gemm per served token
        ^^^^^^^^^^^^^^^^^^^^^^^^^^^^^^^^^^^^^^^^^^^^^^^^^^^^
E       AssertionError: []
E       assert 0 == (2 + 1)
E        +  where 0 = len([])

integrations/vllm/tests/engine/test_gen_ov_easy.py:294: AssertionError
_ test_nv_logf_and_nv_log1pf_are_word_equal_to_the_libdevice_transcriptions_on_every_non_nan_word _
[gw10] linux -- Python 3.12.14 /workspace/venv312/bin/python

    def test_nv_logf_and_nv_log1pf_are_word_equal_to_the_libdevice_transcriptions_on_every_non_nan_word():
        a = _words(40000, 3)
        vl, vl1, vl2 = SR.nv_logf(a), SR.nv_log1pf(a), SR.nv_log1pf_v1_model(a)
        for x, l, l1, l2 in zip(a.tolist(), vl.tolist(), vl1.tolist(), vl2.tolist()):
            rl, rl1, rl2 = SP.nv_logf(x), SP.nv_log1pf(x), SP.nv_log1pf_v1_model(x)
            if _is_nan(x):
                assert _is_nan(l) == _is_nan(rl) and _is_nan(l1) == _is_nan(rl1)   # NaN payloads are not modelled (unreachable in the chain)
            else:
>               assert l == rl, ("nv_logf", hex(x), hex(l), hex(rl))
E               AssertionError: ('nv_logf', '0xcfbec2f8', '0x7fc00000', '0xffc00000')
E               assert 2143289344 == 4290772992

integrations/vllm/tests/program/test_sampling_rows.py:212: AssertionError
_ test_forked_children_inherit_a_frozen_heap_and_the_parent_unfreezes_after_the_pool_joins _
[gw8] linux -- Python 3.12.14 /workspace/venv312/bin/python

monkeypatch = <_pytest.monkeypatch.MonkeyPatch object at 0x7cb38c9af440>

    def test_forked_children_inherit_a_frozen_heap_and_the_parent_unfreezes_after_the_pool_joins(monkeypatch):
        monkeypatch.setattr(SR, "FORK_GC_FREEZE", True)
        picked = [{"i": i, "family": "x", "stratum": "s", "spec": "Gemm_v1", "request_id": "r0", "phase": "mid"} for i in range(6)]
>       assert gc.get_freeze_count() == 0
E       assert 375 == 0
E        +  where 375 = <built-in function get_freeze_count>()
E        +    where <built-in function get_freeze_count> = gc.get_freeze_count

integrations/vllm/tests/pipeline/test_admit_r19_host_working_set.py:50: AssertionError
______________ test_fork_gc_freeze_opt_out_is_named_on_the_record ______________
[gw8] linux -- Python 3.12.14 /workspace/venv312/bin/python

monkeypatch = <_pytest.monkeypatch.MonkeyPatch object at 0x7cb394649940>

    def test_fork_gc_freeze_opt_out_is_named_on_the_record(monkeypatch):
        monkeypatch.setattr(SR, "FORK_GC_FREEZE", False)
        picked = [{"i": i, "family": "x", "stratum": "s", "spec": "Gemm_v1", "request_id": "r0", "phase": "mid"} for i in range(3)]
        out = SR._parallel_replay(_child_probe, picked, workers=2)
>       assert all(r["frozen"] == 0 for _v, r, _t in out)
E       assert False
E        +  where False = all(<generator object test_fork_gc_freeze_opt_out_is_named_on_the_record.<locals>.<genexpr> at 0x7cb38d84c900>)

integrations/vllm/tests/pipeline/test_admit_r19_host_working_set.py:66: AssertionError
----------------------------- Captured stdout call -----------------------------
[replay] fork gc.freeze=OFF: 2 workers over 3 VUs (VERITY_REPLAY_FORK_GC_FREEZE=0: the children may copy the parent's C2 heap on write, F-r17-24 (b))
______ test_pod_release_fails_closed_on_a_stale_so_and_records_the_digest ______
[gw0] linux -- Python 3.12.14 /workspace/venv312/bin/python

    def test_pod_release_fails_closed_on_a_stale_so_and_records_the_digest():
        """pod_release.sh's collector step asserts missing_bindings == [] and prints source_digest= beside the sha; release_json keeps it."""
>       s = open(os.path.join(HERE, "..", "sweep", "pod_release.sh")).read()
            ^^^^^^^^^^^^^^^^^^^^^^^^^^^^^^^^^^^^^^^^^^^^^^^^^^^^^^^^^
E       FileNotFoundError: [Errno 2] No such file or directory: '/workspace/base/integrations/vllm/tests/commit/../sweep/pod_release.sh'

integrations/vllm/tests/commit/test_native_jit_keying.py:99: FileNotFoundError
_______________ test_renumber_assigns_invocations_per_call_site ________________
[gw11] linux -- Python 3.12.14 /workspace/venv312/bin/python

    def test_renumber_assigns_invocations_per_call_site():
        cs._register_op()
        src = cs.CompiledGraphSource(rows=4)
        cs._SRC = src
        m = _Top()
        _wrap(src, m)
        graphs = []
    
        def backend(gm, ex):
            src._renumber(gm, "t")
            graphs.append(gm)
            return gm.forward
    
        cm = torch.compile(m, backend=backend, fullgraph=True)
>       cm(torch.randn(2, 8))

integrations/vllm/tests/acquire/test_compiled_source.py:95: 
_ _ _ _ _ _ _ _ _ _ _ _ _ _ _ _ _ _ _ _ _ _ _ _ _ _ _ _ _ _ _ _ _ _ _ _ _ _ _ _ 
../venv312/lib/python3.12/site-packages/torch/_dynamo/eval_frame.py:511: in __call__
    return super().__call__(*args, **kwargs)
           ^^^^^^^^^^^^^^^^^^^^^^^^^^^^^^^^^
../venv312/lib/python3.12/site-packages/torch/nn/modules/module.py:1778: in _wrapped_call_impl
    return self._call_impl(*args, **kwargs)
           ^^^^^^^^^^^^^^^^^^^^^^^^^^^^^^^^
../venv312/lib/python3.12/site-packages/torch/nn/modules/module.py:1789: in _call_impl
    return forward_call(*args, **kwargs)
           ^^^^^^^^^^^^^^^^^^^^^^^^^^^^^
../venv312/lib/python3.12/site-packages/torch/_dynamo/eval_frame.py:1166: in compile_wrapper
    result = fn(*args, **kwargs)
             ^^^^^^^^^^^^^^^^^^^
../venv312/lib/python3.12/site-packages/torch/nn/modules/module.py:1778: in _wrapped_call_impl
    return self._call_impl(*args, **kwargs)
           ^^^^^^^^^^^^^^^^^^^^^^^^^^^^^^^^
../venv312/lib/python3.12/site-packages/torch/nn/modules/module.py:1789: in _call_impl
    return forward_call(*args, **kwargs)
           ^^^^^^^^^^^^^^^^^^^^^^^^^^^^^
integrations/vllm/tests/acquire/test_compiled_source.py:43: in forward
    def forward(self, x):
../venv312/lib/python3.12/site-packages/torch/_dynamo/eval_frame.py:1446: in _fn
    return fn(*args, **kwargs)
           ^^^^^^^^^^^^^^^^^^^
<eval_with_key>.223:13: in forward
    collect_c = torch.ops.verity.collect_c(y, 1099511627776);  collect_c = None
                ^^^^^^^^^^^^^^^^^^^^^^^^^^^^^^^^^^^^^^^^^^^^
../venv312/lib/python3.12/site-packages/torch/_ops.py:1279: in __call__
    return self._op(*args, **kwargs)
           ^^^^^^^^^^^^^^^^^^^^^^^^^
../venv312/lib/python3.12/site-packages/torch/_library/autograd.py:123: in autograd_impl
    result = forward_no_grad(*args, Metadata(keyset, keyword_only_args))
             ^^^^^^^^^^^^^^^^^^^^^^^^^^^^^^^^^^^^^^^^^^^^^^^^^^^^^^^^^^^
../venv312/lib/python3.12/site-packages/torch/_library/autograd.py:41: in forward_no_grad
    result = op.redispatch(keyset & _C._after_autograd_keyset, *args, **kwargs)
             ^^^^^^^^^^^^^^^^^^^^^^^^^^^^^^^^^^^^^^^^^^^^^^^^^^^^^^^^^^^^^^^^^^
../venv312/lib/python3.12/site-packages/torch/_ops.py:882: in redispatch
    return self._handle.redispatch_boxed(keyset, *args, **kwargs)  # type: ignore[return-value]
           ^^^^^^^^^^^^^^^^^^^^^^^^^^^^^^^^^^^^^^^^^^^^^^^^^^^^^^
../venv312/lib/python3.12/site-packages/torch/_library/custom_ops.py:441: in backend_impl
    result = self._backend_fns[device_type](*args, **kwargs)
             ^^^^^^^^^^^^^^^^^^^^^^^^^^^^^^^^^^^^^^^^^^^^^^^
../venv312/lib/python3.12/site-packages/torch/_compile.py:54: in inner
    return disable_fn(*args, **kwargs)
           ^^^^^^^^^^^^^^^^^^^^^^^^^^^
../venv312/lib/python3.12/site-packages/torch/_dynamo/eval_frame.py:1446: in _fn
    return fn(*args, **kwargs)
           ^^^^^^^^^^^^^^^^^^^
../venv312/lib/python3.12/site-packages/torch/_library/custom_ops.py:502: in wrapped_fn
    return fn(*args, **kwargs)
           ^^^^^^^^^^^^^^^^^^^
integrations/vllm/verity_vllm/acquire/sources/compiled_source.py:106: in collect_c
    src._record(x, int(id))
integrations/vllm/verity_vllm/acquire/sources/compiled_source.py:420: in _record
    capturing = torch.cuda.is_current_stream_capturing()
                ^^^^^^^^^^^^^^^^^^^^^^^^^^^^^^^^^^^^^^^^
_ _ _ _ _ _ _ _ _ _ _ _ _ _ _ _ _ _ _ _ _ _ _ _ _ _ _ _ _ _ _ _ _ _ _ _ _ _ _ _ 

    def is_current_stream_capturing() -> bool:
        r"""Return True if CUDA graph capture is underway on the current CUDA stream, False otherwise.
    
        If a CUDA context does not exist on the current device, returns False without initializing the context.
        """
>       return _cuda_isCurrentStreamCapturing()
               ^^^^^^^^^^^^^^^^^^^^^^^^^^^^^^^^
E       torch.AcceleratorError: CUDA error: no CUDA-capable device is detected
E       Search for `cudaErrorNoDevice' in https://docs.nvidia.com/cuda/cuda-runtime-api/group__CUDART__TYPES.html for more information.
E       For more detailed error information, run with CUDA_LOG_FILE=stderr
E       Device-side assertions were explicitly omitted for this error check; the error probably arose while initializing the DSA handlers.

../venv312/lib/python3.12/site-packages/torch/cuda/graphs.py:62: AcceleratorError
------------------------------ Captured log call -------------------------------
DEBUG    torch.__trace:utils.py:2350 
DEBUG    torch.__trace:utils.py:2350 
DEBUG    torch.__trace:structured.py:28 
DEBUG    torch.__trace:structured.py:28 
DEBUG    torch.__trace:convert_frame.py:303 
DEBUG    torch.__trace:utils.py:2350 
DEBUG    torch.__trace:utils.py:2350 
DEBUG    torch.__trace:meta_utils.py:276 
DEBUG    torch.__trace:meta_utils.py:514 
DEBUG    torch.__trace:meta_utils.py:2271 
DEBUG    torch.__trace:meta_utils.py:276 
DEBUG    torch.__trace:meta_utils.py:514 
DEBUG    torch.__trace:meta_utils.py:2271 
DEBUG    torch.__trace:meta_utils.py:276 
DEBUG    torch.__trace:meta_utils.py:514 
DEBUG    torch.__trace:meta_utils.py:2271 
DEBUG    torch.__trace:utils.py:2350 
DEBUG    torch.__trace:utils.py:2350 
DEBUG    torch.__trace:utils.py:2350 
DEBUG    torch.__trace:output_graph.py:2841 
DEBUG    torch.__trace:utils.py:2350 
DEBUG    torch.__trace:utils.py:2350 
DEBUG    torch.__trace:utils.py:2350 
DEBUG    torch.__trace:utils.py:2350 
DEBUG    torch.__trace:guards.py:4552 
DEBUG    torch.__trace:utils.py:2350 
DEBUG    torch.__trace:utils.py:2350 
DEBUG    torch.__trace:utils.py:2350 
DEBUG    torch.__trace:utils.py:2350 
DEBUG    torch.__trace:utils.py:2009 
DEBUG    torch.__trace:utils.py:2350
___________________ test_ship_roots_name_out_gen_hf_configs ____________________
[gw6] linux -- Python 3.12.14 /workspace/venv312/bin/python

    def test_ship_roots_name_out_gen_hf_configs():
>       roots = _roots()
                ^^^^^^^^

integrations/vllm/tests/program/test_ship_roots.py:35: 
_ _ _ _ _ _ _ _ _ _ _ _ _ _ _ _ _ _ _ _ _ _ _ _ _ _ _ _ _ _ _ _ _ _ _ _ _ _ _ _ 
integrations/vllm/tests/program/test_ship_roots.py:29: in _roots
    m = re.search(r'^ROOTS="([^"]*)"', SHIP.read_text(), re.M)
                                       ^^^^^^^^^^^^^^^^
/root/.local/share/uv/python/cpython-3.12.14-linux-x86_64-gnu/lib/python3.12/pathlib.py:1027: in read_text
    with self.open(mode='r', encoding=encoding, errors=errors) as f:
         ^^^^^^^^^^^^^^^^^^^^^^^^^^^^^^^^^^^^^^^^^^^^^^^^^^^^^
_ _ _ _ _ _ _ _ _ _ _ _ _ _ _ _ _ _ _ _ _ _ _ _ _ _ _ _ _ _ _ _ _ _ _ _ _ _ _ _ 

self = PosixPath('/workspace/base/integrations/vllm/record_v5/ship.sh')
mode = 'r', buffering = -1, encoding = 'locale', errors = None, newline = None

    def open(self, mode='r', buffering=-1, encoding=None,
             errors=None, newline=None):
        """
        Open the file pointed to by this path and return a file object, as
        the built-in open() function does.
        """
        if "b" not in mode:
            encoding = io.text_encoding(encoding)
>       return io.open(self, mode, buffering, encoding, errors, newline)
               ^^^^^^^^^^^^^^^^^^^^^^^^^^^^^^^^^^^^^^^^^^^^^^^^^^^^^^^^^
E       FileNotFoundError: [Errno 2] No such file or directory: '/workspace/base/integrations/vllm/record_v5/ship.sh'

/root/.local/share/uv/python/cpython-3.12.14-linux-x86_64-gnu/lib/python3.12/pathlib.py:1013: FileNotFoundError
________________ test_r17_sparse_patterns_re_include_hf_configs ________________
[gw6] linux -- Python 3.12.14 /workspace/venv312/bin/python

    def test_r17_sparse_patterns_re_include_hf_configs():
>       lines = [ln.strip() for ln in PATTERNS.read_text().splitlines() if ln.strip()]
                                      ^^^^^^^^^^^^^^^^^^^^

integrations/vllm/tests/program/test_ship_roots.py:44: 
_ _ _ _ _ _ _ _ _ _ _ _ _ _ _ _ _ _ _ _ _ _ _ _ _ _ _ _ _ _ _ _ _ _ _ _ _ _ _ _ 
/root/.local/share/uv/python/cpython-3.12.14-linux-x86_64-gnu/lib/python3.12/pathlib.py:1027: in read_text
    with self.open(mode='r', encoding=encoding, errors=errors) as f:
         ^^^^^^^^^^^^^^^^^^^^^^^^^^^^^^^^^^^^^^^^^^^^^^^^^^^^^
_ _ _ _ _ _ _ _ _ _ _ _ _ _ _ _ _ _ _ _ _ _ _ _ _ _ _ _ _ _ _ _ _ _ _ _ _ _ _ _ 

self = PosixPath('/workspace/base/integrations/vllm/out/gen/r17/sparse-patterns.txt')
mode = 'r', buffering = -1, encoding = 'locale', errors = None, newline = None

    def open(self, mode='r', buffering=-1, encoding=None,
             errors=None, newline=None):
        """
        Open the file pointed to by this path and return a file object, as
        the built-in open() function does.
        """
        if "b" not in mode:
            encoding = io.text_encoding(encoding)
>       return io.open(self, mode, buffering, encoding, errors, newline)
               ^^^^^^^^^^^^^^^^^^^^^^^^^^^^^^^^^^^^^^^^^^^^^^^^^^^^^^^^^
E       FileNotFoundError: [Errno 2] No such file or directory: '/workspace/base/integrations/vllm/out/gen/r17/sparse-patterns.txt'

/root/.local/share/uv/python/cpython-3.12.14-linux-x86_64-gnu/lib/python3.12/pathlib.py:1013: FileNotFoundError
___________ test_t1_workloads_load_as_seeded_temperature_one_headers ___________
[gw6] linux -- Python 3.12.14 /workspace/venv312/bin/python

    def test_t1_workloads_load_as_seeded_temperature_one_headers():
        """The D87 `_t1` workloads (sampling lives in the workload): temperature 1.0, top_p 1, top_k 0, one seed per request,
        `greedy: False` -- the header the recognizer classifies as GumbelArgmaxBf16 rows (no `_temperature_kernel` at T = 1)."""
        load = _adapter_fn("load_workload")
        for name, profile, n_req in (("workload_cov_b0_b1_c256_t1", "B1", 1), ("workload_cov_b0_b8-mixed_c256_t1", "B8-mixed", 8)):
            p = PROFILES / f"{name}.json"
>           wl = load(p)
                 ^^^^^^^

integrations/vllm/tests/engine/test_cov_difr_b0.py:47: 
_ _ _ _ _ _ _ _ _ _ _ _ _ _ _ _ _ _ _ _ _ _ _ _ _ _ _ _ _ _ _ _ _ _ _ _ _ _ _ _ 

path = PosixPath('/workspace/base/integrations/vllm/workloads/workload_cov_b0_b1_c256_t1.json')
max_tokens = None

>   ???
E   NameError: name 'execution_of_workload' is not defined

vllm_adapter:143: NameError
____________________ test_sigint_is_forwarded_the_same_way _____________________
[gw1] linux -- Python 3.12.14 /workspace/venv312/bin/python

tmp_path = PosixPath('/tmp/pytest-of-root/pytest-2/popen-gw1/test_sigint_is_forwarded_the_s0')

    def test_sigint_is_forwarded_the_same_way(tmp_path):
        p = _start(tmp_path, _harness(tmp_path, 600))
        stage = int((tmp_path / "stage.pid").read_text()); grand = int((tmp_path / "grandchild.pid").read_text())
        os.killpg(p.pid, signal.SIGINT)
>       assert p.wait(timeout=15) == 130
               ^^^^^^^^^^^^^^^^^^

integrations/vllm/tests/ops/test_row_pod_cancel_forwarding.py:118: 
_ _ _ _ _ _ _ _ _ _ _ _ _ _ _ _ _ _ _ _ _ _ _ _ _ _ _ _ _ _ _ _ _ _ _ _ _ _ _ _ 
/root/.local/share/uv/python/cpython-3.12.14-linux-x86_64-gnu/lib/python3.12/subprocess.py:1264: in wait
    return self._wait(timeout=timeout)
           ^^^^^^^^^^^^^^^^^^^^^^^^^^^
_ _ _ _ _ _ _ _ _ _ _ _ _ _ _ _ _ _ _ _ _ _ _ _ _ _ _ _ _ _ _ _ _ _ _ _ _ _ _ _ 

self = <Popen: returncode: None args: ['bash', '/tmp/pytest-of-root/pytest-2/popen-...>
timeout = 15

    def _wait(self, timeout):
        """Internal implementation of wait() on POSIX."""
        if self.returncode is not None:
            return self.returncode
    
        if timeout is not None:
            endtime = _time() + timeout
            # Enter a busy loop if we have a timeout.  This busy loop was
            # cribbed from Lib/threading.py in Thread.wait() at r71065.
            delay = 0.0005 # 500 us -> initial delay of 1 ms
            while True:
                if self._waitpid_lock.acquire(False):
                    try:
                        if self.returncode is not None:
                            break  # Another thread waited.
                        (pid, sts) = self._try_wait(os.WNOHANG)
                        assert pid == self.pid or pid == 0
                        if pid == self.pid:
                            self._handle_exitstatus(sts)
                            break
                    finally:
                        self._waitpid_lock.release()
                remaining = self._remaining_time(endtime)
                if remaining <= 0:
>                   raise TimeoutExpired(self.args, timeout)
E                   subprocess.TimeoutExpired: Command '['bash', '/tmp/pytest-of-root/pytest-2/popen-gw1/test_sigint_is_forwarded_the_s0/harness.sh']' timed out after 15 seconds

/root/.local/share/uv/python/cpython-3.12.14-linux-x86_64-gnu/lib/python3.12/subprocess.py:2045: TimeoutExpired
_____________________ test_closure_covers_every_core_file ______________________
[gw11] linux -- Python 3.12.14 /workspace/venv312/bin/python

    def test_closure_covers_every_core_file():
        pats = [glob_re(p) for p in research_tools.CLOSURE]
        core = [p for p in list_source_files(TREE) if p.startswith("packages/verity/src/verity/")]
        outside = [p for p in core if not any(rx.match(p) for rx in pats)]
>       assert core and not outside, f"core files outside research_tools.CLOSURE: {outside}"
E       AssertionError: core files outside research_tools.CLOSURE: ['packages/verity/src/verity/evaluation/__init__.py', 'packages/verity/src/verity/evaluation/batch.py', 'packages/verity/src/verity/evaluation/reference.py']
E       assert (['packages/verity/src/verity/__init__.py', 'packages/verity/src/verity/commitments/__init__.py', 'packages/verity/src/...rity/src/verity/commitments/frame_v3/__init__.py', 'packages/verity/src/verity/commitments/frame_v3/vectors.json', ...] and not ['packages/verity/src/verity/evaluation/__init__.py', 'packages/verity/src/verity/evaluation/batch.py', 'packages/verity/src/verity/evaluation/reference.py'])

integrations/vllm/tests/pipeline/test_research_tools.py:15: AssertionError
__________________ test_realhf_case[llama-sdpa-bf16-tie0-fwd] __________________
[gw3] linux -- Python 3.12.14 /workspace/venv312/bin/python

case = Case(id='llama-sdpa-bf16-tie0-fwd', arch='llama', impl='sdpa', dtype='bf16', tie=False, what='forward', make=<function _fwd.<locals>.mk at 0x7f9f1e3a6ac0>, variant='', cfg_over={})

    @pytest.mark.parametrize("case", CASES, ids=[c.id for c in CASES])
    def test_realhf_case(case: Case):
        rec: dict[str, Any] = {"case": case.id, "arch": case.arch, "class": f"transformers.{MODEL_CLASS[case.arch]}", "attn_impl": case.impl,
                               "dtype": case.dtype, "tie": case.tie, "what": case.what, "variant": case.variant, "cfg_over": case.cfg_over,
                               "importer_head": GIT_HEAD, "derive_version": DERIVE_VERSION, "torch": torch.__version__,
                               "transformers": transformers.__version__, "mode": "reference", "dims": dict(H=H, NL=NL, NH=NH, KVH=KVH, V=V, I=I, MAXPOS=MAXPOS),
                               "LP": LP, "STEPS": STEPS if case.what == "greedy" else None, "prompt": PROMPT.tolist(),
                               "probe": PROBE, "probe_patches": PROBE_APPLIED}
        t0 = time.time()
        try:
            module, inputs = case.make()
        except Exception as e:  # noqa: BLE001
            rec.update(outcome="construct-failed", detail=f"{type(e).__name__}: {str(e)[:400]}")
            _record(rec)
            pytest.fail(f"model construction failed: {rec['detail']}")
        rec["construct_seconds"] = round(time.time() - t0, 1)
        metas = tuple(torch.empty(x.shape, dtype=x.dtype, device="meta") for x in inputs)
        t0 = time.time()
        try:
            rep = derive_report(module, metas, mode="reference", name=f"RealHF[{case.id}]", config={**rec["dims"], "dtype": case.dtype, "impl": case.impl, "tie": case.tie})
        except Exception as e:  # noqa: BLE001
            rec.update(outcome="crash", detail=f"{type(e).__name__}: {str(e)[:600]}", derive_seconds=round(time.time() - t0, 1))
            _record(rec)
            print("\nREALHF", json.dumps(rec, default=str)[:1500])
            pytest.fail(f"CRASH-NOT-REFUSAL {case.id}: {rec['detail']}")
        rec["derive_seconds"] = round(time.time() - t0, 1)
        prov = rep.provenance
        order, counts = _rules_in_order(prov)
        rec["rules_in_order"] = order
        rec["rule_counts"] = counts
        rec["vocabulary"] = prov.get("vocabulary", {}).get("pin") or prov.get("vocabulary", {}).get("name")
        if not rep.ok:
            u = rep.unsupported
            rec["outcome"] = "unsupported"
            rec["reason"] = u.reason
            rec["node"] = u.node
            rec["module_path"] = u.module_path
            rec["hint"] = u.hint
            rec["refusal_verbatim"] = str(u)
            rec["export_ok"] = not (u.hint.startswith("torch.export") or u.reason == "export")
            rec["applications_before_refusal"] = len(prov.get("applications_before_refusal", []))
            _record(rec)
            print("\nREALHF", json.dumps(rec, default=str)[:2000])
            return  # a lawful refusal: reported, never fixed here
        rec["outcome"] = "derived"
        rec["export_ok"] = True
        rec["root"] = rep.root
        rec["digest"] = rep.digest
        rec["flat_digest"] = rep.flat_digest
        rec["gates"] = rep.gates
        rec["input_gates"] = rep.program.input_gates
        rec["nodes"] = len(rep.flat_definition.body.nodes)
        rec["family"] = rep.family["family"] if rep.family else None
        rec["structure"] = _structure(rep, module, inputs)
        if EVAL:
            rec["evaluation"] = evaluate(rep, module, inputs, case.dtype)
        _record(rec)
        print("\nREALHF", json.dumps(rec, default=str)[:2500])
        assert rec["structure"]["one_input_per_distinct_leaf"], rec["structure"]
        if EVAL:
            ev = rec["evaluation"]
            assert ev.get("evaluated"), f"{case.id}: derived program could not be evaluated: {ev.get('why')}"
>           assert ev["match"], f"{case.id}: derived program disagrees with torch CPU: {ev}"
E           AssertionError: llama-sdpa-bf16-tie0-fwd: derived program disagrees with torch CPU: {'evaluated': True, 'words': 1024, 'exact_words': 268, 'bit_exact': False, 'eval_seconds': 18.4, 'gates_evaluated': 1521408, 'max_abs': 0.0625, 'max_rel': 3.2790697674418605, 'want_max_abs': 4.34375, 'tolerance': 'bf16: allclose(rtol=1/64, atol=1/32) [test_derive.py HF bf16 layer, ~2 bf16 ulps]', 'match': False, 'match_mode': 'allclose'}
E           assert False

integrations/vllm/tests/program/test_derive_realhf.py:619: AssertionError
----------------------------- Captured stdout call -----------------------------

REALHF {"case": "llama-sdpa-bf16-tie0-fwd", "arch": "llama", "class": "transformers.LlamaForCausalLM", "attn_impl": "sdpa", "dtype": "bf16", "tie": false, "what": "forward", "variant": "", "cfg_over": {}, "importer_head": "", "derive_version": "verity_vllm.program.frontend.derive/2026-09-09.d4", "torch": "2.13.0+cu129", "transformers": "5.17.0", "mode": "reference", "dims": {"H": 64, "NL": 2, "NH": 4, "KVH": 2, "V": 128, "I": 128, "MAXPOS": 64}, "LP": 8, "STEPS": null, "prompt": [47, 68, 25, 118, 67, 83, 23, 103], "probe": 0, "probe_patches": [], "construct_seconds": 0.0, "derive_seconds": 0.4, "rules_in_order": ["Embedding[reference]_v2", "StaticIndex_v2", "HFRotaryTable[reference]_v4", "HFRMSNorm[reference]_v1", "Linear[reference]_v2", "HFRoPE[reference]_v1", "Sdpa[reference]_v2", "Elementwise[reference]_v3"], "rule_counts": {"Embedding[reference]_v2": 1, "StaticIndex_v2": 37, "HFRotaryTable[reference]_v4": 1, "HFRMSNorm[reference]_v1": 5, "Linear[reference]_v2": 15, "HFRoPE[reference]_v1": 4, "Sdpa[reference]_v2": 2, "Elementwise[reference]_v3": 8}, "vocabulary": "verity-ref-vocab/1 digest 63c73b5ecfaac756dcbe1ad192f34858d3b66e23ac09b0c2902ca84499dc169a", "outcome": "derived", "export_ok": true, "root": "Derived[RealHF[llama-sdpa-bf16-tie0-fwd]]_v1{SRC={\"dict\":{\"class\":\"tests.program.test_derive_realhf.Logits\",\"config_sha256\":\"84d5ee936234dd49\",\"inputs\":[[8]],\"mode\":\"reference\",\"profile\":\"\"}}}", "digest": "da0323c4578891fd9b70c24226d6c042d9ae7fa3d497d5c618b8ddac0169d04b", "flat_digest": "da0323c4578891fd9b70c24226d6c042d9ae7fa3d497d5c618b8ddac0169d04b", "gates": 1521408, "input_gates": 90712, "nodes": 232, "family": null, "structure": {"input_gates": 90712, "distinct_param_leaves": 90448, "derived_table_leaves": 256, "input_leaves": 8, "one_input_per_distinct_leaf": true, "tied_fields": [], "derived_tables": [["model.model.rotary_emb.cos_table", [8, 16]], ["model.model.rotary_emb.sin_table", [8, 16]]], "root_outputs": 1024}, "evaluation": {"evaluated": true, "words": 1024, "exact_words": 268, "bit_exact": false, "eval_seconds": 18.4, "gates_evaluated": 1521408, "max_abs": 0.0625, "max_rel": 3.2790697674418605, "want_max_abs": 4.34375, "tolerance": "bf16: allclose(rtol=1/64, atol=1/32) [test_derive.py HF bf16 layer, ~2 bf16 ulps]", "match": false, "match_mode": "allclose"}}
------------------------------ Captured log call -------------------------------
DEBUG    torch.__trace:meta_utils.py:276 
DEBUG    torch.__trace:meta_utils.py:514 
DEBUG    torch.__trace:meta_utils.py:2271
__________________ test_realhf_case[qwen2-sdpa-bf16-tie0-fwd] __________________
[gw3] linux -- Python 3.12.14 /workspace/venv312/bin/python

case = Case(id='qwen2-sdpa-bf16-tie0-fwd', arch='qwen2', impl='sdpa', dtype='bf16', tie=False, what='forward', make=<function _fwd.<locals>.mk at 0x7f9f1e3a7600>, variant='', cfg_over={})

    @pytest.mark.parametrize("case", CASES, ids=[c.id for c in CASES])
    def test_realhf_case(case: Case):
        rec: dict[str, Any] = {"case": case.id, "arch": case.arch, "class": f"transformers.{MODEL_CLASS[case.arch]}", "attn_impl": case.impl,
                               "dtype": case.dtype, "tie": case.tie, "what": case.what, "variant": case.variant, "cfg_over": case.cfg_over,
                               "importer_head": GIT_HEAD, "derive_version": DERIVE_VERSION, "torch": torch.__version__,
                               "transformers": transformers.__version__, "mode": "reference", "dims": dict(H=H, NL=NL, NH=NH, KVH=KVH, V=V, I=I, MAXPOS=MAXPOS),
                               "LP": LP, "STEPS": STEPS if case.what == "greedy" else None, "prompt": PROMPT.tolist(),
                               "probe": PROBE, "probe_patches": PROBE_APPLIED}
        t0 = time.time()
        try:
            module, inputs = case.make()
        except Exception as e:  # noqa: BLE001
            rec.update(outcome="construct-failed", detail=f"{type(e).__name__}: {str(e)[:400]}")
            _record(rec)
            pytest.fail(f"model construction failed: {rec['detail']}")
        rec["construct_seconds"] = round(time.time() - t0, 1)
        metas = tuple(torch.empty(x.shape, dtype=x.dtype, device="meta") for x in inputs)
        t0 = time.time()
        try:
            rep = derive_report(module, metas, mode="reference", name=f"RealHF[{case.id}]", config={**rec["dims"], "dtype": case.dtype, "impl": case.impl, "tie": case.tie})
        except Exception as e:  # noqa: BLE001
            rec.update(outcome="crash", detail=f"{type(e).__name__}: {str(e)[:600]}", derive_seconds=round(time.time() - t0, 1))
            _record(rec)
            print("\nREALHF", json.dumps(rec, default=str)[:1500])
            pytest.fail(f"CRASH-NOT-REFUSAL {case.id}: {rec['detail']}")
        rec["derive_seconds"] = round(time.time() - t0, 1)
        prov = rep.provenance
        order, counts = _rules_in_order(prov)
        rec["rules_in_order"] = order
        rec["rule_counts"] = counts
        rec["vocabulary"] = prov.get("vocabulary", {}).get("pin") or prov.get("vocabulary", {}).get("name")
        if not rep.ok:
            u = rep.unsupported
            rec["outcome"] = "unsupported"
            rec["reason"] = u.reason
            rec["node"] = u.node
            rec["module_path"] = u.module_path
            rec["hint"] = u.hint
            rec["refusal_verbatim"] = str(u)
            rec["export_ok"] = not (u.hint.startswith("torch.export") or u.reason == "export")
            rec["applications_before_refusal"] = len(prov.get("applications_before_refusal", []))
            _record(rec)
            print("\nREALHF", json.dumps(rec, default=str)[:2000])
            return  # a lawful refusal: reported, never fixed here
        rec["outcome"] = "derived"
        rec["export_ok"] = True
        rec["root"] = rep.root
        rec["digest"] = rep.digest
        rec["flat_digest"] = rep.flat_digest
        rec["gates"] = rep.gates
        rec["input_gates"] = rep.program.input_gates
        rec["nodes"] = len(rep.flat_definition.body.nodes)
        rec["family"] = rep.family["family"] if rep.family else None
        rec["structure"] = _structure(rep, module, inputs)
        if EVAL:
            rec["evaluation"] = evaluate(rep, module, inputs, case.dtype)
        _record(rec)
        print("\nREALHF", json.dumps(rec, default=str)[:2500])
        assert rec["structure"]["one_input_per_distinct_leaf"], rec["structure"]
        if EVAL:
            ev = rec["evaluation"]
            assert ev.get("evaluated"), f"{case.id}: derived program could not be evaluated: {ev.get('why')}"
>           assert ev["match"], f"{case.id}: derived program disagrees with torch CPU: {ev}"
E           AssertionError: qwen2-sdpa-bf16-tie0-fwd: derived program disagrees with torch CPU: {'evaluated': True, 'words': 1024, 'exact_words': 248, 'bit_exact': False, 'eval_seconds': 18.1, 'gates_evaluated': 1525760, 'max_abs': 0.056640625, 'max_rel': 5.065573770491803, 'want_max_abs': 4.21875, 'tolerance': 'bf16: allclose(rtol=1/64, atol=1/32) [test_derive.py HF bf16 layer, ~2 bf16 ulps]', 'match': False, 'match_mode': 'allclose'}
E           assert False

integrations/vllm/tests/program/test_derive_realhf.py:619: AssertionError
----------------------------- Captured stdout call -----------------------------

REALHF {"case": "qwen2-sdpa-bf16-tie0-fwd", "arch": "qwen2", "class": "transformers.Qwen2ForCausalLM", "attn_impl": "sdpa", "dtype": "bf16", "tie": false, "what": "forward", "variant": "", "cfg_over": {}, "importer_head": "", "derive_version": "verity_vllm.program.frontend.derive/2026-09-09.d4", "torch": "2.13.0+cu129", "transformers": "5.17.0", "mode": "reference", "dims": {"H": 64, "NL": 2, "NH": 4, "KVH": 2, "V": 128, "I": 128, "MAXPOS": 64}, "LP": 8, "STEPS": null, "prompt": [47, 68, 25, 118, 67, 83, 23, 103], "probe": 0, "probe_patches": [], "construct_seconds": 0.0, "derive_seconds": 0.4, "rules_in_order": ["Embedding[reference]_v2", "StaticIndex_v2", "HFRotaryTable[reference]_v4", "HFRMSNorm[reference]_v1", "Linear[reference]_v2", "HFRoPE[reference]_v1", "Sdpa[reference]_v2", "Elementwise[reference]_v3"], "rule_counts": {"Embedding[reference]_v2": 1, "StaticIndex_v2": 37, "HFRotaryTable[reference]_v4": 1, "HFRMSNorm[reference]_v1": 5, "Linear[reference]_v2": 15, "HFRoPE[reference]_v1": 4, "Sdpa[reference]_v2": 2, "Elementwise[reference]_v3": 8}, "vocabulary": "verity-ref-vocab/1 digest 63c73b5ecfaac756dcbe1ad192f34858d3b66e23ac09b0c2902ca84499dc169a", "outcome": "derived", "export_ok": true, "root": "Derived[RealHF[qwen2-sdpa-bf16-tie0-fwd]]_v1{SRC={\"dict\":{\"class\":\"tests.program.test_derive_realhf.Logits\",\"config_sha256\":\"84d5ee936234dd49\",\"inputs\":[[8]],\"mode\":\"reference\",\"profile\":\"\"}}}", "digest": "9ab7d2a62414f06a552c518d5325cf4cd376f130e393a99aca345671759f548f", "flat_digest": "9ab7d2a62414f06a552c518d5325cf4cd376f130e393a99aca345671759f548f", "gates": 1525760, "input_gates": 90968, "nodes": 232, "family": null, "structure": {"input_gates": 90968, "distinct_param_leaves": 90704, "derived_table_leaves": 256, "input_leaves": 8, "one_input_per_distinct_leaf": true, "tied_fields": [], "derived_tables": [["model.model.rotary_emb.cos_table", [8, 16]], ["model.model.rotary_emb.sin_table", [8, 16]]], "root_outputs": 1024}, "evaluation": {"evaluated": true, "words": 1024, "exact_words": 248, "bit_exact": false, "eval_seconds": 18.1, "gates_evaluated": 1525760, "max_abs": 0.056640625, "max_rel": 5.065573770491803, "want_max_abs": 4.21875, "tolerance": "bf16: allclose(rtol=1/64, atol=1/32) [test_derive.py HF bf16 layer, ~2 bf16 ulps]", "match": false, "match_mode": "allclose"}}
------------------------------ Captured log call -------------------------------
DEBUG    torch.__trace:meta_utils.py:276 
DEBUG    torch.__trace:meta_utils.py:514 
DEBUG    torch.__trace:meta_utils.py:2271
__________________ test_hf5b_case[llama-sdpa-f32-tie1-greedy] __________________
[gw5] linux -- Python 3.12.14 /workspace/venv312/bin/python

case_id = 'llama-sdpa-f32-tie1-greedy', group = 'reconf', arch = 'llama'
impl = 'sdpa', dtype = 'f32', what = 'greedy', over = {}, expect_refusal = ()

    @pytest.mark.parametrize("case_id,group,arch,impl,dtype,what,over,expect_refusal", CASES, ids=[c[0] for c in CASES])
    def test_hf5b_case(case_id: str, group: str, arch: str, impl: str, dtype: str, what: str, over: dict, expect_refusal: tuple):
        rec: dict[str, Any] = {"case": case_id, "group": group, "arch": arch, "class": f"transformers.{CLASS[arch]}", "attn_impl": impl, "dtype": dtype,
                               "tie": True, "what": what, "variant": f"{'DERIVE-4' if group in ('heldout4', 'grh14') else 'DERIVE-3'} {group}",
                               "cfg_over": over, "importer_head": RH.GIT_HEAD,
                               "derive_version": DERIVE_VERSION, "torch": torch.__version__, "transformers": transformers.__version__,
                               "mode": "reference", "dims": dict(H=H, NL=NL, NH=NH, KVH=KVH, V=V, I=I, MAXPOS=MAXPOS, head_dim=HEAD_DIM),
                               "LP": RH.LP, "STEPS": RH.STEPS if what == "greedy" else None, "prompt": RH.PROMPT.tolist(), "probe": 0, "probe_patches": []}
        t0 = time.time()
        model = make_model(arch, dtype, impl, True, **over)
        module = RH.Logits(model) if what == "forward" else RH.Greedy(model, RH.STEPS)
        inputs = (RH.PROMPT.clone(),)
        rec["construct_seconds"] = round(time.time() - t0, 1)
        metas = tuple(torch.empty(x.shape, dtype=x.dtype, device="meta") for x in inputs)
        t0 = time.time()
        name, config = _derive_identity(case_id, group, rec["dims"], dtype, impl, over)
        rec["derive_name"] = name
        rep = derive_report(module, metas, mode="reference", name=name, config=config)
        rec["derive_seconds"] = round(time.time() - t0, 1)
        prov = rep.provenance
        order, counts = RH._rules_in_order(prov)
        rec["rules_in_order"] = order
        rec["rule_counts"] = counts
        if not rep.ok:
            u = rep.unsupported
            rec.update(outcome="unsupported", reason=u.reason, node=u.node, module_path=u.module_path, hint=u.hint, refusal_verbatim=str(u),
                       applications_before_refusal=len(prov.get("applications_before_refusal", [])))
            RH._record(rec)
            print("\nHF5B", json.dumps(rec, default=str)[:3000])
            if expect_refusal:  # an open gap: the refusal must be the known one
                reason, needle = expect_refusal
                assert u.reason == reason and (needle in str(u.node) or needle in u.hint), str(u)
            return  # a lawful refusal: reported verbatim, never fixed here
        rec.update(outcome="derived", root=rep.root, digest=rep.digest, flat_digest=rep.flat_digest, gates=rep.gates,
                   input_gates=rep.program.input_gates, nodes=len(rep.flat_definition.body.nodes), family=rep.family["family"] if rep.family else None,
                   structure=RH._structure(rep, module, inputs))
        rot = [a for a in prov["applications"] if a["rule"].startswith("HFRotaryTable")]
        emb = [a for a in prov["applications"] if a["rule"].startswith("Embedding[reference]")]
        rec["rotary_tables"] = [{k: a["preconditions_checked"].get(k) for k in ("T", "D", "dtype", "source_dtype", "source_cast", "fired_at")} for a in rot[:1]]
        rec["embedding_padding_idx"] = sorted({str(a["preconditions_checked"].get("padding_idx")) for a in emb})
        if RH.EVAL:
            rec["evaluation"] = RH.evaluate(rep, module, inputs, dtype)
        RH._record(rec)
        print("\nHF5B", json.dumps(rec, default=str)[:3000])
        assert not expect_refusal, f"{case_id}: an open gap DERIVED — the report must say so (digest {rep.digest[:12]})"
        assert rec["structure"]["one_input_per_distinct_leaf"], rec["structure"]
        if case_id in EXPECT_DIGEST_PREFIX:
>           assert rep.digest.startswith(EXPECT_DIGEST_PREFIX[case_id]), (case_id, rep.digest, EXPECT_DIGEST_PREFIX[case_id])
E           AssertionError: ('llama-sdpa-f32-tie1-greedy', 'b95d27f1f80a56445cdbadcfe3800df0f585dffa4e059e23826364c4ed019db7', '538319a3770a')
E           assert False
E            +  where False = <built-in method startswith of str object at 0x77884a152560>('538319a3770a')
E            +    where <built-in method startswith of str object at 0x77884a152560> = 'b95d27f1f80a56445cdbadcfe3800df0f585dffa4e059e23826364c4ed019db7'.startswith
E            +      where 'b95d27f1f80a56445cdbadcfe3800df0f585dffa4e059e23826364c4ed019db7' = DeriveReport(program=<verity.ir.program.Program object at 0x77884a54db50>, unsupported=None, provenance={'schema': 've...on object at 0x77884a5de390>, correspondence_digest='6ae2cef813f1580f5519afd3f867568532d77ebb5ac95a35e914323ffdf760db').digest

integrations/vllm/tests/program/test_derive_hf5b_realhf.py:199: AssertionError
----------------------------- Captured stdout call -----------------------------

HF5B {"case": "llama-sdpa-f32-tie1-greedy", "group": "reconf", "arch": "llama", "class": "transformers.LlamaForCausalLM", "attn_impl": "sdpa", "dtype": "f32", "tie": true, "what": "greedy", "variant": "DERIVE-3 reconf", "cfg_over": {}, "importer_head": "", "derive_version": "verity_vllm.program.frontend.derive/2026-09-09.d4", "torch": "2.13.0+cu129", "transformers": "5.17.0", "mode": "reference", "dims": {"H": 64, "NL": 2, "NH": 4, "KVH": 2, "V": 128, "I": 128, "MAXPOS": 64, "head_dim": 16}, "LP": 8, "STEPS": 4, "prompt": [47, 68, 25, 118, 67, 83, 23, 103], "probe": 0, "probe_patches": [], "construct_seconds": 0.0, "derive_name": "RealHF[llama-sdpa-f32-tie1-greedy]", "derive_seconds": 2.2, "rules_in_order": ["Embedding[reference]_v2", "StaticIndex_v2", "HFRotaryTable[reference]_v4", "HFRMSNorm[reference]_v1", "Linear[reference]_v2", "HFRoPE[reference]_v1", "Sdpa[reference]_v2", "Elementwise[reference]_v3", "Argmax[reference]_v1", "IntCatNarrow[reference]_v1"], "rule_counts": {"Embedding[reference]_v2": 5, "StaticIndex_v2": 185, "HFRotaryTable[reference]_v4": 5, "HFRMSNorm[reference]_v1": 25, "Linear[reference]_v2": 75, "HFRoPE[reference]_v1": 20, "Sdpa[reference]_v2": 10, "Elementwise[reference]_v3": 40, "Argmax[reference]_v1": 5, "IntCatNarrow[reference]_v1": 1}, "outcome": "derived", "root": "Derived[RealHF[llama-sdpa-f32-tie1-greedy]]_v1{SRC={\"dict\":{\"class\":\"tests.program.test_derive_realhf.Greedy\",\"config_sha256\":\"af1345ba7e730280\",\"inputs\":[[8]],\"mode\":\"reference\",\"profile\":\"\"}}}", "digest": "b95d27f1f80a56445cdbadcfe3800df0f585dffa4e059e23826364c4ed019db7", "flat_digest": "b95d27f1f80a56445cdbadcfe3800df0f585dffa4e059e23826364c4ed019db7", "gates": 4536025, "input_gates": 83864, "nodes": 1411, "family": null, "structure": {"input_gates": 83864, "distinct_param_leaves": 82256, "derived_table_leaves": 1600, "input_leaves": 8, "one_input_per_distinct_leaf": true, "tied_fields": [["model.model.embed_tokens.weight", ["model.lm_head.weight"]]], "derived_tables": [["model.model.rotary_emb.cos_table[0]", [8, 16]], ["model.model.rotary_emb.sin_table[0]", [8, 16]], ["model.model.rotary_emb.cos_table[1]", [9, 16]], ["model.model.rotary_emb.sin_table[1]", [9, 16]], ["model.model.rotary_emb.cos_table[2]", [10, 16]], ["model.model.rotary_emb.sin_table[2]", [10, 16]], ["model.model.rotary_emb.cos_table[3]", [11, 16]], ["model.model.rotary_emb.sin_table[3]", [11, 16]], ["model.model.rotary_emb.cos_table[4]", [12, 16]], ["model.model.rotary_emb.sin_table[4]", [12, 16]]], "root_outputs": 5}, "rotary_tables": [{"T": 8, "D": 16, "dtype": "f32", "source_dtype": "f32", "source_cast": null, "fired_at": "positions cast"}], "embedding_padding_idx": ["None"], "evaluation": {"evaluated": true, "words": 5, "exact_words": 5, "bit_exact": true, "eval_seconds": 101.9, "gates_evaluated": 4536025, "match": true, "match_mode": "exact tokens", "got": [17, 7, 54, 117, 49], "want": [17, 7, 54, 117, 49]}}
------------------------------ Captured log call -------------------------------
DEBUG    torch.__trace:meta_utils.py:276 
DEBUG    torch.__trace:meta_utils.py:514 
DEBUG    torch.__trace:meta_utils.py:2271
__________________ test_hf5b_case[qwen2-sdpa-f32-tie1-greedy] __________________
[gw5] linux -- Python 3.12.14 /workspace/venv312/bin/python

case_id = 'qwen2-sdpa-f32-tie1-greedy', group = 'reconf', arch = 'qwen2'
impl = 'sdpa', dtype = 'f32', what = 'greedy', over = {}, expect_refusal = ()

    @pytest.mark.parametrize("case_id,group,arch,impl,dtype,what,over,expect_refusal", CASES, ids=[c[0] for c in CASES])
    def test_hf5b_case(case_id: str, group: str, arch: str, impl: str, dtype: str, what: str, over: dict, expect_refusal: tuple):
        rec: dict[str, Any] = {"case": case_id, "group": group, "arch": arch, "class": f"transformers.{CLASS[arch]}", "attn_impl": impl, "dtype": dtype,
                               "tie": True, "what": what, "variant": f"{'DERIVE-4' if group in ('heldout4', 'grh14') else 'DERIVE-3'} {group}",
                               "cfg_over": over, "importer_head": RH.GIT_HEAD,
                               "derive_version": DERIVE_VERSION, "torch": torch.__version__, "transformers": transformers.__version__,
                               "mode": "reference", "dims": dict(H=H, NL=NL, NH=NH, KVH=KVH, V=V, I=I, MAXPOS=MAXPOS, head_dim=HEAD_DIM),
                               "LP": RH.LP, "STEPS": RH.STEPS if what == "greedy" else None, "prompt": RH.PROMPT.tolist(), "probe": 0, "probe_patches": []}
        t0 = time.time()
        model = make_model(arch, dtype, impl, True, **over)
        module = RH.Logits(model) if what == "forward" else RH.Greedy(model, RH.STEPS)
        inputs = (RH.PROMPT.clone(),)
        rec["construct_seconds"] = round(time.time() - t0, 1)
        metas = tuple(torch.empty(x.shape, dtype=x.dtype, device="meta") for x in inputs)
        t0 = time.time()
        name, config = _derive_identity(case_id, group, rec["dims"], dtype, impl, over)
        rec["derive_name"] = name
        rep = derive_report(module, metas, mode="reference", name=name, config=config)
        rec["derive_seconds"] = round(time.time() - t0, 1)
        prov = rep.provenance
        order, counts = RH._rules_in_order(prov)
        rec["rules_in_order"] = order
        rec["rule_counts"] = counts
        if not rep.ok:
            u = rep.unsupported
            rec.update(outcome="unsupported", reason=u.reason, node=u.node, module_path=u.module_path, hint=u.hint, refusal_verbatim=str(u),
                       applications_before_refusal=len(prov.get("applications_before_refusal", [])))
            RH._record(rec)
            print("\nHF5B", json.dumps(rec, default=str)[:3000])
            if expect_refusal:  # an open gap: the refusal must be the known one
                reason, needle = expect_refusal
                assert u.reason == reason and (needle in str(u.node) or needle in u.hint), str(u)
            return  # a lawful refusal: reported verbatim, never fixed here
        rec.update(outcome="derived", root=rep.root, digest=rep.digest, flat_digest=rep.flat_digest, gates=rep.gates,
                   input_gates=rep.program.input_gates, nodes=len(rep.flat_definition.body.nodes), family=rep.family["family"] if rep.family else None,
                   structure=RH._structure(rep, module, inputs))
        rot = [a for a in prov["applications"] if a["rule"].startswith("HFRotaryTable")]
        emb = [a for a in prov["applications"] if a["rule"].startswith("Embedding[reference]")]
        rec["rotary_tables"] = [{k: a["preconditions_checked"].get(k) for k in ("T", "D", "dtype", "source_dtype", "source_cast", "fired_at")} for a in rot[:1]]
        rec["embedding_padding_idx"] = sorted({str(a["preconditions_checked"].get("padding_idx")) for a in emb})
        if RH.EVAL:
            rec["evaluation"] = RH.evaluate(rep, module, inputs, dtype)
        RH._record(rec)
        print("\nHF5B", json.dumps(rec, default=str)[:3000])
        assert not expect_refusal, f"{case_id}: an open gap DERIVED — the report must say so (digest {rep.digest[:12]})"
        assert rec["structure"]["one_input_per_distinct_leaf"], rec["structure"]
        if case_id in EXPECT_DIGEST_PREFIX:
>           assert rep.digest.startswith(EXPECT_DIGEST_PREFIX[case_id]), (case_id, rep.digest, EXPECT_DIGEST_PREFIX[case_id])
E           AssertionError: ('qwen2-sdpa-f32-tie1-greedy', '38a35673ceb9347db3e73e29562fca98047ba86bc2126d3b955f41770c52c5ef', 'e9d32625a99b')
E           assert False
E            +  where False = <built-in method startswith of str object at 0x77884bd86100>('e9d32625a99b')
E            +    where <built-in method startswith of str object at 0x77884bd86100> = '38a35673ceb9347db3e73e29562fca98047ba86bc2126d3b955f41770c52c5ef'.startswith
E            +      where '38a35673ceb9347db3e73e29562fca98047ba86bc2126d3b955f41770c52c5ef' = DeriveReport(program=<verity.ir.program.Program object at 0x77884a4fd820>, unsupported=None, provenance={'schema': 've...on object at 0x77884a328980>, correspondence_digest='5318259b714238ce38279204646f566a97e4c750e6a73704691103cd761679bc').digest

integrations/vllm/tests/program/test_derive_hf5b_realhf.py:199: AssertionError
----------------------------- Captured stdout call -----------------------------

HF5B {"case": "qwen2-sdpa-f32-tie1-greedy", "group": "reconf", "arch": "qwen2", "class": "transformers.Qwen2ForCausalLM", "attn_impl": "sdpa", "dtype": "f32", "tie": true, "what": "greedy", "variant": "DERIVE-3 reconf", "cfg_over": {}, "importer_head": "", "derive_version": "verity_vllm.program.frontend.derive/2026-09-09.d4", "torch": "2.13.0+cu129", "transformers": "5.17.0", "mode": "reference", "dims": {"H": 64, "NL": 2, "NH": 4, "KVH": 2, "V": 128, "I": 128, "MAXPOS": 64, "head_dim": 16}, "LP": 8, "STEPS": 4, "prompt": [47, 68, 25, 118, 67, 83, 23, 103], "probe": 0, "probe_patches": [], "construct_seconds": 0.0, "derive_name": "RealHF[qwen2-sdpa-f32-tie1-greedy]", "derive_seconds": 1.8, "rules_in_order": ["Embedding[reference]_v2", "StaticIndex_v2", "HFRotaryTable[reference]_v4", "HFRMSNorm[reference]_v1", "Linear[reference]_v2", "HFRoPE[reference]_v1", "Sdpa[reference]_v2", "Elementwise[reference]_v3", "Argmax[reference]_v1", "IntCatNarrow[reference]_v1"], "rule_counts": {"Embedding[reference]_v2": 5, "StaticIndex_v2": 185, "HFRotaryTable[reference]_v4": 5, "HFRMSNorm[reference]_v1": 25, "Linear[reference]_v2": 75, "HFRoPE[reference]_v1": 20, "Sdpa[reference]_v2": 10, "Elementwise[reference]_v3": 40, "Argmax[reference]_v1": 5, "IntCatNarrow[reference]_v1": 1}, "outcome": "derived", "root": "Derived[RealHF[qwen2-sdpa-f32-tie1-greedy]]_v1{SRC={\"dict\":{\"class\":\"tests.program.test_derive_realhf.Greedy\",\"config_sha256\":\"af1345ba7e730280\",\"inputs\":[[8]],\"mode\":\"reference\",\"profile\":\"\"}}}", "digest": "38a35673ceb9347db3e73e29562fca98047ba86bc2126d3b955f41770c52c5ef", "flat_digest": "38a35673ceb9347db3e73e29562fca98047ba86bc2126d3b955f41770c52c5ef", "gates": 4549081, "input_gates": 84120, "nodes": 1411, "family": null, "structure": {"input_gates": 84120, "distinct_param_leaves": 82512, "derived_table_leaves": 1600, "input_leaves": 8, "one_input_per_distinct_leaf": true, "tied_fields": [["model.model.embed_tokens.weight", ["model.lm_head.weight"]]], "derived_tables": [["model.model.rotary_emb.cos_table[0]", [8, 16]], ["model.model.rotary_emb.sin_table[0]", [8, 16]], ["model.model.rotary_emb.cos_table[1]", [9, 16]], ["model.model.rotary_emb.sin_table[1]", [9, 16]], ["model.model.rotary_emb.cos_table[2]", [10, 16]], ["model.model.rotary_emb.sin_table[2]", [10, 16]], ["model.model.rotary_emb.cos_table[3]", [11, 16]], ["model.model.rotary_emb.sin_table[3]", [11, 16]], ["model.model.rotary_emb.cos_table[4]", [12, 16]], ["model.model.rotary_emb.sin_table[4]", [12, 16]]], "root_outputs": 5}, "rotary_tables": [{"T": 8, "D": 16, "dtype": "f32", "source_dtype": "f32", "source_cast": null, "fired_at": "positions cast"}], "embedding_padding_idx": ["None"], "evaluation": {"evaluated": true, "words": 5, "exact_words": 5, "bit_exact": true, "eval_seconds": 101.5, "gates_evaluated": 4549081, "match": true, "match_mode": "exact tokens", "got": [104, 71, 71, 58, 121], "want": [104, 71, 71, 58, 121]}}
------------------------------ Captured log call -------------------------------
DEBUG    torch.__trace:meta_utils.py:276 
DEBUG    torch.__trace:meta_utils.py:514 
DEBUG    torch.__trace:meta_utils.py:2271
_________ test_hf5b_case[gpt2-sdpa-f32-tie1-greedy-gelu_pytorch_tanh] __________
[gw5] linux -- Python 3.12.14 /workspace/venv312/bin/python

case_id = 'gpt2-sdpa-f32-tie1-greedy-gelu_pytorch_tanh', group = 'reconf'
arch = 'gpt2', impl = 'sdpa', dtype = 'f32', what = 'greedy'
over = {'activation_function': 'gelu_pytorch_tanh'}, expect_refusal = ()

    @pytest.mark.parametrize("case_id,group,arch,impl,dtype,what,over,expect_refusal", CASES, ids=[c[0] for c in CASES])
    def test_hf5b_case(case_id: str, group: str, arch: str, impl: str, dtype: str, what: str, over: dict, expect_refusal: tuple):
        rec: dict[str, Any] = {"case": case_id, "group": group, "arch": arch, "class": f"transformers.{CLASS[arch]}", "attn_impl": impl, "dtype": dtype,
                               "tie": True, "what": what, "variant": f"{'DERIVE-4' if group in ('heldout4', 'grh14') else 'DERIVE-3'} {group}",
                               "cfg_over": over, "importer_head": RH.GIT_HEAD,
                               "derive_version": DERIVE_VERSION, "torch": torch.__version__, "transformers": transformers.__version__,
                               "mode": "reference", "dims": dict(H=H, NL=NL, NH=NH, KVH=KVH, V=V, I=I, MAXPOS=MAXPOS, head_dim=HEAD_DIM),
                               "LP": RH.LP, "STEPS": RH.STEPS if what == "greedy" else None, "prompt": RH.PROMPT.tolist(), "probe": 0, "probe_patches": []}
        t0 = time.time()
        model = make_model(arch, dtype, impl, True, **over)
        module = RH.Logits(model) if what == "forward" else RH.Greedy(model, RH.STEPS)
        inputs = (RH.PROMPT.clone(),)
        rec["construct_seconds"] = round(time.time() - t0, 1)
        metas = tuple(torch.empty(x.shape, dtype=x.dtype, device="meta") for x in inputs)
        t0 = time.time()
        name, config = _derive_identity(case_id, group, rec["dims"], dtype, impl, over)
        rec["derive_name"] = name
        rep = derive_report(module, metas, mode="reference", name=name, config=config)
        rec["derive_seconds"] = round(time.time() - t0, 1)
        prov = rep.provenance
        order, counts = RH._rules_in_order(prov)
        rec["rules_in_order"] = order
        rec["rule_counts"] = counts
        if not rep.ok:
            u = rep.unsupported
            rec.update(outcome="unsupported", reason=u.reason, node=u.node, module_path=u.module_path, hint=u.hint, refusal_verbatim=str(u),
                       applications_before_refusal=len(prov.get("applications_before_refusal", [])))
            RH._record(rec)
            print("\nHF5B", json.dumps(rec, default=str)[:3000])
            if expect_refusal:  # an open gap: the refusal must be the known one
                reason, needle = expect_refusal
                assert u.reason == reason and (needle in str(u.node) or needle in u.hint), str(u)
            return  # a lawful refusal: reported verbatim, never fixed here
        rec.update(outcome="derived", root=rep.root, digest=rep.digest, flat_digest=rep.flat_digest, gates=rep.gates,
                   input_gates=rep.program.input_gates, nodes=len(rep.flat_definition.body.nodes), family=rep.family["family"] if rep.family else None,
                   structure=RH._structure(rep, module, inputs))
        rot = [a for a in prov["applications"] if a["rule"].startswith("HFRotaryTable")]
        emb = [a for a in prov["applications"] if a["rule"].startswith("Embedding[reference]")]
        rec["rotary_tables"] = [{k: a["preconditions_checked"].get(k) for k in ("T", "D", "dtype", "source_dtype", "source_cast", "fired_at")} for a in rot[:1]]
        rec["embedding_padding_idx"] = sorted({str(a["preconditions_checked"].get("padding_idx")) for a in emb})
        if RH.EVAL:
            rec["evaluation"] = RH.evaluate(rep, module, inputs, dtype)
        RH._record(rec)
        print("\nHF5B", json.dumps(rec, default=str)[:3000])
        assert not expect_refusal, f"{case_id}: an open gap DERIVED — the report must say so (digest {rep.digest[:12]})"
        assert rec["structure"]["one_input_per_distinct_leaf"], rec["structure"]
        if case_id in EXPECT_DIGEST_PREFIX:
>           assert rep.digest.startswith(EXPECT_DIGEST_PREFIX[case_id]), (case_id, rep.digest, EXPECT_DIGEST_PREFIX[case_id])
E           AssertionError: ('gpt2-sdpa-f32-tie1-greedy-gelu_pytorch_tanh', 'df10ea4b096188d5a4710586f10d8ea4bd8384ef7484cd5749ad70a7466da503', '03925eb18841')
E           assert False
E            +  where False = <built-in method startswith of str object at 0x77884bd850d0>('03925eb18841')
E            +    where <built-in method startswith of str object at 0x77884bd850d0> = 'df10ea4b096188d5a4710586f10d8ea4bd8384ef7484cd5749ad70a7466da503'.startswith
E            +      where 'df10ea4b096188d5a4710586f10d8ea4bd8384ef7484cd5749ad70a7466da503' = DeriveReport(program=<verity.ir.program.Program object at 0x778827cd2390>, unsupported=None, provenance={'schema': 've...on object at 0x778822f64680>, correspondence_digest='551d0c9f25637ebf247cddd2b5af1f02373af127f931ead4a1a51f2b83e80e12').digest

integrations/vllm/tests/program/test_derive_hf5b_realhf.py:199: AssertionError
----------------------------- Captured stdout call -----------------------------

HF5B {"case": "gpt2-sdpa-f32-tie1-greedy-gelu_pytorch_tanh", "group": "reconf", "arch": "gpt2", "class": "transformers.GPT2LMHeadModel", "attn_impl": "sdpa", "dtype": "f32", "tie": true, "what": "greedy", "variant": "DERIVE-3 reconf", "cfg_over": {"activation_function": "gelu_pytorch_tanh"}, "importer_head": "", "derive_version": "verity_vllm.program.frontend.derive/2026-09-09.d4", "torch": "2.13.0+cu129", "transformers": "5.17.0", "mode": "reference", "dims": {"H": 64, "NL": 2, "NH": 4, "KVH": 2, "V": 128, "I": 128, "MAXPOS": 64, "head_dim": 16}, "LP": 8, "STEPS": 4, "prompt": [47, 68, 25, 118, 67, 83, 23, 103], "probe": 0, "probe_patches": [], "construct_seconds": 0.0, "derive_name": "RealHF[gpt2-sdpa-f32-tie1-greedy-gelu_pytorch_tanh]", "derive_seconds": 16.8, "rules_in_order": ["Embedding[reference]_v2", "StaticIndex_v2", "StaticGather_v1", "Elementwise[reference]_v3", "DropoutEval_v1", "LayerNorm[reference]_v1", "Linear[reference]_v2", "Sdpa[reference]_v2", "Argmax[reference]_v1", "IntCatNarrow[reference]_v1"], "rule_counts": {"Embedding[reference]_v2": 5, "StaticIndex_v2": 180, "StaticGather_v1": 5, "Elementwise[reference]_v3": 35, "DropoutEval_v1": 25, "LayerNorm[reference]_v1": 25, "Linear[reference]_v2": 45, "Sdpa[reference]_v2": 10, "Argmax[reference]_v1": 5, "IntCatNarrow[reference]_v1": 1}, "outcome": "derived", "root": "Derived[RealHF[gpt2-sdpa-f32-tie1-greedy-gelu_pytorch_tanh]]_v1{SRC={\"dict\":{\"class\":\"tests.program.test_derive_realhf.Greedy\",\"config_sha256\":\"af1345ba7e730280\",\"inputs\":[[8]],\"mode\":\"reference\",\"profile\":\"\"}}}", "digest": "df10ea4b096188d5a4710586f10d8ea4bd8384ef7484cd5749ad70a7466da503", "flat_digest": "df10ea4b096188d5a4710586f10d8ea4bd8384ef7484cd5749ad70a7466da503", "gates": 4260029, "input_gates": 79368, "nodes": 906, "family": null, "structure": {"input_gates": 79368, "distinct_param_leaves": 79360, "derived_table_leaves": 0, "input_leaves": 8, "one_input_per_distinct_leaf": true, "tied_fields": [["model.transformer.wte.weight", ["model.lm_head.weight"]]], "derived_tables": [], "root_outputs": 5}, "rotary_tables": [], "embedding_padding_idx": ["None"], "evaluation": {"evaluated": true, "words": 5, "exact_words": 5, "bit_exact": true, "eval_seconds": 102.7, "gates_evaluated": 4260029, "match": true, "match_mode": "exact tokens", "got": [53, 123, 56, 56, 115], "want": [53, 123, 56, 56, 115]}}
----------------------------- Captured stderr call -----------------------------
[transformers] Model config: bos_token_id must be `None` or an integer within the vocabulary (between 0 and 127), got 50256. This may result in unexpected behavior.
[transformers] Model config: eos_token_id must be `None` or an integer within the vocabulary (between 0 and 127), got 50256. This may result in unexpected behavior.
------------------------------ Captured log call -------------------------------
WARNING  transformers.configuration_utils:logging.py:340 Model config: bos_token_id must be `None` or an integer within the vocabulary (between 0 and 127), got 50256. This may result in unexpected behavior.
WARNING  transformers.configuration_utils:logging.py:340 Model config: eos_token_id must be `None` or an integer within the vocabulary (between 0 and 127), got 50256. This may result in unexpected behavior.
DEBUG    torch.__trace:meta_utils.py:276 
DEBUG    torch.__trace:meta_utils.py:514 
DEBUG    torch.__trace:meta_utils.py:2271
_________________ test_realhf_case[mistral-sdpa-bf16-tie0-fwd] _________________
[gw3] linux -- Python 3.12.14 /workspace/venv312/bin/python

case = Case(id='mistral-sdpa-bf16-tie0-fwd', arch='mistral', impl='sdpa', dtype='bf16', tie=False, what='forward', make=<function _fwd.<locals>.mk at 0x7f9f1e408400>, variant='', cfg_over={})

    @pytest.mark.parametrize("case", CASES, ids=[c.id for c in CASES])
    def test_realhf_case(case: Case):
        rec: dict[str, Any] = {"case": case.id, "arch": case.arch, "class": f"transformers.{MODEL_CLASS[case.arch]}", "attn_impl": case.impl,
                               "dtype": case.dtype, "tie": case.tie, "what": case.what, "variant": case.variant, "cfg_over": case.cfg_over,
                               "importer_head": GIT_HEAD, "derive_version": DERIVE_VERSION, "torch": torch.__version__,
                               "transformers": transformers.__version__, "mode": "reference", "dims": dict(H=H, NL=NL, NH=NH, KVH=KVH, V=V, I=I, MAXPOS=MAXPOS),
                               "LP": LP, "STEPS": STEPS if case.what == "greedy" else None, "prompt": PROMPT.tolist(),
                               "probe": PROBE, "probe_patches": PROBE_APPLIED}
        t0 = time.time()
        try:
            module, inputs = case.make()
        except Exception as e:  # noqa: BLE001
            rec.update(outcome="construct-failed", detail=f"{type(e).__name__}: {str(e)[:400]}")
            _record(rec)
            pytest.fail(f"model construction failed: {rec['detail']}")
        rec["construct_seconds"] = round(time.time() - t0, 1)
        metas = tuple(torch.empty(x.shape, dtype=x.dtype, device="meta") for x in inputs)
        t0 = time.time()
        try:
            rep = derive_report(module, metas, mode="reference", name=f"RealHF[{case.id}]", config={**rec["dims"], "dtype": case.dtype, "impl": case.impl, "tie": case.tie})
        except Exception as e:  # noqa: BLE001
            rec.update(outcome="crash", detail=f"{type(e).__name__}: {str(e)[:600]}", derive_seconds=round(time.time() - t0, 1))
            _record(rec)
            print("\nREALHF", json.dumps(rec, default=str)[:1500])
            pytest.fail(f"CRASH-NOT-REFUSAL {case.id}: {rec['detail']}")
        rec["derive_seconds"] = round(time.time() - t0, 1)
        prov = rep.provenance
        order, counts = _rules_in_order(prov)
        rec["rules_in_order"] = order
        rec["rule_counts"] = counts
        rec["vocabulary"] = prov.get("vocabulary", {}).get("pin") or prov.get("vocabulary", {}).get("name")
        if not rep.ok:
            u = rep.unsupported
            rec["outcome"] = "unsupported"
            rec["reason"] = u.reason
            rec["node"] = u.node
            rec["module_path"] = u.module_path
            rec["hint"] = u.hint
            rec["refusal_verbatim"] = str(u)
            rec["export_ok"] = not (u.hint.startswith("torch.export") or u.reason == "export")
            rec["applications_before_refusal"] = len(prov.get("applications_before_refusal", []))
            _record(rec)
            print("\nREALHF", json.dumps(rec, default=str)[:2000])
            return  # a lawful refusal: reported, never fixed here
        rec["outcome"] = "derived"
        rec["export_ok"] = True
        rec["root"] = rep.root
        rec["digest"] = rep.digest
        rec["flat_digest"] = rep.flat_digest
        rec["gates"] = rep.gates
        rec["input_gates"] = rep.program.input_gates
        rec["nodes"] = len(rep.flat_definition.body.nodes)
        rec["family"] = rep.family["family"] if rep.family else None
        rec["structure"] = _structure(rep, module, inputs)
        if EVAL:
            rec["evaluation"] = evaluate(rep, module, inputs, case.dtype)
        _record(rec)
        print("\nREALHF", json.dumps(rec, default=str)[:2500])
        assert rec["structure"]["one_input_per_distinct_leaf"], rec["structure"]
        if EVAL:
            ev = rec["evaluation"]
            assert ev.get("evaluated"), f"{case.id}: derived program could not be evaluated: {ev.get('why')}"
>           assert ev["match"], f"{case.id}: derived program disagrees with torch CPU: {ev}"
E           AssertionError: mistral-sdpa-bf16-tie0-fwd: derived program disagrees with torch CPU: {'evaluated': True, 'words': 1024, 'exact_words': 268, 'bit_exact': False, 'eval_seconds': 20.2, 'gates_evaluated': 1521408, 'max_abs': 0.0625, 'max_rel': 3.2790697674418605, 'want_max_abs': 4.34375, 'tolerance': 'bf16: allclose(rtol=1/64, atol=1/32) [test_derive.py HF bf16 layer, ~2 bf16 ulps]', 'match': False, 'match_mode': 'allclose'}
E           assert False

integrations/vllm/tests/program/test_derive_realhf.py:619: AssertionError
----------------------------- Captured stdout call -----------------------------

REALHF {"case": "mistral-sdpa-bf16-tie0-fwd", "arch": "mistral", "class": "transformers.MistralForCausalLM", "attn_impl": "sdpa", "dtype": "bf16", "tie": false, "what": "forward", "variant": "", "cfg_over": {}, "importer_head": "", "derive_version": "verity_vllm.program.frontend.derive/2026-09-09.d4", "torch": "2.13.0+cu129", "transformers": "5.17.0", "mode": "reference", "dims": {"H": 64, "NL": 2, "NH": 4, "KVH": 2, "V": 128, "I": 128, "MAXPOS": 64}, "LP": 8, "STEPS": null, "prompt": [47, 68, 25, 118, 67, 83, 23, 103], "probe": 0, "probe_patches": [], "construct_seconds": 0.0, "derive_seconds": 0.8, "rules_in_order": ["Embedding[reference]_v2", "StaticIndex_v2", "HFRotaryTable[reference]_v4", "HFRMSNorm[reference]_v1", "Linear[reference]_v2", "HFRoPE[reference]_v1", "Sdpa[reference]_v2", "Elementwise[reference]_v3"], "rule_counts": {"Embedding[reference]_v2": 1, "StaticIndex_v2": 44, "HFRotaryTable[reference]_v4": 1, "HFRMSNorm[reference]_v1": 5, "Linear[reference]_v2": 15, "HFRoPE[reference]_v1": 4, "Sdpa[reference]_v2": 2, "Elementwise[reference]_v3": 8}, "vocabulary": "verity-ref-vocab/1 digest 63c73b5ecfaac756dcbe1ad192f34858d3b66e23ac09b0c2902ca84499dc169a", "outcome": "derived", "export_ok": true, "root": "Derived[RealHF[mistral-sdpa-bf16-tie0-fwd]]_v1{SRC={\"dict\":{\"class\":\"tests.program.test_derive_realhf.Logits\",\"config_sha256\":\"84d5ee936234dd49\",\"inputs\":[[8]],\"mode\":\"reference\",\"profile\":\"\"}}}", "digest": "7172f127a30eef4095c6e8d69a94ba6f683300348786961e4f2f5700b951c622", "flat_digest": "7172f127a30eef4095c6e8d69a94ba6f683300348786961e4f2f5700b951c622", "gates": 1521408, "input_gates": 90712, "nodes": 232, "family": null, "structure": {"input_gates": 90712, "distinct_param_leaves": 90448, "derived_table_leaves": 256, "input_leaves": 8, "one_input_per_distinct_leaf": true, "tied_fields": [], "derived_tables": [["model.model.rotary_emb.cos_table", [8, 16]], ["model.model.rotary_emb.sin_table", [8, 16]]], "root_outputs": 1024}, "evaluation": {"evaluated": true, "words": 1024, "exact_words": 268, "bit_exact": false, "eval_seconds": 20.2, "gates_evaluated": 1521408, "max_abs": 0.0625, "max_rel": 3.2790697674418605, "want_max_abs": 4.34375, "tolerance": "bf16: allclose(rtol=1/64, atol=1/32) [test_derive.py HF bf16 layer, ~2 bf16 ulps]", "match": false, "match_mode": "allclose"}}
------------------------------ Captured log call -------------------------------
DEBUG    torch.__trace:meta_utils.py:276 
DEBUG    torch.__trace:meta_utils.py:514 
DEBUG    torch.__trace:meta_utils.py:2271
__________________ test_hf5b_case[qwen3-sdpa-f32-tie1-greedy] __________________
[gw5] linux -- Python 3.12.14 /workspace/venv312/bin/python

case_id = 'qwen3-sdpa-f32-tie1-greedy', group = 'reconf', arch = 'qwen3'
impl = 'sdpa', dtype = 'f32', what = 'greedy', over = {}, expect_refusal = ()

    @pytest.mark.parametrize("case_id,group,arch,impl,dtype,what,over,expect_refusal", CASES, ids=[c[0] for c in CASES])
    def test_hf5b_case(case_id: str, group: str, arch: str, impl: str, dtype: str, what: str, over: dict, expect_refusal: tuple):
        rec: dict[str, Any] = {"case": case_id, "group": group, "arch": arch, "class": f"transformers.{CLASS[arch]}", "attn_impl": impl, "dtype": dtype,
                               "tie": True, "what": what, "variant": f"{'DERIVE-4' if group in ('heldout4', 'grh14') else 'DERIVE-3'} {group}",
                               "cfg_over": over, "importer_head": RH.GIT_HEAD,
                               "derive_version": DERIVE_VERSION, "torch": torch.__version__, "transformers": transformers.__version__,
                               "mode": "reference", "dims": dict(H=H, NL=NL, NH=NH, KVH=KVH, V=V, I=I, MAXPOS=MAXPOS, head_dim=HEAD_DIM),
                               "LP": RH.LP, "STEPS": RH.STEPS if what == "greedy" else None, "prompt": RH.PROMPT.tolist(), "probe": 0, "probe_patches": []}
        t0 = time.time()
        model = make_model(arch, dtype, impl, True, **over)
        module = RH.Logits(model) if what == "forward" else RH.Greedy(model, RH.STEPS)
        inputs = (RH.PROMPT.clone(),)
        rec["construct_seconds"] = round(time.time() - t0, 1)
        metas = tuple(torch.empty(x.shape, dtype=x.dtype, device="meta") for x in inputs)
        t0 = time.time()
        name, config = _derive_identity(case_id, group, rec["dims"], dtype, impl, over)
        rec["derive_name"] = name
        rep = derive_report(module, metas, mode="reference", name=name, config=config)
        rec["derive_seconds"] = round(time.time() - t0, 1)
        prov = rep.provenance
        order, counts = RH._rules_in_order(prov)
        rec["rules_in_order"] = order
        rec["rule_counts"] = counts
        if not rep.ok:
            u = rep.unsupported
            rec.update(outcome="unsupported", reason=u.reason, node=u.node, module_path=u.module_path, hint=u.hint, refusal_verbatim=str(u),
                       applications_before_refusal=len(prov.get("applications_before_refusal", [])))
            RH._record(rec)
            print("\nHF5B", json.dumps(rec, default=str)[:3000])
            if expect_refusal:  # an open gap: the refusal must be the known one
                reason, needle = expect_refusal
                assert u.reason == reason and (needle in str(u.node) or needle in u.hint), str(u)
            return  # a lawful refusal: reported verbatim, never fixed here
        rec.update(outcome="derived", root=rep.root, digest=rep.digest, flat_digest=rep.flat_digest, gates=rep.gates,
                   input_gates=rep.program.input_gates, nodes=len(rep.flat_definition.body.nodes), family=rep.family["family"] if rep.family else None,
                   structure=RH._structure(rep, module, inputs))
        rot = [a for a in prov["applications"] if a["rule"].startswith("HFRotaryTable")]
        emb = [a for a in prov["applications"] if a["rule"].startswith("Embedding[reference]")]
        rec["rotary_tables"] = [{k: a["preconditions_checked"].get(k) for k in ("T", "D", "dtype", "source_dtype", "source_cast", "fired_at")} for a in rot[:1]]
        rec["embedding_padding_idx"] = sorted({str(a["preconditions_checked"].get("padding_idx")) for a in emb})
        if RH.EVAL:
            rec["evaluation"] = RH.evaluate(rep, module, inputs, dtype)
        RH._record(rec)
        print("\nHF5B", json.dumps(rec, default=str)[:3000])
        assert not expect_refusal, f"{case_id}: an open gap DERIVED — the report must say so (digest {rep.digest[:12]})"
        assert rec["structure"]["one_input_per_distinct_leaf"], rec["structure"]
        if case_id in EXPECT_DIGEST_PREFIX:
>           assert rep.digest.startswith(EXPECT_DIGEST_PREFIX[case_id]), (case_id, rep.digest, EXPECT_DIGEST_PREFIX[case_id])
E           AssertionError: ('qwen3-sdpa-f32-tie1-greedy', '06fc85bb2911c167c12b5973ac7b9b3775557a4cf0b501570283e87da920457e', '46ed593f82a3')
E           assert False
E            +  where False = <built-in method startswith of str object at 0x778823c16950>('46ed593f82a3')
E            +    where <built-in method startswith of str object at 0x778823c16950> = '06fc85bb2911c167c12b5973ac7b9b3775557a4cf0b501570283e87da920457e'.startswith
E            +      where '06fc85bb2911c167c12b5973ac7b9b3775557a4cf0b501570283e87da920457e' = DeriveReport(program=<verity.ir.program.Program object at 0x77884a5df4a0>, unsupported=None, provenance={'schema': 've...on object at 0x77884c468710>, correspondence_digest='d9479edfc2a6d1457ce5888fb55ccfa6ce854f0b82a934c828015d8eb99a4bf6').digest

integrations/vllm/tests/program/test_derive_hf5b_realhf.py:199: AssertionError
----------------------------- Captured stdout call -----------------------------

HF5B {"case": "qwen3-sdpa-f32-tie1-greedy", "group": "reconf", "arch": "qwen3", "class": "transformers.Qwen3ForCausalLM", "attn_impl": "sdpa", "dtype": "f32", "tie": true, "what": "greedy", "variant": "DERIVE-3 reconf", "cfg_over": {}, "importer_head": "", "derive_version": "verity_vllm.program.frontend.derive/2026-09-09.d4", "torch": "2.13.0+cu129", "transformers": "5.17.0", "mode": "reference", "dims": {"H": 64, "NL": 2, "NH": 4, "KVH": 2, "V": 128, "I": 128, "MAXPOS": 64, "head_dim": 16}, "LP": 8, "STEPS": 4, "prompt": [47, 68, 25, 118, 67, 83, 23, 103], "probe": 0, "probe_patches": [], "construct_seconds": 0.0, "derive_name": "HeldOut[qwen3-sdpa-f32-tie1-greedy]", "derive_seconds": 2.3, "rules_in_order": ["Embedding[reference]_v2", "StaticIndex_v2", "HFRotaryTable[reference]_v4", "HFRMSNorm[reference]_v1", "Linear[reference]_v2", "HFRoPE[reference]_v1", "Sdpa[reference]_v2", "Elementwise[reference]_v3", "Argmax[reference]_v1", "IntCatNarrow[reference]_v1"], "rule_counts": {"Embedding[reference]_v2": 5, "StaticIndex_v2": 185, "HFRotaryTable[reference]_v4": 5, "HFRMSNorm[reference]_v1": 45, "Linear[reference]_v2": 75, "HFRoPE[reference]_v1": 20, "Sdpa[reference]_v2": 10, "Elementwise[reference]_v3": 40, "Argmax[reference]_v1": 5, "IntCatNarrow[reference]_v1": 1}, "outcome": "derived", "root": "Derived[HeldOut[qwen3-sdpa-f32-tie1-greedy]]_v1{SRC={\"dict\":{\"class\":\"tests.program.test_derive_realhf.Greedy\",\"config_sha256\":\"aed1bd1080cb25cf\",\"inputs\":[[8]],\"mode\":\"reference\",\"profile\":\"\"}}}", "digest": "06fc85bb2911c167c12b5973ac7b9b3775557a4cf0b501570283e87da920457e", "flat_digest": "06fc85bb2911c167c12b5973ac7b9b3775557a4cf0b501570283e87da920457e", "gates": 4579289, "input_gates": 83928, "nodes": 2011, "family": null, "structure": {"input_gates": 83928, "distinct_param_leaves": 82320, "derived_table_leaves": 1600, "input_leaves": 8, "one_input_per_distinct_leaf": true, "tied_fields": [["model.model.embed_tokens.weight", ["model.lm_head.weight"]]], "derived_tables": [["model.model.rotary_emb.cos_table[0]", [8, 16]], ["model.model.rotary_emb.sin_table[0]", [8, 16]], ["model.model.rotary_emb.cos_table[1]", [9, 16]], ["model.model.rotary_emb.sin_table[1]", [9, 16]], ["model.model.rotary_emb.cos_table[2]", [10, 16]], ["model.model.rotary_emb.sin_table[2]", [10, 16]], ["model.model.rotary_emb.cos_table[3]", [11, 16]], ["model.model.rotary_emb.sin_table[3]", [11, 16]], ["model.model.rotary_emb.cos_table[4]", [12, 16]], ["model.model.rotary_emb.sin_table[4]", [12, 16]]], "root_outputs": 5}, "rotary_tables": [{"T": 8, "D": 16, "dtype": "f32", "source_dtype": "f32", "source_cast": null, "fired_at": "positions cast"}], "embedding_padding_idx": ["None"], "evaluation": {"evaluated": true, "words": 5, "exact_words": 5, "bit_exact": true, "eval_seconds": 106.9, "gates_evaluated": 4579289, "match": true, "match_mode": "exact tokens", "got": [17, 66, 39, 115, 123], "want": [17, 66, 39, 115, 123]}}
------------------------------ Captured log call -------------------------------
DEBUG    torch.__trace:meta_utils.py:276 
DEBUG    torch.__trace:meta_utils.py:514 
DEBUG    torch.__trace:meta_utils.py:2271
=============================== warnings summary ===============================
integrations/vllm/tests/program/test_derive.py:416: 12 warnings
  /workspace/base/integrations/vllm/tests/program/test_derive.py:416: PytestUnknownMarkWarning: Unknown pytest.mark.slow - is this a typo?  You can register custom marks to avoid this warning - for details, see https://docs.pytest.org/en/stable/how-to/mark.html
    @pytest.mark.slow

tests/program/test_torch_frontend.py::test_identity_shapes_reference_sharing
  /workspace/base/integrations/vllm/tests/program/test_torch_frontend.py:55: DeadGateWarning: Top_v1: 1 dead gates (1 computed, 0 inputs; 1 with no path to a protected output); first ids [2]. Dead gates are legal and are not boundary values; pass dead_gates='ignore' to suppress or 'error' to forbid
    P = export(Top, (torch.empty((), dtype=torch.bfloat16, device="meta"),))

tests/pipeline/test_tp_world_n.py: 14 warnings
tests/acquire/test_tp_partial_source_mid_module.py: 14 warnings
tests/acquire/test_tp_partial_source_moe.py: 14 warnings
  /workspace/venv312/lib/python3.12/site-packages/torch/jit/_script.py:365: DeprecationWarning: `torch.jit.script_method` is deprecated. Please switch to `torch.compile` or `torch.export`.
    warnings.warn(

-- Docs: https://docs.pytest.org/en/stable/how-to/capture-warnings.html
=========================== short test summary info ============================
SKIPPED [1] integrations/vllm/tests/commit/test_leafhash_device.py:12: CUDA required for the device leaf hash
SKIPPED [1] integrations/vllm/tests/commit/test_native_collect.py:14: CUDA device required
SKIPPED [1] integrations/vllm/tests/program/test_applicability.py:34: pinned SmolLM2 snapshot not under HF_HOME=/workspace/hf
SKIPPED [156] integrations/vllm/tests/regression/test_regression.py:134: set VERITY_REGRESSION=1 to run the R19 reference regression
SKIPPED [1] integrations/vllm/tests/regression/test_regression.py:182: set VERITY_REGRESSION=1 to run the R19 reference regression
SKIPPED [1] integrations/vllm/tests/program/test_composition.py:59: B1 GEMM fixtures (RTX 4090 eager) not present: /workspace/base/integrations/vllm/fixtures/B1-b3eba618b1b5-20260907T1731Z
SKIPPED [1] integrations/vllm/tests/program/test_composition.py:59: HP's tc-hopper archive not present: /root/veritor-artifacts/hp/tc-hopper/r1/precision.npz
SKIPPED [1] integrations/vllm/tests/program/test_composition.py:59: W11R RMSNorm fixtures not present: /workspace/base/integrations/vllm/fixtures/W11R-40f0cebeb670-20260907T1802Z/natural/index.json
SKIPPED [1] integrations/vllm/tests/program/test_composition.py:59: B0 divergence fixture not present: /workspace/base/integrations/vllm/fixtures/B0-divergence-20260907T1604Z/index.json
SKIPPED [5] integrations/vllm/tests/program/test_composition.py:59: W11 attention fixtures not present: /workspace/base/integrations/vllm/fixtures/W11-40f0cebeb670-20260907T1800Z/natural/index.json
SKIPPED [4] integrations/vllm/tests/program/test_composition.py:59: W11R stress fixtures not present: /workspace/base/integrations/vllm/fixtures/W11R-40f0cebeb670-20260907T1802Z/stress/index.json
SKIPPED [1] integrations/vllm/tests/program/test_composition.py:59: M1 MoE fixtures not present: /workspace/base/integrations/vllm/fixtures/M1-0c9af072e5a9-20260907T2128Z/M1-l3-decode/fixture.json
SKIPPED [1] integrations/vllm/tests/program/test_composition.py:59: M1 MoE fixtures not present: /workspace/base/integrations/vllm/fixtures/M1-0c9af072e5a9-20260907T2128Z/M1-l23-prefill/fixture.json
SKIPPED [1] integrations/vllm/tests/engine/test_gen_dense2.py:446: run artefact not present
SKIPPED [1] integrations/vllm/tests/check/test_sampled_replay.py:1598: real Programs: set VERITY_DENSE_PROGRAM_DIRS / VERITY_MOE_PROGRAM_DIRS (':'-separated Program dirs)
SKIPPED [1] integrations/vllm/tests/engine/test_gen_ov_sampling.py:173: probe artifacts not fetched
SKIPPED [7] integrations/vllm/tests/pipeline/test_admission_telemetry.py:200: R17 fixture not present
SKIPPED [1] integrations/vllm/tests/pipeline/test_admission_telemetry.py:215: R17 fixture not present
SKIPPED [1] integrations/vllm/tests/pipeline/test_admission_telemetry.py:230: R17 fixture not present
SKIPPED [1] integrations/vllm/tests/pipeline/test_admission_telemetry.py:252: sweep workloads not in this checkout
SKIPPED [1] integrations/vllm/tests/program/test_artifact_applicability_independent.py:184: reference manifests not in this checkout (sparse tree without out/gen)
SKIPPED [1] integrations/vllm/tests/program/test_artifact_applicability_independent.py:545: builder not runnable here: SmolLM2-135M @ 93efa2f0 snapshot not under HF_HOME
SKIPPED [1] integrations/vllm/tests/program/test_artifact_applicability_independent.py:562: builder not runnable here: SmolLM2-135M @ 93efa2f0 snapshot not under HF_HOME
SKIPPED [1] integrations/vllm/tests/program/test_artifact_applicability_independent.py:571: builder not runnable here: SmolLM2-135M @ 93efa2f0 snapshot not under HF_HOME
SKIPPED [1] integrations/vllm/tests/program/test_artifact_applicability_independent.py:589: builder not runnable here: SmolLM2-135M @ 93efa2f0 snapshot not under HF_HOME
SKIPPED [1] integrations/vllm/tests/program/test_artifact_applicability_independent.py:611: builder not runnable here: SmolLM2-135M @ 93efa2f0 snapshot not under HF_HOME
SKIPPED [1] integrations/vllm/tests/program/test_artifact_applicability_independent.py:643: builder not runnable here: SmolLM2-135M @ 93efa2f0 snapshot not under HF_HOME
SKIPPED [1] integrations/vllm/tests/program/test_artifact_applicability_independent.py:657: builder not runnable here: SmolLM2-135M @ 93efa2f0 snapshot not under HF_HOME
SKIPPED [1] integrations/vllm/tests/program/test_artifact_applicability_independent.py:678: builder not runnable here: SmolLM2-135M @ 93efa2f0 snapshot not under HF_HOME
SKIPPED [1] integrations/vllm/tests/program/test_artifact_applicability_independent.py:695: builder not runnable here: SmolLM2-135M @ 93efa2f0 snapshot not under HF_HOME
SKIPPED [1] integrations/vllm/tests/program/test_artifact_applicability_independent.py:709: builder not runnable here: SmolLM2-135M @ 93efa2f0 snapshot not under HF_HOME
SKIPPED [1] integrations/vllm/tests/program/test_artifact_applicability_independent.py:865: builder not runnable here: SmolLM2-135M @ 93efa2f0 snapshot not under HF_HOME
SKIPPED [1] integrations/vllm/tests/program/test_artifact_applicability_independent.py:880: builder not runnable here: SmolLM2-135M @ 93efa2f0 snapshot not under HF_HOME
SKIPPED [3] integrations/vllm/tests/program/test_artifact_applicability_independent.py:943: builder not runnable here: SmolLM2-135M @ 93efa2f0 snapshot not under HF_HOME
SKIPPED [1] integrations/vllm/tests/program/test_artifact_applicability_independent.py:966: builder not runnable here: SmolLM2-135M @ 93efa2f0 snapshot not under HF_HOME
SKIPPED [1] integrations/vllm/tests/program/test_artifact_applicability_independent.py:1007: builder not runnable here: SmolLM2-135M @ 93efa2f0 snapshot not under HF_HOME
SKIPPED [1] integrations/vllm/tests/program/test_artifact_applicability_independent.py:1030: builder not runnable here: SmolLM2-135M @ 93efa2f0 snapshot not under HF_HOME
SKIPPED [1] integrations/vllm/tests/program/test_artifact_applicability_independent.py:1045: builder not runnable here: SmolLM2-135M @ 93efa2f0 snapshot not under HF_HOME
SKIPPED [1] integrations/vllm/tests/program/test_artifact_applicability_independent.py:1062: CBTEST_GPU_HOST=1 to run the GPU-visible host-mismatch build
SKIPPED [1] integrations/vllm/tests/program/test_artifact_applicability_independent.py:1148: CBTEST_GPU_HOST=1 to run the GPU-visible host-mismatch build
SKIPPED [1] integrations/vllm/tests/engine/test_gen_ov_moe.py:158: lane ov-moe's recorded topk_softmax cases not in this checkout
SKIPPED [2] integrations/vllm/tests/engine/test_gen_ov_moe.py:355: wave-1 capture /workspace/base/integrations/vllm/out/gen/lanes/moe/runs/olmoe_3x1_1req/capture/log.jsonl.gz not present
SKIPPED [1] integrations/vllm/tests/engine/test_gen_ov_moe.py:355: wave-1 capture /workspace/base/integrations/vllm/out/gen/lanes/moe/runs/olmoe_1x1_1req/capture/log.jsonl.gz not present
SKIPPED [1] integrations/vllm/tests/commit/test_commit_fail_closed.py:132: GPU pod end-to-end only (needs vLLM + a workload)
SKIPPED [1] integrations/vllm/tests/commit/test_commit_fail_closed.py:148: GPU pod end-to-end only (needs vLLM + a workload)
SKIPPED [1] integrations/vllm/tests/commit/test_commit_fail_closed.py:169: GPU pod end-to-end only (needs vLLM + a workload)
SKIPPED [3] integrations/vllm/tests/commit/test_commit_fail_closed.py:224: CUDA needed to build the native collector extension
SKIPPED [1] integrations/vllm/tests/commit/test_commit_fail_closed.py:250: GPU pod end-to-end only (needs vLLM + a workload)
SKIPPED [1] integrations/vllm/tests/pipeline/test_source_identity.py:338: out/gen/r9 is not part of the Verity tree (materialised on the pod by pod_hidden_gpu.sh)
SKIPPED [1] integrations/vllm/tests/program/test_twins.py:235: full-size build: set CAPTURE_BIG=1 (DESIGN §11)
SKIPPED [1] integrations/vllm/tests/commit/test_p0_footprint.py:139: GPU pod end-to-end only (needs vLLM + a workload)
SKIPPED [11] integrations/vllm/tests/commit/test_p0_footprint.py:189: needs a GPU and the JIT-built native_collect extension
SKIPPED [4] integrations/vllm/tests/program/test_norm_chain.py:298: CUDA needed: MeanTriton models the GPU mean_kernel's reduction order
SKIPPED [1] integrations/vllm/tests/program/test_norm_chain.py:358: CUDA needed
SKIPPED [1] integrations/vllm/tests/program/test_derive_transfer.py:520: heavy audit probe; set XFER_HEAVY=1
SKIPPED [1] integrations/vllm/tests/pipeline/test_coverage_workloads.py:53: workload_cov_b0_b1_c1024.json not generated in this checkout
SKIPPED [10] integrations/vllm/tests/program/test_harden_guards.py:61: recorded evidence /workspace/base/packages/verity/src/verity/out/gen/r10/cb-fix/evidence/fix/base not present in this tree
SKIPPED [1] integrations/vllm/tests/program/test_harden_guards.py:255: live constructions need the pod venv (vLLM); set HARDEN_LIVE=1
SKIPPED [1] integrations/vllm/tests/check/test_tp2_xrank_collectives.py:195: flip branch needs a CUDA tensor (exercised on the pod by neg_flip_partial)
SKIPPED [1] integrations/vllm/tests/commit/test_oracle.py:21: opt-in (FA2_COMMIT_ORIGINAL_LOADER=1): the original MufuTables.load peaks at 268.1 MB resident [M], 0.3 MiB under the laptop guardian's 256-MiB kill line; the low-peak loader checks the same digests on every import of oracle.py
SKIPPED [1] integrations/vllm/tests/check/test_stoch_draw_ledger.py:200: evidence dir absent: /workspace/base/integrations/vllm/out/gen/sweep/evidence/stoch/llama32-1b__bf16__l40s__tp1__b8__i1024__o128__mixed__stoch-t0.8-p0.95__bi-eager/r17_1627_b8_int5_3b9e301c9
SKIPPED [1] integrations/vllm/tests/check/test_stoch_draw_ledger.py:200: evidence dir absent: /workspace/base/integrations/vllm/out/gen/sweep/evidence/stoch/qwen25-15b__bf16__l40s__tp1__b8__i1024__o128__mixed__stoch-t0.8-p0.95__bi-eager/r17_1846_b8_int1_88dd07fd3
SKIPPED [2] integrations/vllm/tests/commit/test_native_collect_flush.py:167: CUDA device required
SKIPPED [2] integrations/vllm/tests/commit/test_native_collect_flush.py:201: CUDA device required
SKIPPED [2] integrations/vllm/tests/commit/test_native_collect_flush.py:249: CUDA device required
SKIPPED [1] integrations/vllm/tests/program/test_sampling_rows.py:181: 2^32-word scan (~100 s vectorised): VERITY_EXHAUSTIVE=1
SKIPPED [1] integrations/vllm/tests/acquire/test_compiled_manifest.py:41: row-of-record output code not present
SKIPPED [1] integrations/vllm/tests/acquire/test_compiled_manifest.py:81: row-of-record output code not present
SKIPPED [1] integrations/vllm/tests/acquire/test_compiled_manifest.py:100: row-of-record output code not present
SKIPPED [1] integrations/vllm/tests/acquire/test_compiled_manifest.py:121: row-of-record output code not present
SKIPPED [1] integrations/vllm/tests/acquire/test_compiled_manifest.py:151: row-of-record output code not present
SKIPPED [1] integrations/vllm/tests/acquire/test_compiled_manifest.py:174: row-of-record output code not present
SKIPPED [1] integrations/vllm/tests/acquire/test_compiled_manifest.py:186: row-of-record output code not present
SKIPPED [1] integrations/vllm/tests/acquire/test_compiled_manifest.py:196: row-of-record output code not present
SKIPPED [1] integrations/vllm/tests/acquire/test_compiled_manifest.py:203: row-of-record output code not present
SKIPPED [1] integrations/vllm/tests/pipeline/test_compiled_merge_identity.py:95: fixture record r16_0434_b1_unitB not checked out
SKIPPED [1] integrations/vllm/tests/pipeline/test_compiled_merge_identity.py:113: fixture record r16_0434_b1_unitB not checked out
SKIPPED [1] integrations/vllm/tests/pipeline/test_compiled_merge_identity.py:138: fixture record r16_0434_b1_unitB not checked out
SKIPPED [1] integrations/vllm/tests/pipeline/test_compiled_merge_identity.py:192: fixture record r16_0434_b1_unitB not checked out
SKIPPED [1] integrations/vllm/tests/pipeline/test_compiled_merge_identity.py:209: fixture record r16_0434_b1_unitB not checked out
SKIPPED [1] integrations/vllm/tests/pipeline/test_compiled_merge_identity.py:223: fixture record r16_0434_b1_unitB not checked out
SKIPPED [1] integrations/vllm/tests/pipeline/test_compiled_merge_identity.py:283: fixture record r16_0434_b1_unitB not checked out
SKIPPED [1] integrations/vllm/tests/pipeline/test_compiled_merge_identity.py:304: fixture record r16_0434_b1_unitB not checked out
SKIPPED [1] integrations/vllm/tests/pipeline/test_compiled_merge_identity.py:323: fixture record r16_0434_b1_unitB not checked out
SKIPPED [1] integrations/vllm/tests/pipeline/test_run_config_dry_run.py:173: local m1 capture absent
SKIPPED [1] integrations/vllm/tests/program/test_fa3_launch_context.py:109: workload file not in this checkout
SKIPPED [1] integrations/vllm/tests/program/test_nan_conversion.py:53: got empty parameter set for (path)
SKIPPED [1] integrations/vllm/tests/acquire/test_compiled_source.py:105: CUDA required
SKIPPED [1] integrations/vllm/tests/check/test_root_policy.py:34: M1 capture / fixture not present
SKIPPED [1] integrations/vllm/tests/check/test_root_policy.py:45: M1 capture / fixture not present
SKIPPED [1] integrations/vllm/tests/check/test_root_policy.py:51: M1 capture / fixture not present
SKIPPED [1] integrations/vllm/tests/check/test_root_policy.py:61: M1 capture / fixture not present
SKIPPED [1] integrations/vllm/tests/program/test_rmsnorm_fused.py:99: B0 bundle not present: /workspace/base/integrations/vllm/vllm-poc/bundles/B0-358bb6d66805-ta1eager-commit.tar.xz
SKIPPED [1] integrations/vllm/tests/observe/test_fold_m1.py:57: full-size build: set CAPTURE_BIG=1 (DESIGN §11)
SKIPPED [1] integrations/vllm/tests/observe/test_fold_m1.py:64: full-size build: set CAPTURE_BIG=1 (DESIGN §11)
SKIPPED [1] integrations/vllm/tests/observe/test_fold_m1.py:90: full-size build: set CAPTURE_BIG=1 (DESIGN §11)
SKIPPED [1] integrations/vllm/tests/observe/test_fold_m1.py:99: full-size build: set CAPTURE_BIG=1 (DESIGN §11)
SKIPPED [1] integrations/vllm/tests/program/test_compiled_norm_literal.py:37: literal Triton kernels need CUDA
SKIPPED [1] integrations/vllm/tests/program/test_compiled_norm_literal.py:59: literal Triton kernels need CUDA
SKIPPED [1] integrations/vllm/tests/program/test_pad_prims.py:48: could not import 'veritor.core.pad_serve': No module named 'veritor'
SKIPPED [1] integrations/vllm/tests/program/test_pad_prims.py:74: could not import 'veritor.core.pad_serve': No module named 'veritor'
SKIPPED [1] integrations/vllm/tests/program/test_ship_roots.py:66: this checkout has no record_v5/ship.sh or data/hf_configs
SKIPPED [1] integrations/vllm/tests/check/test_replay_m1.py:74: full-size build: set CAPTURE_BIG=1 (DESIGN §11)
SKIPPED [1] integrations/vllm/tests/check/test_replay_m1.py:110: full-size build: set CAPTURE_BIG=1 (DESIGN §11)
SKIPPED [1] integrations/vllm/tests/check/test_replay_m1.py:150: full-size build: set CAPTURE_BIG=1 (DESIGN §11)
SKIPPED [1] integrations/vllm/tests/commit/test_pinned_pool_exact.py:26: needs CUDA (cudaHostRegister)
SKIPPED [1] integrations/vllm/tests/commit/test_pinned_pool_exact.py:71: needs CUDA (cudaHostRegister)
SKIPPED [1] integrations/vllm/tests/commit/test_pinned_pool_exact.py:112: needs CUDA
XFAIL integrations/vllm/tests/check/test_gen_adversarial.py::test_hole1_wrong_producer_is_invisible_to_provenance - HOLE-1: pattern-declared operand views are not cross-checked against the event's tensor arguments
XFAIL integrations/vllm/tests/check/test_gen_adversarial.py::test_hole1_equal_bytes_wrong_producer_accepted_by_every_checker - HOLE-1 (equal bytes): no byte-based check can react and the identity check does not see the declared view
XFAIL integrations/vllm/tests/check/test_gen_adversarial.py::test_hole2_partial_tiling_with_wrong_remainder_fails - HOLE-2: partial tiling (un-tiled returns are never evaluated) does not fail tier a / G4
XFAIL integrations/vllm/tests/check/test_gen_adversarial.py::test_hole3_unregistered_definition_outside_quarantine_is_a_quarantine_spec - HOLE-3: a Definition outside verity_vllm.program.registry that is not under *.quarantine.* is not a quarantine spec for G4
XFAIL integrations/vllm/tests/check/test_gen_adversarial.py::test_hole4_transparent_claiming_a_compute_kernel_is_flagged - HOLE-4: census.declared_kernels_of_step / reconcile do not distinguish Transparent from Compute claims of a compute kernel
XFAIL integrations/vllm/tests/program/test_heldout_codec_compose.py::test_hopper_descriptor_decodes_in_a_fresh_process_only_if_the_binding_module_is_imported - a fresh process without `verity_vllm.program.registry.hopper` cannot decode the Hopper descriptor: {'bare': (1, "KeyError: 'primitive GatherBf16x64_v1 is not in the registry'"), 'with_b1': (1, "KeyError: 'primitive HopperBF16WgmmaDot16_v1 is not in the registry'"), 'with_hopper': (0, 'gates 37172')}
FAILED integrations/vllm/tests/check/test_gates_fixtures.py::test_card_json_roundtrip_and_schema
FAILED integrations/vllm/tests/program/test_derive.py::test_s3_untied_lm_head_loses_sharing_and_is_refused_by_family
FAILED integrations/vllm/tests/engine/test_gen_ov_sampling.py::test_b1_workloads_load_to_the_intended_sampling
FAILED integrations/vllm/tests/engine/test_gen_ov_sampling.py::test_mixed_batch_per_request_variant
FAILED integrations/vllm/tests/observe/test_patterns_synthetic.py::test_gumbel_two_stage_sampler_is_one_token_select
FAILED integrations/vllm/tests/pipeline/test_source_identity.py::test_precheck_passes_with_matching_veritor_repo_and_sha[repo]
FAILED integrations/vllm/tests/pipeline/test_source_identity.py::test_precheck_passes_with_matching_veritor_repo_and_sha[integration]
FAILED integrations/vllm/tests/pipeline/test_source_identity.py::test_negative_requested_sha_mismatch_fails_by_name
FAILED integrations/vllm/tests/pipeline/test_source_identity.py::test_repo_root_resolution_prefers_export_json_then_git_then_markers
FAILED integrations/vllm/tests/program/test_twins.py::test_check_writes_the_evidence_schema
FAILED integrations/vllm/tests/observe/test_gen_sampling.py::test_load_workload_honours_sampling_block_and_keeps_greedy_default
FAILED integrations/vllm/tests/pipeline/test_release_json.py::test_pod_release_sh_writes_through_the_module_and_checks
FAILED integrations/vllm/tests/pipeline/test_release_json.py::test_pod_release_busy_pattern_names_the_stage_processes_launched_outside_row_pod
FAILED integrations/vllm/tests/engine/test_gen_ov_easy.py::test_serve_untied_is_not_registered_and_binds_from_the_profile_config
FAILED integrations/vllm/tests/engine/test_gen_ov_easy.py::test_serve_untied_differs_from_serve_v4_only_at_the_lm_head_operands
FAILED integrations/vllm/tests/program/test_sampling_rows.py::test_nv_logf_and_nv_log1pf_are_word_equal_to_the_libdevice_transcriptions_on_every_non_nan_word
FAILED integrations/vllm/tests/pipeline/test_admit_r19_host_working_set.py::test_forked_children_inherit_a_frozen_heap_and_the_parent_unfreezes_after_the_pool_joins
FAILED integrations/vllm/tests/pipeline/test_admit_r19_host_working_set.py::test_fork_gc_freeze_opt_out_is_named_on_the_record
FAILED integrations/vllm/tests/commit/test_native_jit_keying.py::test_pod_release_fails_closed_on_a_stale_so_and_records_the_digest
FAILED integrations/vllm/tests/acquire/test_compiled_source.py::test_renumber_assigns_invocations_per_call_site
FAILED integrations/vllm/tests/program/test_ship_roots.py::test_ship_roots_name_out_gen_hf_configs
FAILED integrations/vllm/tests/program/test_ship_roots.py::test_r17_sparse_patterns_re_include_hf_configs
FAILED integrations/vllm/tests/engine/test_cov_difr_b0.py::test_t1_workloads_load_as_seeded_temperature_one_headers
FAILED integrations/vllm/tests/ops/test_row_pod_cancel_forwarding.py::test_sigint_is_forwarded_the_same_way
FAILED integrations/vllm/tests/pipeline/test_research_tools.py::test_closure_covers_every_core_file
FAILED integrations/vllm/tests/program/test_derive_realhf.py::test_realhf_case[llama-sdpa-bf16-tie0-fwd]
FAILED integrations/vllm/tests/program/test_derive_realhf.py::test_realhf_case[qwen2-sdpa-bf16-tie0-fwd]
FAILED integrations/vllm/tests/program/test_derive_hf5b_realhf.py::test_hf5b_case[llama-sdpa-f32-tie1-greedy]
FAILED integrations/vllm/tests/program/test_derive_hf5b_realhf.py::test_hf5b_case[qwen2-sdpa-f32-tie1-greedy]
FAILED integrations/vllm/tests/program/test_derive_hf5b_realhf.py::test_hf5b_case[gpt2-sdpa-f32-tie1-greedy-gelu_pytorch_tanh]
FAILED integrations/vllm/tests/program/test_derive_realhf.py::test_realhf_case[mistral-sdpa-bf16-tie0-fwd]
FAILED integrations/vllm/tests/program/test_derive_hf5b_realhf.py::test_hf5b_case[qwen3-sdpa-f32-tie1-greedy]
32 failed, 3646 passed, 306 skipped, 6 xfailed, 55 warnings in 1474.76s (0:24:34)
exit 1 2026-09-25T11:12:37Z
