OK	34338816	/Users/danielreuter/.research/store/objects/sha256/1e7cad99f1f7ba712cb3ecc309429540307884c7e449f6038c4619353728afbd
OK	68677632	/Users/danielreuter/.research/store/objects/sha256/03d31479b39dd282c63b9b4a9891a7249ae846fac6176551b6a954c17419e62c
OK	6313660	/Users/danielreuter/.research/store/objects/sha256/adbf164427764886f009c4bfa0ec359abad0466bb61ad372a34b8460e6a0236a
OK	17169408	/Users/danielreuter/.research/store/objects/sha256/0baac4875782306e3366c0338ac020f4d810d05eb9d1f44179b145c70fb83707
OK	30517248	/Users/danielreuter/.research/store/objects/sha256/00f6965d6473a5efead8ca40ea47cc6c9f14a57c5e8d5ba74210d7a7752e1472
OK	30517248	/Users/danielreuter/.research/store/objects/sha256/07da125a8417e774f470a7805cbe7c13ac103fa6be9ec7999c97fcf8bc22aa5d
OK	34338816	/Users/danielreuter/.research/store/objects/sha256/1a5221eb28a1755150f92812f378ef8d10f024fc6aa156b51ef3486950ff01e7
OK	1065037	/Users/danielreuter/.research/store/objects/sha256/d1b9af618d1113e911f2a98f894afab0da7202bffb2d5bbdfb040efb8f1c1191
OK	17169408	/Users/danielreuter/.research/store/objects/sha256/1cb5dcdd635761d8e4fbf1e072b5fdd662dffbef27260d624bc2b2c510a7fe66
OK	34338816	/Users/danielreuter/.research/store/objects/sha256/180f70f9309c4d00ed85e6852e0e7775cb42207004378ccec118b539e30c0834
OK	6313660	/Users/danielreuter/.research/store/objects/sha256/23373be5b224a5d60e69e90a007ff6288eb1212699d754438e3de1312d421c44
OK	34338816	/Users/danielreuter/.research/store/objects/sha256/0d915552672e421202ce73bbda7561accec66d06a60dcfdb77233fe05e5e76c4
OK	30519296	/Users/danielreuter/.research/store/objects/sha256/19bcbc5cbc1e5a988fe9aaa1b66b620cb62f89da9cc6b59d8802f9caa4a385d8
OK	24898632	/Users/danielreuter/.research/store/objects/sha256/abb341ebf0b892e9f5f3023a2ed600f6dd4ccc5da431a44bd0f3e05145d6d14b
OK	6313660	/Users/danielreuter/.research/store/objects/sha256/f287482a5cbe6413b4345ab0020713306959d5877a40b27bf312dc4fe46346b9
OK	34338816	/Users/danielreuter/.research/store/objects/sha256/20fda355173923da72d1b8916f162a0da8b1aacdcad947c13fac75a8c9b9e366
OK	6313660	/Users/danielreuter/.research/store/objects/sha256/0bc9c43fb02b65adb392ad781e1a95111e2e80883059b600dd9e491b7c5b493f
OK	30517248	/Users/danielreuter/.research/store/objects/sha256/135d09a89006c07a9c8eb3e24e3b47086ee38a143f2a77fedda45324cc318ee3
OK	34338816	/Users/danielreuter/.research/store/objects/sha256/2488de4f22aa3d4798c918be69e2c86ed828758208d5c8e594b8228e2c2c0f01
OK	30517248	/Users/danielreuter/.research/store/objects/sha256/214dcfef3ff6e9a1c789f431c922b9d98c55584871e6235bd6060c4b88c18478
OK	6313660	/Users/danielreuter/.research/store/objects/sha256/d356e7678cdcca2a83310031a314652809bcf4beecb7de55d68427b8c5dec256
OK	15261696	/Users/danielreuter/.research/store/objects/sha256/1d1ffa13987a43690bda1b95069755d85a055a391ac47bf75ce5d3fb48e4907b
OK	17169408	/Users/danielreuter/.research/store/objects/sha256/178939b43d5f59f7312c19f96b8614e872ebd787d43974a64b9e310603e6b659
OK	30523392	/Users/danielreuter/.research/store/objects/sha256/1fe3dd0bd21facb1d552f3683a8db6d6f36d0a9e31156761fd0663c95b9d844a
OK	1065037	/Users/danielreuter/.research/store/objects/sha256/f3150f81fe86fd90526ec7be216407935c26734b7470aeb5d9e48e453cb8be0d
OK	34338816	/Users/danielreuter/.research/store/objects/sha256/118ce32d8b4d9e5d42fd14323b3d994cbe1a6f6b73fa3044c33ba755ff48535c
OK	1065037	/Users/danielreuter/.research/store/objects/sha256/c105e1af763284dcbf6d005358f32df01870fb577fc3ee168a231bbe860b5d6b
OK	137355264	/Users/danielreuter/.research/store/objects/sha256/0d245e292966fe65a8d90bb96a1cf8cc83b1d362f62cc597fb1b85ead51eee71
OK	34338816	/Users/danielreuter/.research/store/objects/sha256/1f4a0b6172054906b67218b875f7a9b2592a5baaf1832b89a67494054d84d901
OK	17169408	/Users/danielreuter/.research/store/objects/sha256/096fe2195870797b1acbede75e52fd44e66447b2bc599cec9a7dac1571aef5ba
OK	34338816	/Users/danielreuter/.research/store/objects/sha256/1cdb0aea82462346c776680b6a05575656f4f3a905c6a8d398e2d46593450bf1
OK	34338816	/Users/danielreuter/.research/store/objects/sha256/1f64ef444288fcfce257bfcf088fbf923606db00d4e047f78bd93598ed3a6f84
OK	6313660	/Users/danielreuter/.research/store/objects/sha256/a1b038505126db5219f0f163b4abcb84181158a974ed5046ac63c23766db878f
OK	34338816	/Users/danielreuter/.research/store/objects/sha256/17921f3bbbfc1a30e80101784dcbe44448ad63075271d9a858048e2dadbfcafe
OK	24898632	/Users/danielreuter/.research/store/objects/sha256/757cce919badce25866a8da0e4b0996407092c2773665098d2b055b9947f6b74
OK	1065037	/Users/danielreuter/.research/store/objects/sha256/41ed4c6f888007e604ff5523141e2681bf432a84e6cc0749ef588582584efa4c
OK	34338816	/Users/danielreuter/.research/store/objects/sha256/13912b2d21cab721f97d00da0b2f83f8f20ea44bff383d4ab6b3b5bd42c23383
OK	4522219	/Users/danielreuter/.research/store/objects/sha256/dbabe2915cf9203f9b1c078e2185c4ce6ec7092b5b5c440fce408327be50280b
OK	34338816	/Users/danielreuter/.research/store/objects/sha256/04605c9683fe31774ef50e140b9ac412377de7fdc2cd5188c581710cc9b57a8b
OK	15261696	/Users/danielreuter/.research/store/objects/sha256/007c1416272a6cc42d6a48f02874d5c5ad03c1de53acb8711545d1aeb9b4d2c7
OK	17169408	/Users/danielreuter/.research/store/objects/sha256/20fca46ec0aa5faeba257f8bd302fcd7c378e663663548117058308dd51a338d
OK	17169408	/Users/danielreuter/.research/store/objects/sha256/1aec1936a38243a6633c472752c03f5e9a713ff525dce3804f891bb0a7e5f984
OK	17169408	/Users/danielreuter/.research/store/objects/sha256/21d0b4ba638c3a73b45a6a813bc1e6f52eba0cbf7a57727c9f5b22c4c1800879
OK	6313660	/Users/danielreuter/.research/store/objects/sha256/768fb72d2aba1c77686eb3d18318cfd84f7cb03b44a82d190a2ef93080d49204
OK	34338816	/Users/danielreuter/.research/store/objects/sha256/1288d781a9934f2f6e36da7cfb6f9ae4deb81979b2da5c57e800f4b88a87b07a
OK	30523392	/Users/danielreuter/.research/store/objects/sha256/18ec5876d1a81f37a7a749edc5caf2fe0950a5d358c8e23d025993d47ca4ecdc
OK	6313660	/Users/danielreuter/.research/store/objects/sha256/83cfb0850b25e32be434cc6bd3e5b480ca78252ed9a7c827ca831318ed3e3400
OK	34338816	/Users/danielreuter/.research/store/objects/sha256/10ae5c78bc352c91dfc090151fead12d651438990acbca8a2455385b6105a399
OK	34338816	/Users/danielreuter/.research/store/objects/sha256/22ee8bbf68298fc88c84ed0b1fc2a734559cdddaf0256e563b9c96f0808c1bf5
OK	17169408	/Users/danielreuter/.research/store/objects/sha256/18798035e3364c4d26cba721ac2d34c3d26d1ae0a1800c8b6724f1303f29a42c
OK	30523392	/Users/danielreuter/.research/store/objects/sha256/1c907f77d726559659ba12799a1a7497f5e6041337af7488bbccd72ef1a0a740
OK	17169408	/Users/danielreuter/.research/store/objects/sha256/1293742517ba741da2933906c35224ebdf003c395577ce782c70f0437b6d41d1
OK	34338816	/Users/danielreuter/.research/store/objects/sha256/08d9aa6b197a3c0ab11ba7bc453269046c9747dec9f15a4a029db76a82229f51
OK	34338816	/Users/danielreuter/.research/store/objects/sha256/044dda1b5c323f39c0cb0a1c149d557df3b5ba775e9940abbd3ab707b6072173
OK	1065037	/Users/danielreuter/.research/store/objects/sha256/23174b546af23cfc5e69df7195dabc13e5a5c3f0aa17019786a366bb17743249
OK	34338816	/Users/danielreuter/.research/store/objects/sha256/0a083365e3f753aa4670b61e682aed4cdc7dd08721528dd22960e130e4def32c
OK	34338816	/Users/danielreuter/.research/store/objects/sha256/0ce4cbfcfa9890277b9076d73da026a35bbdeb08afaf7edbed5f6fd94ff2d13c
OK	6313660	/Users/danielreuter/.research/store/objects/sha256/01e2c2dff35e3b820b5c5afc3d50becdf199afce62ba04ab40f02cc83770b700
OK	34338816	/Users/danielreuter/.research/store/objects/sha256/07f6008d17426bb0955d10b87507ed0482cfc7dd61bc3f044536cb4d6fb40e54
OK	17169408	/Users/danielreuter/.research/store/objects/sha256/0ae6eeb61a76f9df00ec2ca32ff6724cb1d610cac643a65d35ebd3ffc932c889
OK	17169408	/Users/danielreuter/.research/store/objects/sha256/152106a0d625f118e38e77d4f27d05a3ad017685405831b94ed7684616d86407
OK	17169408	/Users/danielreuter/.research/store/objects/sha256/25090a8ae072e60f0a0653419349aa024f8f2b43e18ecf229d8ca737b9395a96
OK	30517248	/Users/danielreuter/.research/store/objects/sha256/18ed4c2d712fe67dd8e86cbe19efee60e12651e6707df3021e543fa71ecfb9c0
OK	30519296	/Users/danielreuter/.research/store/objects/sha256/0049ad4efbffe684f3959771eaaee8df6ba62486a44217a3fb9f8f30adaec923
OK	15261696	/Users/danielreuter/.research/store/objects/sha256/220f5c47882e119bfcec372883c80cc2d4cbaaebe98432ed4bd2d9114d8f8577
OK	6313660	/Users/danielreuter/.research/store/objects/sha256/81e3507e2ffd896098b27db5c740c6636fbfa970a2e64dc7d5bad34ae4cb3a58
OK	30517248	/Users/danielreuter/.research/store/objects/sha256/1ca2fe5704326582820700c721e70e008b99df1faf89eae1aee1aa89b773fc43
OK	30523392	/Users/danielreuter/.research/store/objects/sha256/181bc0ed48a5a61a5ef040d2039d66c0dbff3107b250db3a4078ff30593cab96
OK	30519296	/Users/danielreuter/.research/store/objects/sha256/1a37d8e35f82320d17fde1073ae076c8617fa8fcfc18c46d12a7922c5359a1cf
OK	6313660	/Users/danielreuter/.research/store/objects/sha256/7b61768a94527cfe632e12b53029fe94256a24505a591d05f7f38762c218d839
OK	30517248	/Users/danielreuter/.research/store/objects/sha256/1433bcc023aeda63a4098aad76b7bd7b3ed524d5f5d54184d8aeeb1d27400f10
OK	17169408	/Users/danielreuter/.research/store/objects/sha256/21647ad340a65a4dfba2e4319003b283d24c8a7a0cae3eedc4a5f9c3dc5fdebf
OK	30519296	/Users/danielreuter/.research/store/objects/sha256/1698ee362806a4744a1ad1c6db34f65f632c0133feebd689524b0f404dc0f6f2
OK	30517248	/Users/danielreuter/.research/store/objects/sha256/170ac76d7e8d19ac4a570b40d1443efcc5addac51d57d6ba9f17cd1a23596860
OK	34338816	/Users/danielreuter/.research/store/objects/sha256/23aaaa69fbb75512d8d8cc846def286246332eb314b2bf009e06999a122a4fe2
OK	34338816	/Users/danielreuter/.research/store/objects/sha256/1087927d0f297f2fcaa90604f403fa0437cff33244874181613cb84491687b14
OK	30517248	/Users/danielreuter/.research/store/objects/sha256/234573f2487df9748020c971b03d823d5c8aed55ee9c5ecdf3864400ac668030
OK	34338816	/Users/danielreuter/.research/store/objects/sha256/1f8bc551dd77c776b9a981b0f69385a652df65da96374bc90924f35ae83bdea1
OK	1065037	/Users/danielreuter/.research/store/objects/sha256/7d73b335b836eb4c790703802a27c01be7ada7c0be7b159f32b2de26a2a18467
OK	17169408	/Users/danielreuter/.research/store/objects/sha256/15a04a54f6bbe4d7d89c5ade2ca15c86780b3201550b10f6af3ad3535820aaa1
OK	6313660	/Users/danielreuter/.research/store/objects/sha256/0db9e97aaac9214c927e3d9a2453341b6179906a9e5b11430e9336fb4cb49bd4
OK	17169408	/Users/danielreuter/.research/store/objects/sha256/11818f7da0bbad92ced39d428a56c70d5613650b2d57f23d32539715911d16e2
OK	137355264	/Users/danielreuter/.research/store/objects/sha256/25cbf93bf9705f3411addf581736402265b325060311e2a546c10a1b78f78289
OK	34338816	/Users/danielreuter/.research/store/objects/sha256/10fdce9e80762f65ffe790cab6471513933fce05396aa02a8ece67deb44fb4cf
OK	34338816	/Users/danielreuter/.research/store/objects/sha256/021772bad1ab8e143cba78eac479f9c07a8c60cad748eab0f7c0f9a4c6b8d552
OK	17169408	/Users/danielreuter/.research/store/objects/sha256/1a719005be9b9ff54f62aa1aeae68bdf140c906001f3fcc3ff5521b2f77d0008
OK	6313660	/Users/danielreuter/.research/store/objects/sha256/0d3d21e27e1fa7d1d938162be5c25c09f12717c872bcf2344666b14b3b18c5f9
OK	17169408	/Users/danielreuter/.research/store/objects/sha256/13acb82e107e818a40827ee7786a06db64c8ec30b114f31549dd79e9e6af1f34
OK	17169408	/Users/danielreuter/.research/store/objects/sha256/1f585625bd7b7fe7b8ba531a674800c5c72b5f0180e6442253ffa52e0507da89
OK	30519296	/Users/danielreuter/.research/store/objects/sha256/1f446c19307a4868a635fc659740e7f9914c5d398c3e7fb19a07133cea6b168f
OK	34338816	/Users/danielreuter/.research/store/objects/sha256/247faa02b8c020167e389864d125cba43ac9395db8ec6ed009c77da31b4ee530
OK	34338816	/Users/danielreuter/.research/store/objects/sha256/1a29b19128803e417a76e01b8af0167638505edd919e1abe2e789fa9bb6442e0
OK	34338816	/Users/danielreuter/.research/store/objects/sha256/23b682c629c4701e7569292defefbb105d62bb9d4ae7a0ac7c31b9e5294ef627
OK	137355264	/Users/danielreuter/.research/store/objects/sha256/019201ede624857fe795b5c8545d5035a7dd6742e6127c4c966fcb17a18e96d9
OK	17169408	/Users/danielreuter/.research/store/objects/sha256/051d4696ad6994b628f159cfaff253e4fcd906f73cc7a8516a31bea9df6d07f4
OK	34338816	/Users/danielreuter/.research/store/objects/sha256/0d73718e147a79a5033a6f8a0aa1458a43d816b8cd8dc4eca6a06d8471d66c64
OK	68677632	/Users/danielreuter/.research/store/objects/sha256/03c56c888b1ca5fb06c37e3ed9863cd7a84a03aa8fbfd64603fbe3712f2b37f3
OK	6313660	/Users/danielreuter/.research/store/objects/sha256/8d45d3c7f945287d5106b875dc1139f81d585e59bc821870d1549e86e40cb3ea
OK	6313660	/Users/danielreuter/.research/store/objects/sha256/321b9257e2e6f6cbc85c065ae939df7685194d5c4f46da7a410a9aaa6207018b
OK	6313660	/Users/danielreuter/.research/store/objects/sha256/f2c02fb265db5cf451980821fa10ec53a4fd70f2ecee24f2bf8dd02e90502933
OK	6313660	/Users/danielreuter/.research/store/objects/sha256/74aad755331e98683964cc0b9b76f7c0a66ca3aedebf64ecb1f43722c9ff33f4
OK	34338816	/Users/danielreuter/.research/store/objects/sha256/0989268a9b2188d8fb4daabc227c6c606fc6954cfd5808bdc579db38db0bb6ae
OK	6313660	/Users/danielreuter/.research/store/objects/sha256/ae2b52ad8a230363029f70d2f473ad2e86deec463fc21fb83eb9e98ab5420733
OK	34338816	/Users/danielreuter/.research/store/objects/sha256/1ea48469b315f4cdb0ba61abf6866ae3857b774f31b6d63668a6a2908b7e1a39
OK	6313660	/Users/danielreuter/.research/store/objects/sha256/c9d4f99e9b906e278ce2335d92797aad2836b4cf432d48aac131bfebf2d9a6ab
OK	34338816	/Users/danielreuter/.research/store/objects/sha256/009a4145dd4bdea5d7f2a9a7e43b2bdf4e7c4d995daed18e33606b5e32641295
OK	17169408	/Users/danielreuter/.research/store/objects/sha256/218a2b1c381581700a2c7bda6dc2872949d4b09264de9f2cc5a20dada0bc5303
OK	34338816	/Users/danielreuter/.research/store/objects/sha256/107fc4b419476f323b4c4f4d18ecee55b4ff4cc54a224d39f547cae712de4524
OK	34338816	/Users/danielreuter/.research/store/objects/sha256/08f734d82351c8c17985b465274aae22b4cddbbb9d1f88d11f1703f46361efff
OK	1065037	/Users/danielreuter/.research/store/objects/sha256/74fd34b7ca38abb87bf0e2b296a3fe314e0a18e1e10750c995edab246b3e5a21
OK	17169408	/Users/danielreuter/.research/store/objects/sha256/1ae57825f549bccee2727628d94ef0ff54eea2cf5e46e68a175e9cc3c727f36f
OK	2957015	/Users/danielreuter/.research/store/objects/sha256/be96f22f50fa48db36fde80e2e47ee36f6b6e90e5f67a37139da106a4d10123e
OK	137355264	/Users/danielreuter/.research/store/objects/sha256/11c184b18d93e150c7104a5b9700da8b13d4d85c3868ff95629f5032c3da623b
OK	1065037	/Users/danielreuter/.research/store/objects/sha256/85c0707ae96a4eabb1fb5d0757556fc0973467148ee6becdd2c738b619f56edf
OK	34338816	/Users/danielreuter/.research/store/objects/sha256/2310fd8d76203ffc83ec0d6c4ab7b922dcb51c987715dee7a6113ba920e1311d
OK	17169408	/Users/danielreuter/.research/store/objects/sha256/12d8c2699cdb9b0cf70c443f1f7ba3335c90a90ab96df467f7d2b664fefa9cef
OK	24898632	/Users/danielreuter/.research/store/objects/sha256/40e46a165a67d3a4824aaaa7df632f23636db9728b79643e2b29679baf360d5d
OK	6313660	/Users/danielreuter/.research/store/objects/sha256/bd24757eb3392c0fec50c3a4ce15f38b54210f52f0b0148f79ca5843a4564556
OK	34338816	/Users/danielreuter/.research/store/objects/sha256/2203b87c97ef217d025b7ef4e2a08b12b160a41a0e83566e0c4d0b3e3b49e354
OK	34338816	/Users/danielreuter/.research/store/objects/sha256/07f7bc517a3cf5789bafba97d1030f2db084b74058b542db415edf3b81803cf9
OK	34338816	/Users/danielreuter/.research/store/objects/sha256/25197e8c89fddcad4ae8e02c3024fe1390782812ed04aa74b42b0e1df6068485
OK	17169408	/Users/danielreuter/.research/store/objects/sha256/0293f9821e2d72f4fdc3a227ebc64f34620f57f340108b681c987c16136e163e
OK	34338816	/Users/danielreuter/.research/store/objects/sha256/1ee9dd555a532bfb251e1ec68dccc0748b9ed4e1506e6f41a2bde20c24154579
OK	34338816	/Users/danielreuter/.research/store/objects/sha256/1c1b02c258d4cd1f5626cf853ab1dab1438ffed80f8af60b76bb2dce813fd4b2
OK	30519296	/Users/danielreuter/.research/store/objects/sha256/0dba201ed447a118e5793bcda5f06c8a0bb749ecfd28715b5e5ffd9f120caf48
OK	6313660	/Users/danielreuter/.research/store/objects/sha256/3e0d4f5c4f2ab955580ba1881c18f948c00af3521367e1b72f2828bf33ed02a9
OK	34338816	/Users/danielreuter/.research/store/objects/sha256/04b14091366dc3d89dbb252d35241f34d80c0976416a1141565cf26a6bb13c35
OK	68677632	/Users/danielreuter/.research/store/objects/sha256/208d211f8251a3cd7c7a6e8b8fb92a10360e121d71e6e81c6c702048bd64e06c
OK	34338816	/Users/danielreuter/.research/store/objects/sha256/1e8fb2f175ea1768dff552375f2d590b98076c6c711a8c424bbcfe03592198d7
OK	1065037	/Users/danielreuter/.research/store/objects/sha256/b3c35f389cfd865b72cc105d2fe341a731667ebca0b2b3a6d70dc167da206703
OK	6313660	/Users/danielreuter/.research/store/objects/sha256/a2837e9396c2ec977ba499e8d6f45010d98292e1e841dd171eb1eead466a03e5
OK	30523392	/Users/danielreuter/.research/store/objects/sha256/256a05d9d59efaacc39a07653947d853b9a060a97c2c5e86ccd1a43376468035
OK	15261696	/Users/danielreuter/.research/store/objects/sha256/1186e653ad835f419a7f5eb46dfac28f0290d5b047793b74ccbf53814b2a1235
OK	34338816	/Users/danielreuter/.research/store/objects/sha256/25b81f8df5dd6a5334cb9ac87b75eb1d91626f9276a8689cadf781420ebb6d33
OK	6313660	/Users/danielreuter/.research/store/objects/sha256/f137f33cce5b0b116610b79f09459465620730c72443db5ca44d75f21bba4f2b
OK	34338816	/Users/danielreuter/.research/store/objects/sha256/25c902ca5d3bcfda9510be4bec1c82350cfbf81ff14d47fbd3b698a2969abde8
OK	34338816	/Users/danielreuter/.research/store/objects/sha256/0ec2e009f6a43e33cbe47101554ce39f0ea8feef8e78bae45cf3269cc76fe466
OK	1065037	/Users/danielreuter/.research/store/objects/sha256/9b1fa7dc46a78e9811f2a5ff0343f97ed21f143aff2ad5e7a11cfaa8bd7ac277
OK	34338816	/Users/danielreuter/.research/store/objects/sha256/1a2d98d914d841525e9bb51304b917b9e750bd82c025a71c279c62c3abd65796
OK	30517248	/Users/danielreuter/.research/store/objects/sha256/01c065cd690b8c5df722e71b34b4f45a0e5f316dce0ba7a53534f28aafdd4de6
OK	34338816	/Users/danielreuter/.research/store/objects/sha256/1d919e43df1c80ec827eff76c8dd6cb92079ea8d9794be542a21ad993af0d013
OK	34338816	/Users/danielreuter/.research/store/objects/sha256/0257910fd44af2fd17e9f2c75372332615dd02eaf439a9b689767951b353e088
OK	6313660	/Users/danielreuter/.research/store/objects/sha256/bd221b41dd526720040db3465e6df6551b5eba7d24be6cd8073db88def9d3733
OK	15261696	/Users/danielreuter/.research/store/objects/sha256/1d3e14ca9510f7e1bd45decbc1c2ae7eade041be55655957c2defc8a9037bedc
OK	34338816	/Users/danielreuter/.research/store/objects/sha256/143159a32d08348b2b834d3391e21fa1b3ad33b6da025d298a55a8118afefb22
OK	34338816	/Users/danielreuter/.research/store/objects/sha256/1aaa08d3ee2ca53c098a7431ced22115fd0e33c8d580732a6e3c4472ec585232
OK	34338816	/Users/danielreuter/.research/store/objects/sha256/0ae0caff3749feb1797ede9ed989d07939dd417ce12c61db791a0fb73a265ef1
OK	30523392	/Users/danielreuter/.research/store/objects/sha256/06dcb52aca4ec28cb17fdd2fe6eda948d9c34d7431a98ea28efc47af3910ae91
OK	34338816	/Users/danielreuter/.research/store/objects/sha256/20a3965314e883b3ae5ef3a5c71f32aaea22f57f36d067f39b1ba1925232ac32
OK	6313660	/Users/danielreuter/.research/store/objects/sha256/8c2d962c2ed25da83a54befe23ab92e4120042544f7358add1e5ffdc64daeffa
OK	17169408	/Users/danielreuter/.research/store/objects/sha256/24785485d70620a545753b3164f2d63eecd3bce4af7001c27253b3a124e91970
OK	6313660	/Users/danielreuter/.research/store/objects/sha256/430408d6b76139dcdaa96ec549c3c3511f502ac6d2bff47498aacac7ead5f739
OK	30517248	/Users/danielreuter/.research/store/objects/sha256/151b159fd34d2726ffe0127384f4325e6778aed3d8647f92a981f3e906a46915
OK	6313660	/Users/danielreuter/.research/store/objects/sha256/38b4937f4eeb6ac16c11c1248f4a289b3c91af36b0374715edc14ce8dcbcece4
OK	6313660	/Users/danielreuter/.research/store/objects/sha256/a5687516789cfeea89e91ab7fca5000841fe5755d8d0435464df5f7f159cc663
OK	6313660	/Users/danielreuter/.research/store/objects/sha256/6f69affe2be7df48b5bdcc37aefd24e07fc099aa92555a713f3b642ef331a29e
OK	15261696	/Users/danielreuter/.research/store/objects/sha256/08f376ca076550180d7e3b950f174797bbec36ffc9cd8cc1ea8369cb01671c8f
OK	6313660	/Users/danielreuter/.research/store/objects/sha256/f75c212ca2e185787fb71482758abbb9e342ae444e9dec625241bca79a608f28
OK	1065037	/Users/danielreuter/.research/store/objects/sha256/e20f499d2d81234d1c5c76f3c23effdb486cf741c4c93b896aa9dcb5cbf053db
OK	17169408	/Users/danielreuter/.research/store/objects/sha256/12ced5ab6c8259b3b538489f70e15eac16596691401d32d02b01b44db3820b8c
OK	34338816	/Users/danielreuter/.research/store/objects/sha256/08f99304a7bd990305d298e2a1db1da251f5187939d353e33a24575a9b11c9bc
OK	6313660	/Users/danielreuter/.research/store/objects/sha256/f0dc1120b40edb3850ca49b77ac656ec840e847b459b4ccee68401dc0f60f7ee
OK	34338816	/Users/danielreuter/.research/store/objects/sha256/0c9ccbfdb07c9fbc1e091442cf3537462aebc56daebdd9eb07090176adf6adb0
OK	34338816	/Users/danielreuter/.research/store/objects/sha256/06bf368695c501cbde2e3511d76811111b34a8bc8cdc7d0da4f67f07ba5ec6ce
OK	1065037	/Users/danielreuter/.research/store/objects/sha256/3b277c44f8d3da2fe07e6375f21d0b56166929058d8e298ba5a3b765fe024d58
OK	34338816	/Users/danielreuter/.research/store/objects/sha256/15e2ec4c686c8db9393b36e7da2627f236ccfe59f2939d65ec8338a6b51be0a3
OK	34338816	/Users/danielreuter/.research/store/objects/sha256/2495b20d06c25deffe51387e9e9cae4870bd57f4e6121d1a2059d64afbfc6790
OK	1065037	/Users/danielreuter/.research/store/objects/sha256/b46b1f905e10349cc718139c7f65a527affbd66405d225ade68675185c3a7a8c
OK	17169408	/Users/danielreuter/.research/store/objects/sha256/173d38607f79f1300268b1b0623f7e258a6ed1e9ae3a76420661278b3178d1f5
OK	68677632	/Users/danielreuter/.research/store/objects/sha256/160245a9b6a5f63c7482671dfafdc5920a7caed2b6d4820ec1ba2f179efab7b3
OK	6313660	/Users/danielreuter/.research/store/objects/sha256/f23571afd0ca8ae59948aca4a1d29825b1848b47f4a6cebe480a9e915285f619
OK	17169408	/Users/danielreuter/.research/store/objects/sha256/176467ab0521ccf8b21c7d6e8de623ee1168edbd8c3ceac10344cdf72ae5781a
OK	6313660	/Users/danielreuter/.research/store/objects/sha256/1463586c36e1545cca1ef3d8e28c56d22201b02c45859b0aae81661bc2733575
OK	34338816	/Users/danielreuter/.research/store/objects/sha256/00e2267c29eb81974665a30f6802f72616b7070f5a0d6d1fdf0b4b33a95d1547
OK	15261696	/Users/danielreuter/.research/store/objects/sha256/11eeacec87250847171628c17f35392ea18d38e83d964da748e5821cea29deb7
OK	137355264	/Users/danielreuter/.research/store/objects/sha256/22d0f1edd84531ca2a7c6222a58fe5cb89391b04588d5306c6bdee78e3912887
OK	68677632	/Users/danielreuter/.research/store/objects/sha256/1a86d2e6e8a86ee1b6570b9f2d849ea0bf10400fddfd78a16a6418fecd1d872e
OK	17169408	/Users/danielreuter/.research/store/objects/sha256/1dd650ff32cfe85be7e176669e9d1b2d0939247840d76a7893efde243f9eb212
OK	34338816	/Users/danielreuter/.research/store/objects/sha256/0d00bd45247bfbc6f54767d77d4c417abaf11f1f56cd806f6cdb2945f8bc7da3
OK	6313660	/Users/danielreuter/.research/store/objects/sha256/b0dcd2c2a0bc46a87a1b620c81ec1b1a1b5942e47554d1ef806ac7c55d0f4ff9
OK	137355264	/Users/danielreuter/.research/store/objects/sha256/1b9d9c82e315f687bd2a5b0c495ab639358c6887984c281c039248ac2cfaf2b7
OK	6313660	/Users/danielreuter/.research/store/objects/sha256/10bc2680c903934f9aae544a4b38dc1c5adbcf20f15af42be4816970a36066a4
OK	34338816	/Users/danielreuter/.research/store/objects/sha256/1af8ae9d681cc379c7dd03663b5f53e733d846eafd15779c89e49646e8638c5d
OK	6313660	/Users/danielreuter/.research/store/objects/sha256/03c60d2858f3896b6c4f0fc58506fdb00eff42a18672760fd7ce280b2cc08235
OK	34338816	/Users/danielreuter/.research/store/objects/sha256/23b4a5d48670ab5101e11097b9a63d84bab264e3fc55f425d4d7e07c530c5d21
OK	34338816	/Users/danielreuter/.research/store/objects/sha256/100e01403e4aadcb341da0d15177cf38ae00440f42d29915e9dbacc685bda50c
OK	30517248	/Users/danielreuter/.research/store/objects/sha256/0b197f2a99510849eeaff168cd6d7f3205689401853cdbb8768f1df6c7aad843
OK	17169408	/Users/danielreuter/.research/store/objects/sha256/20967690e6217867dd68a1754b5ce572e9164678da50aa0857439b3693baaf16
OK	6313660	/Users/danielreuter/.research/store/objects/sha256/7b77a5057122e9ac681b92e6138e1a79a13173a7af79159ea29d0a5435676e74
OK	34338816	/Users/danielreuter/.research/store/objects/sha256/01eb4ef8f528a45bee3120abe85a5cab90886421fe64f37f360d46f93bacba8b
OK	34338816	/Users/danielreuter/.research/store/objects/sha256/0d568156b273d30c919fa7e008c034edb15274aaba863098fc3a4cf76c4a8129
OK	6313660	/Users/danielreuter/.research/store/objects/sha256/f6d5db4dd2d54ebe3cbf70402f0b5e9d756fcb3ff6cf58054acd99f8c022898a
OK	17169408	/Users/danielreuter/.research/store/objects/sha256/17c69f7556b5795a959548e20523d6f1147adaadc4d0a0df829af15dd8faad21
OK	6313660	/Users/danielreuter/.research/store/objects/sha256/56a0ba973f8e613b49ee192465aafcabf7f999766fbe6ad2bbfae91cfadb04ae
OK	34338816	/Users/danielreuter/.research/store/objects/sha256/1fdcc4b34abde577e5692fc7d673eaa621bd6a2087b2285d7a50eb0e3bfda15c
OK	17169408	/Users/danielreuter/.research/store/objects/sha256/20b92fe674990a810686d8670c5d027e4385393ca5ac3f83c554dc0a21671f79
OK	25583459	/Users/danielreuter/.research/runs/r20260922-000944-d633/resources.jsonl
OK	2266226	/Users/danielreuter/.research/runs/r20260923-111514-e230/resources.jsonl
OK	2102520	/Users/danielreuter/.research/runs/r20260922-063811-e561/resources.jsonl
OK	1347690	/Users/danielreuter/.research/runs/r20260923-222856-552a/resources.jsonl
OK	5247704	/Users/danielreuter/.research/runs/r20260923-222856-552a/ligero-verify
OK	3347340	/Users/danielreuter/.research/runs/r20260922-074449-a913/resources.jsonl
MISSING	15335440	/Users/danielreuter/.research/runs/r20260922-014821-560c/inputs/honest.bin
OK	1334972	/Users/danielreuter/.research/runs/r20260923-094820-3dcf/resources.jsonl
OK	6397262	/Users/danielreuter/.research/runs/r20260922-231751-2442/resources.jsonl
OK	1635786	/Users/danielreuter/.research/runs/r20260922-092841-94ac/resources.jsonl
OK	1777087	/Users/danielreuter/.research/runs/r20260922-082858-10f4/resources.jsonl
MISSING	2382717	/Users/danielreuter/.research/runs/r20260922-070527-a263/transcript_vu4.json
MISSING	3685380	/Users/danielreuter/.research/runs/r20260922-070527-a263/transcript_vu64.json
OK	13570130	/Users/danielreuter/.research/runs/r20260922-111343-3ed9/resources.jsonl
OK	107610760	/Users/danielreuter/.research/runs/r20260921-231618-ea24/tiles_randn_zero_acc.npz
OK	4950243	/Users/danielreuter/.research/runs/r20260921-231618-ea24/tiles_zero_acc_tiny_cancellation.npz
OK	17422473	/Users/danielreuter/.research/runs/r20260921-231618-ea24/tiles_cancellation.npz
OK	40091449	/Users/danielreuter/.research/runs/r20260921-231618-ea24/tiles_randn_random_acc.npz
OK	17332189	/Users/danielreuter/.research/runs/r20260921-231618-ea24/tiles_mixed_magnitude.npz
OK	18986058	/Users/danielreuter/.research/runs/r20260921-231618-ea24/tiles_subnormal.npz
OK	2190019	/Users/danielreuter/.research/runs/r20260921-231618-ea24/resources.jsonl
OK	7174974	/Users/danielreuter/.research/runs/r20260921-231618-ea24/tiles_near_overflow.npz
OK	34673725	/Users/danielreuter/.research/runs/r20260921-231618-ea24/tiles_uniform_bits.npz
OK	2921414	/Users/danielreuter/.research/runs/r20260922-113632-baa3/resources.jsonl
MISSING	11066346	/Users/danielreuter/.research/runs/r20260923-140535-9b5f/resources.jsonl
OK	1607900	/Users/danielreuter/.research/runs/r20260922-092920-ff09/resources.jsonl
OK	20795958	/Users/danielreuter/.research/runs/r20260922-053613-d110/resources.jsonl
MISSING	2247045	/Users/danielreuter/.research/runs/r20260922-053613-d110/vu4096/relation.txt
MISSING	1234468	/Users/danielreuter/.research/runs/r20260922-053613-d110/dmc_vu-B4096/rep0/verifier.log
OK	2431354	/Users/danielreuter/.research/runs/r20260923-224543-40e2/resources.jsonl
OK	5247704	/Users/danielreuter/.research/runs/r20260923-224543-40e2/ligero-verify
OK	5935052	/Users/danielreuter/.research/runs/r20260923-224543-40e2/bench/ajtai/proofs/rep1/sub_11.proof
OK	5935052	/Users/danielreuter/.research/runs/r20260923-224543-40e2/bench/ajtai/proofs/rep1/sub_08.proof
OK	5935052	/Users/danielreuter/.research/runs/r20260923-224543-40e2/bench/ajtai/proofs/rep1/sub_12.proof
OK	5935052	/Users/danielreuter/.research/runs/r20260923-224543-40e2/bench/ajtai/proofs/rep1/sub_10.proof
OK	5935052	/Users/danielreuter/.research/runs/r20260923-224543-40e2/bench/ajtai/proofs/rep1/sub_09.proof
OK	5935052	/Users/danielreuter/.research/runs/r20260923-224543-40e2/bench/ajtai/proofs/rep1/sub_03.proof
OK	5935052	/Users/danielreuter/.research/runs/r20260923-224543-40e2/bench/ajtai/proofs/rep1/sub_01.proof
OK	5935052	/Users/danielreuter/.research/runs/r20260923-224543-40e2/bench/ajtai/proofs/rep1/sub_05.proof
OK	5935052	/Users/danielreuter/.research/runs/r20260923-224543-40e2/bench/ajtai/proofs/rep1/sub_07.proof
OK	5935052	/Users/danielreuter/.research/runs/r20260923-224543-40e2/bench/ajtai/proofs/rep1/sub_00.proof
OK	5935052	/Users/danielreuter/.research/runs/r20260923-224543-40e2/bench/ajtai/proofs/rep1/sub_02.proof
OK	5935052	/Users/danielreuter/.research/runs/r20260923-224543-40e2/bench/ajtai/proofs/rep1/sub_06.proof
OK	5935052	/Users/danielreuter/.research/runs/r20260923-224543-40e2/bench/ajtai/proofs/rep1/sub_04.proof
OK	5806212	/Users/danielreuter/.research/runs/r20260923-224543-40e2/bench/hajtai/proofs/rep1/sub_11.proof
OK	5806212	/Users/danielreuter/.research/runs/r20260923-224543-40e2/bench/hajtai/proofs/rep1/sub_08.proof
OK	5806212	/Users/danielreuter/.research/runs/r20260923-224543-40e2/bench/hajtai/proofs/rep1/sub_13.proof
OK	5806212	/Users/danielreuter/.research/runs/r20260923-224543-40e2/bench/hajtai/proofs/rep1/sub_17.proof
OK	5806212	/Users/danielreuter/.research/runs/r20260923-224543-40e2/bench/hajtai/proofs/rep1/sub_15.proof
OK	5806212	/Users/danielreuter/.research/runs/r20260923-224543-40e2/bench/hajtai/proofs/rep1/sub_12.proof
OK	5806212	/Users/danielreuter/.research/runs/r20260923-224543-40e2/bench/hajtai/proofs/rep1/sub_10.proof
OK	5806212	/Users/danielreuter/.research/runs/r20260923-224543-40e2/bench/hajtai/proofs/rep1/sub_09.proof
OK	5806212	/Users/danielreuter/.research/runs/r20260923-224543-40e2/bench/hajtai/proofs/rep1/sub_14.proof
OK	5806212	/Users/danielreuter/.research/runs/r20260923-224543-40e2/bench/hajtai/proofs/rep1/sub_16.proof
OK	5806212	/Users/danielreuter/.research/runs/r20260923-224543-40e2/bench/hajtai/proofs/rep1/sub_03.proof
OK	5806212	/Users/danielreuter/.research/runs/r20260923-224543-40e2/bench/hajtai/proofs/rep1/sub_18.proof
OK	5806212	/Users/danielreuter/.research/runs/r20260923-224543-40e2/bench/hajtai/proofs/rep1/sub_01.proof
OK	5806212	/Users/danielreuter/.research/runs/r20260923-224543-40e2/bench/hajtai/proofs/rep1/sub_05.proof
OK	5806212	/Users/danielreuter/.research/runs/r20260923-224543-40e2/bench/hajtai/proofs/rep1/sub_21.proof
OK	5806212	/Users/danielreuter/.research/runs/r20260923-224543-40e2/bench/hajtai/proofs/rep1/sub_23.proof
OK	5806212	/Users/danielreuter/.research/runs/r20260923-224543-40e2/bench/hajtai/proofs/rep1/sub_07.proof
OK	5806212	/Users/danielreuter/.research/runs/r20260923-224543-40e2/bench/hajtai/proofs/rep1/sub_19.proof
OK	5806212	/Users/danielreuter/.research/runs/r20260923-224543-40e2/bench/hajtai/proofs/rep1/sub_24.proof
OK	5806212	/Users/danielreuter/.research/runs/r20260923-224543-40e2/bench/hajtai/proofs/rep1/sub_00.proof
OK	5806212	/Users/danielreuter/.research/runs/r20260923-224543-40e2/bench/hajtai/proofs/rep1/sub_02.proof
OK	5806212	/Users/danielreuter/.research/runs/r20260923-224543-40e2/bench/hajtai/proofs/rep1/sub_22.proof
OK	5806212	/Users/danielreuter/.research/runs/r20260923-224543-40e2/bench/hajtai/proofs/rep1/sub_06.proof
OK	5806212	/Users/danielreuter/.research/runs/r20260923-224543-40e2/bench/hajtai/proofs/rep1/sub_04.proof
OK	5806212	/Users/danielreuter/.research/runs/r20260923-224543-40e2/bench/hajtai/proofs/rep1/sub_20.proof
MISSING	1093743	/Users/danielreuter/.research/runs/r20260922-222501-6487/resources.jsonl
MISSING	4673980	/Users/danielreuter/.research/runs/r20260922-100739-bc57/proof_pos4096--vus512_kernel.bin
MISSING	4673980	/Users/danielreuter/.research/runs/r20260922-100739-bc57/proof_pos4096--vus512_torch.bin
OK	2291765	/Users/danielreuter/.research/runs/r20260922-100739-bc57/resources.jsonl
OK	2226273	/Users/danielreuter/.research/runs/r20260922-061644-5d62/resources.jsonl
MISSING	1699777	/Users/danielreuter/.research/runs/r20260922-061644-5d62/vu64_f128p/relation.txt
MISSING	27847983	/Users/danielreuter/.research/runs/r20260922-061644-5d62/vu8_f384p/witness.txt
MISSING	2375955	/Users/danielreuter/.research/runs/r20260922-061644-5d62/vu8_f384p/relation.txt
MISSING	1527345	/Users/danielreuter/.research/runs/r20260922-061644-5d62/vu64/relation.txt
OK	7059146	/Users/danielreuter/.research/runs/r20260923-185031-aee0/fixtures.tgz
OK	4247338	/Users/danielreuter/.research/runs/r20260923-185031-aee0/resources.jsonl
OK	3701620	/Users/danielreuter/.research/runs/r20260923-185031-aee0/fixtures/bf16-hopper-ajtai-n128/sub_00.proof
OK	3844504	/Users/danielreuter/.research/runs/r20260923-185031-aee0/fixtures/fp8-ada-ajtai-n64/sub_00.proof
MISSING	8213334	/Users/danielreuter/.research/runs/r20260923-064454-c78c/resources.jsonl
OK	13119747	/Users/danielreuter/.research/runs/r20260922-091001-68f7/resources.jsonl
MISSING	4075839	/Users/danielreuter/.research/runs/r20260922-182011-88f8/inputs/probe3_1783788526.json
OK	1077632	/Users/danielreuter/.research/runs/r20260922-072119-4eba/resources.jsonl
MISSING	2704839	/Users/danielreuter/.research/runs/r20260922-212922-8ff6/resources.jsonl
OK	1126189	/Users/danielreuter/.research/runs/r20260922-065546-a242/resources.jsonl
OK	1430542	/Users/danielreuter/.research/runs/r20260923-094059-6908/resources.jsonl
MISSING	33871324	/Users/danielreuter/.research/runs/r20260922-090318-2864/proof4096.bin
OK	1451921	/Users/danielreuter/.research/runs/r20260922-112813-b2fe/resources.jsonl
OK	9872516	/Users/danielreuter/.research/runs/r20260922-094956-5453/resources.jsonl
MISSING	149647360	/Users/danielreuter/.research/runs/r20260922-102215-ad56/inputs/set_zk.tar
OK	7190602	/Users/danielreuter/.research/runs/r20260923-091730-a445/resources.jsonl
OK	1065316	/Users/danielreuter/.research/runs/r20260922-074606-be7b/resources.jsonl
OK	1740163	/Users/danielreuter/.research/runs/r20260922-100145-374a/resources.jsonl
OK	1179603	/Users/danielreuter/.research/runs/r20260922-111531-e2d3/resources.jsonl
OK	3930888	/Users/danielreuter/.research/runs/r20260922-075147-91a5/resources.jsonl
MISSING	1870804	/Users/danielreuter/.research/runs/r20260922-103210-9cba/proof_pos64.bin
MISSING	1533172	/Users/danielreuter/.research/runs/r20260922-103210-9cba/proof_synth2.bin
OK	2420988	/Users/danielreuter/.research/runs/r20260922-103210-9cba/resources.jsonl
MISSING	1533172	/Users/danielreuter/.research/runs/r20260922-103210-9cba/proof_synth2_torch.bin
MISSING	1533172	/Users/danielreuter/.research/runs/r20260922-103210-9cba/negproofs_chain/saturated_intermediate.bin
MISSING	1533172	/Users/danielreuter/.research/runs/r20260922-103210-9cba/negproofs_chain/broken_chain.bin
MISSING	1533172	/Users/danielreuter/.research/runs/r20260922-103210-9cba/negproofs_chain/false_overflow_flag.bin
MISSING	1533172	/Users/danielreuter/.research/runs/r20260922-103210-9cba/negproofs_chain/public_wrong_word.bin
MISSING	1547956	/Users/danielreuter/.research/runs/r20260922-103210-9cba/negproofs_52/15.bin
MISSING	1547956	/Users/danielreuter/.research/runs/r20260922-103210-9cba/negproofs_52/29.bin
MISSING	1547956	/Users/danielreuter/.research/runs/r20260922-103210-9cba/negproofs_52/28.bin
MISSING	1547956	/Users/danielreuter/.research/runs/r20260922-103210-9cba/negproofs_52/14.bin
MISSING	1547956	/Users/danielreuter/.research/runs/r20260922-103210-9cba/negproofs_52/16.bin
MISSING	1547956	/Users/danielreuter/.research/runs/r20260922-103210-9cba/negproofs_52/17.bin
MISSING	1547956	/Users/danielreuter/.research/runs/r20260922-103210-9cba/negproofs_52/13.bin
MISSING	1547956	/Users/danielreuter/.research/runs/r20260922-103210-9cba/negproofs_52/12.bin
MISSING	1547956	/Users/danielreuter/.research/runs/r20260922-103210-9cba/negproofs_52/38.bin
MISSING	1547956	/Users/danielreuter/.research/runs/r20260922-103210-9cba/negproofs_52/10.bin
MISSING	1547956	/Users/danielreuter/.research/runs/r20260922-103210-9cba/negproofs_52/11.bin
MISSING	1547956	/Users/danielreuter/.research/runs/r20260922-103210-9cba/negproofs_52/39.bin
MISSING	1547956	/Users/danielreuter/.research/runs/r20260922-103210-9cba/negproofs_52/9.bin
MISSING	1547956	/Users/danielreuter/.research/runs/r20260922-103210-9cba/negproofs_52/8.bin
MISSING	1547956	/Users/danielreuter/.research/runs/r20260922-103210-9cba/negproofs_52/5.bin
MISSING	1547956	/Users/danielreuter/.research/runs/r20260922-103210-9cba/negproofs_52/43.bin
MISSING	1547956	/Users/danielreuter/.research/runs/r20260922-103210-9cba/negproofs_52/42.bin
MISSING	1547956	/Users/danielreuter/.research/runs/r20260922-103210-9cba/negproofs_52/4.bin
MISSING	1547956	/Users/danielreuter/.research/runs/r20260922-103210-9cba/negproofs_52/40.bin
MISSING	1547956	/Users/danielreuter/.research/runs/r20260922-103210-9cba/negproofs_52/6.bin
MISSING	1547956	/Users/danielreuter/.research/runs/r20260922-103210-9cba/negproofs_52/7.bin
MISSING	1547956	/Users/danielreuter/.research/runs/r20260922-103210-9cba/negproofs_52/41.bin
MISSING	1547956	/Users/danielreuter/.research/runs/r20260922-103210-9cba/negproofs_52/3.bin
MISSING	1547956	/Users/danielreuter/.research/runs/r20260922-103210-9cba/negproofs_52/2.bin
MISSING	1547956	/Users/danielreuter/.research/runs/r20260922-103210-9cba/negproofs_52/0.bin
MISSING	1547956	/Users/danielreuter/.research/runs/r20260922-103210-9cba/negproofs_52/1.bin
MISSING	1547956	/Users/danielreuter/.research/runs/r20260922-103210-9cba/negproofs_52/34.bin
MISSING	1547956	/Users/danielreuter/.research/runs/r20260922-103210-9cba/negproofs_52/20.bin
MISSING	1547956	/Users/danielreuter/.research/runs/r20260922-103210-9cba/negproofs_52/21.bin
MISSING	1547956	/Users/danielreuter/.research/runs/r20260922-103210-9cba/negproofs_52/35.bin
MISSING	1547956	/Users/danielreuter/.research/runs/r20260922-103210-9cba/negproofs_52/23.bin
MISSING	1547956	/Users/danielreuter/.research/runs/r20260922-103210-9cba/negproofs_52/37.bin
MISSING	1547956	/Users/danielreuter/.research/runs/r20260922-103210-9cba/negproofs_52/36.bin
MISSING	1547956	/Users/danielreuter/.research/runs/r20260922-103210-9cba/negproofs_52/22.bin
MISSING	1547956	/Users/danielreuter/.research/runs/r20260922-103210-9cba/negproofs_52/26.bin
MISSING	1547956	/Users/danielreuter/.research/runs/r20260922-103210-9cba/negproofs_52/32.bin
MISSING	1547956	/Users/danielreuter/.research/runs/r20260922-103210-9cba/negproofs_52/33.bin
MISSING	1547956	/Users/danielreuter/.research/runs/r20260922-103210-9cba/negproofs_52/27.bin
MISSING	1547956	/Users/danielreuter/.research/runs/r20260922-103210-9cba/negproofs_52/19.bin
MISSING	1547956	/Users/danielreuter/.research/runs/r20260922-103210-9cba/negproofs_52/31.bin
MISSING	1547956	/Users/danielreuter/.research/runs/r20260922-103210-9cba/negproofs_52/25.bin
MISSING	1547956	/Users/danielreuter/.research/runs/r20260922-103210-9cba/negproofs_52/24.bin
MISSING	1547956	/Users/danielreuter/.research/runs/r20260922-103210-9cba/negproofs_52/30.bin
MISSING	1547956	/Users/danielreuter/.research/runs/r20260922-103210-9cba/negproofs_52/18.bin
OK	2429337	/Users/danielreuter/.research/runs/r20260922-103210-9cba/stmt_neg/circuit.txt
OK	2429337	/Users/danielreuter/.research/runs/r20260922-103210-9cba/stmt_synth2/circuit.txt
OK	2429337	/Users/danielreuter/.research/runs/r20260922-103210-9cba/stmt_pos64/circuit.txt
MISSING	26464092	/Users/danielreuter/.research/runs/r20260923-123844-d34c/resources.jsonl
OK	8160995	/Users/danielreuter/.research/runs/r20260922-110557-b462/resources.jsonl
OK	53262484	/Users/danielreuter/.research/runs/r20260923-124825-a89d/resources.jsonl
OK	13365398	/Users/danielreuter/.research/runs/r20260922-184835-4b95/resources.jsonl
OK	8442820	/Users/danielreuter/.research/runs/r20260923-211722-820d/resources.jsonl
OK	5081276	/Users/danielreuter/.research/runs/r20260923-211722-820d/bench/bare/proofs/rep1/sub_11.proof
OK	5081276	/Users/danielreuter/.research/runs/r20260923-211722-820d/bench/bare/proofs/rep1/sub_08.proof
OK	1114184	/Users/danielreuter/.research/runs/r20260923-211722-820d/bench/bare/proofs/rep1/sub_03.stmt
OK	1114184	/Users/danielreuter/.research/runs/r20260923-211722-820d/bench/bare/proofs/rep1/sub_02.stmt
OK	1114184	/Users/danielreuter/.research/runs/r20260923-211722-820d/bench/bare/proofs/rep1/sub_05.stmt
OK	5081276	/Users/danielreuter/.research/runs/r20260923-211722-820d/bench/bare/proofs/rep1/sub_12.proof
OK	5081276	/Users/danielreuter/.research/runs/r20260923-211722-820d/bench/bare/proofs/rep1/sub_10.proof
OK	5081276	/Users/danielreuter/.research/runs/r20260923-211722-820d/bench/bare/proofs/rep1/sub_09.proof
OK	1114184	/Users/danielreuter/.research/runs/r20260923-211722-820d/bench/bare/proofs/rep1/sub_09.stmt
OK	1114184	/Users/danielreuter/.research/runs/r20260923-211722-820d/bench/bare/proofs/rep1/sub_08.stmt
OK	1114184	/Users/danielreuter/.research/runs/r20260923-211722-820d/bench/bare/proofs/rep1/sub_04.stmt
OK	1114184	/Users/danielreuter/.research/runs/r20260923-211722-820d/bench/bare/proofs/rep1/sub_12.stmt
OK	5081276	/Users/danielreuter/.research/runs/r20260923-211722-820d/bench/bare/proofs/rep1/sub_03.proof
OK	1114184	/Users/danielreuter/.research/runs/r20260923-211722-820d/bench/bare/proofs/rep1/sub_07.stmt
OK	1114184	/Users/danielreuter/.research/runs/r20260923-211722-820d/bench/bare/proofs/rep1/sub_11.stmt
OK	5081276	/Users/danielreuter/.research/runs/r20260923-211722-820d/bench/bare/proofs/rep1/sub_01.proof
OK	5081276	/Users/danielreuter/.research/runs/r20260923-211722-820d/bench/bare/proofs/rep1/sub_05.proof
OK	5081276	/Users/danielreuter/.research/runs/r20260923-211722-820d/bench/bare/proofs/rep1/sub_07.proof
OK	1114184	/Users/danielreuter/.research/runs/r20260923-211722-820d/bench/bare/proofs/rep1/sub_10.stmt
OK	1114184	/Users/danielreuter/.research/runs/r20260923-211722-820d/bench/bare/proofs/rep1/sub_06.stmt
OK	5081276	/Users/danielreuter/.research/runs/r20260923-211722-820d/bench/bare/proofs/rep1/sub_00.proof
OK	1114184	/Users/danielreuter/.research/runs/r20260923-211722-820d/bench/bare/proofs/rep1/sub_01.stmt
OK	5081276	/Users/danielreuter/.research/runs/r20260923-211722-820d/bench/bare/proofs/rep1/sub_02.proof
OK	1114184	/Users/danielreuter/.research/runs/r20260923-211722-820d/bench/bare/proofs/rep1/sub_00.stmt
OK	5081276	/Users/danielreuter/.research/runs/r20260923-211722-820d/bench/bare/proofs/rep1/sub_06.proof
OK	5081276	/Users/danielreuter/.research/runs/r20260923-211722-820d/bench/bare/proofs/rep1/sub_04.proof
OK	6995020	/Users/danielreuter/.research/runs/r20260923-211722-820d/bench/hash/proofs/rep1/sub_11.proof
OK	6995020	/Users/danielreuter/.research/runs/r20260923-211722-820d/bench/hash/proofs/rep1/sub_08.proof
OK	6995020	/Users/danielreuter/.research/runs/r20260923-211722-820d/bench/hash/proofs/rep1/sub_12.proof
OK	6995020	/Users/danielreuter/.research/runs/r20260923-211722-820d/bench/hash/proofs/rep1/sub_10.proof
OK	6995020	/Users/danielreuter/.research/runs/r20260923-211722-820d/bench/hash/proofs/rep1/sub_09.proof
OK	6995020	/Users/danielreuter/.research/runs/r20260923-211722-820d/bench/hash/proofs/rep1/sub_03.proof
OK	6995020	/Users/danielreuter/.research/runs/r20260923-211722-820d/bench/hash/proofs/rep1/sub_01.proof
OK	6995020	/Users/danielreuter/.research/runs/r20260923-211722-820d/bench/hash/proofs/rep1/sub_05.proof
OK	6995020	/Users/danielreuter/.research/runs/r20260923-211722-820d/bench/hash/proofs/rep1/sub_07.proof
OK	6995020	/Users/danielreuter/.research/runs/r20260923-211722-820d/bench/hash/proofs/rep1/sub_00.proof
OK	6995020	/Users/danielreuter/.research/runs/r20260923-211722-820d/bench/hash/proofs/rep1/sub_02.proof
OK	6995020	/Users/danielreuter/.research/runs/r20260923-211722-820d/bench/hash/proofs/rep1/sub_06.proof
OK	6995020	/Users/danielreuter/.research/runs/r20260923-211722-820d/bench/hash/proofs/rep1/sub_04.proof
OK	1081420	/Users/danielreuter/.research/runs/r20260923-211722-820d/bench/hbare/proofs/rep1/sub_23.stmt
OK	4721136	/Users/danielreuter/.research/runs/r20260923-211722-820d/bench/hbare/proofs/rep1/sub_11.proof
OK	1081420	/Users/danielreuter/.research/runs/r20260923-211722-820d/bench/hbare/proofs/rep1/sub_19.stmt
OK	4721136	/Users/danielreuter/.research/runs/r20260923-211722-820d/bench/hbare/proofs/rep1/sub_08.proof
OK	4721136	/Users/danielreuter/.research/runs/r20260923-211722-820d/bench/hbare/proofs/rep1/sub_13.proof
OK	1081420	/Users/danielreuter/.research/runs/r20260923-211722-820d/bench/hbare/proofs/rep1/sub_15.stmt
OK	1081420	/Users/danielreuter/.research/runs/r20260923-211722-820d/bench/hbare/proofs/rep1/sub_03.stmt
OK	4721136	/Users/danielreuter/.research/runs/r20260923-211722-820d/bench/hbare/proofs/rep1/sub_17.proof
OK	1081420	/Users/danielreuter/.research/runs/r20260923-211722-820d/bench/hbare/proofs/rep1/sub_02.stmt
OK	1081420	/Users/danielreuter/.research/runs/r20260923-211722-820d/bench/hbare/proofs/rep1/sub_14.stmt
OK	1081420	/Users/danielreuter/.research/runs/r20260923-211722-820d/bench/hbare/proofs/rep1/sub_18.stmt
OK	1081420	/Users/danielreuter/.research/runs/r20260923-211722-820d/bench/hbare/proofs/rep1/sub_22.stmt
OK	4721136	/Users/danielreuter/.research/runs/r20260923-211722-820d/bench/hbare/proofs/rep1/sub_15.proof
OK	1081420	/Users/danielreuter/.research/runs/r20260923-211722-820d/bench/hbare/proofs/rep1/sub_13.stmt
OK	1081420	/Users/danielreuter/.research/runs/r20260923-211722-820d/bench/hbare/proofs/rep1/sub_05.stmt
OK	4721136	/Users/danielreuter/.research/runs/r20260923-211722-820d/bench/hbare/proofs/rep1/sub_12.proof
OK	4721136	/Users/danielreuter/.research/runs/r20260923-211722-820d/bench/hbare/proofs/rep1/sub_10.proof
OK	4721136	/Users/danielreuter/.research/runs/r20260923-211722-820d/bench/hbare/proofs/rep1/sub_09.proof
OK	1081420	/Users/danielreuter/.research/runs/r20260923-211722-820d/bench/hbare/proofs/rep1/sub_09.stmt
OK	1081420	/Users/danielreuter/.research/runs/r20260923-211722-820d/bench/hbare/proofs/rep1/sub_08.stmt
OK	4721136	/Users/danielreuter/.research/runs/r20260923-211722-820d/bench/hbare/proofs/rep1/sub_14.proof
OK	1081420	/Users/danielreuter/.research/runs/r20260923-211722-820d/bench/hbare/proofs/rep1/sub_24.stmt
OK	1081420	/Users/danielreuter/.research/runs/r20260923-211722-820d/bench/hbare/proofs/rep1/sub_04.stmt
OK	4721136	/Users/danielreuter/.research/runs/r20260923-211722-820d/bench/hbare/proofs/rep1/sub_16.proof
OK	1081420	/Users/danielreuter/.research/runs/r20260923-211722-820d/bench/hbare/proofs/rep1/sub_12.stmt
OK	4721136	/Users/danielreuter/.research/runs/r20260923-211722-820d/bench/hbare/proofs/rep1/sub_03.proof
OK	1081420	/Users/danielreuter/.research/runs/r20260923-211722-820d/bench/hbare/proofs/rep1/sub_07.stmt
OK	1081420	/Users/danielreuter/.research/runs/r20260923-211722-820d/bench/hbare/proofs/rep1/sub_11.stmt
OK	4721136	/Users/danielreuter/.research/runs/r20260923-211722-820d/bench/hbare/proofs/rep1/sub_18.proof
OK	4721136	/Users/danielreuter/.research/runs/r20260923-211722-820d/bench/hbare/proofs/rep1/sub_01.proof
OK	4721136	/Users/danielreuter/.research/runs/r20260923-211722-820d/bench/hbare/proofs/rep1/sub_05.proof
OK	4721136	/Users/danielreuter/.research/runs/r20260923-211722-820d/bench/hbare/proofs/rep1/sub_21.proof
OK	4721136	/Users/danielreuter/.research/runs/r20260923-211722-820d/bench/hbare/proofs/rep1/sub_23.proof
OK	4721136	/Users/danielreuter/.research/runs/r20260923-211722-820d/bench/hbare/proofs/rep1/sub_07.proof
OK	1081420	/Users/danielreuter/.research/runs/r20260923-211722-820d/bench/hbare/proofs/rep1/sub_10.stmt
OK	1081420	/Users/danielreuter/.research/runs/r20260923-211722-820d/bench/hbare/proofs/rep1/sub_06.stmt
OK	4721136	/Users/danielreuter/.research/runs/r20260923-211722-820d/bench/hbare/proofs/rep1/sub_19.proof
OK	4721136	/Users/danielreuter/.research/runs/r20260923-211722-820d/bench/hbare/proofs/rep1/sub_24.proof
OK	4721136	/Users/danielreuter/.research/runs/r20260923-211722-820d/bench/hbare/proofs/rep1/sub_00.proof
OK	1081420	/Users/danielreuter/.research/runs/r20260923-211722-820d/bench/hbare/proofs/rep1/sub_21.stmt
OK	1081420	/Users/danielreuter/.research/runs/r20260923-211722-820d/bench/hbare/proofs/rep1/sub_01.stmt
OK	4721136	/Users/danielreuter/.research/runs/r20260923-211722-820d/bench/hbare/proofs/rep1/sub_02.proof
OK	1081420	/Users/danielreuter/.research/runs/r20260923-211722-820d/bench/hbare/proofs/rep1/sub_17.stmt
OK	4721136	/Users/danielreuter/.research/runs/r20260923-211722-820d/bench/hbare/proofs/rep1/sub_22.proof
OK	1081420	/Users/danielreuter/.research/runs/r20260923-211722-820d/bench/hbare/proofs/rep1/sub_16.stmt
OK	1081420	/Users/danielreuter/.research/runs/r20260923-211722-820d/bench/hbare/proofs/rep1/sub_00.stmt
OK	4721136	/Users/danielreuter/.research/runs/r20260923-211722-820d/bench/hbare/proofs/rep1/sub_06.proof
OK	1081420	/Users/danielreuter/.research/runs/r20260923-211722-820d/bench/hbare/proofs/rep1/sub_20.stmt
OK	4721136	/Users/danielreuter/.research/runs/r20260923-211722-820d/bench/hbare/proofs/rep1/sub_04.proof
OK	4721136	/Users/danielreuter/.research/runs/r20260923-211722-820d/bench/hbare/proofs/rep1/sub_20.proof
OK	6568996	/Users/danielreuter/.research/runs/r20260923-211722-820d/bench/hhash/proofs/rep1/sub_11.proof
OK	6568996	/Users/danielreuter/.research/runs/r20260923-211722-820d/bench/hhash/proofs/rep1/sub_08.proof
OK	6568996	/Users/danielreuter/.research/runs/r20260923-211722-820d/bench/hhash/proofs/rep1/sub_13.proof
OK	6568996	/Users/danielreuter/.research/runs/r20260923-211722-820d/bench/hhash/proofs/rep1/sub_17.proof
OK	6568996	/Users/danielreuter/.research/runs/r20260923-211722-820d/bench/hhash/proofs/rep1/sub_15.proof
OK	6568996	/Users/danielreuter/.research/runs/r20260923-211722-820d/bench/hhash/proofs/rep1/sub_12.proof
OK	6568996	/Users/danielreuter/.research/runs/r20260923-211722-820d/bench/hhash/proofs/rep1/sub_10.proof
OK	6568996	/Users/danielreuter/.research/runs/r20260923-211722-820d/bench/hhash/proofs/rep1/sub_09.proof
OK	6568996	/Users/danielreuter/.research/runs/r20260923-211722-820d/bench/hhash/proofs/rep1/sub_14.proof
OK	6568996	/Users/danielreuter/.research/runs/r20260923-211722-820d/bench/hhash/proofs/rep1/sub_16.proof
OK	6568996	/Users/danielreuter/.research/runs/r20260923-211722-820d/bench/hhash/proofs/rep1/sub_03.proof
OK	6568996	/Users/danielreuter/.research/runs/r20260923-211722-820d/bench/hhash/proofs/rep1/sub_18.proof
OK	6568996	/Users/danielreuter/.research/runs/r20260923-211722-820d/bench/hhash/proofs/rep1/sub_01.proof
OK	6568996	/Users/danielreuter/.research/runs/r20260923-211722-820d/bench/hhash/proofs/rep1/sub_05.proof
OK	6568996	/Users/danielreuter/.research/runs/r20260923-211722-820d/bench/hhash/proofs/rep1/sub_21.proof
OK	6568996	/Users/danielreuter/.research/runs/r20260923-211722-820d/bench/hhash/proofs/rep1/sub_23.proof
OK	6568996	/Users/danielreuter/.research/runs/r20260923-211722-820d/bench/hhash/proofs/rep1/sub_07.proof
OK	6568996	/Users/danielreuter/.research/runs/r20260923-211722-820d/bench/hhash/proofs/rep1/sub_19.proof
OK	6568996	/Users/danielreuter/.research/runs/r20260923-211722-820d/bench/hhash/proofs/rep1/sub_24.proof
OK	6568996	/Users/danielreuter/.research/runs/r20260923-211722-820d/bench/hhash/proofs/rep1/sub_00.proof
OK	6568996	/Users/danielreuter/.research/runs/r20260923-211722-820d/bench/hhash/proofs/rep1/sub_02.proof
OK	6568996	/Users/danielreuter/.research/runs/r20260923-211722-820d/bench/hhash/proofs/rep1/sub_22.proof
OK	6568996	/Users/danielreuter/.research/runs/r20260923-211722-820d/bench/hhash/proofs/rep1/sub_06.proof
OK	6568996	/Users/danielreuter/.research/runs/r20260923-211722-820d/bench/hhash/proofs/rep1/sub_04.proof
OK	6568996	/Users/danielreuter/.research/runs/r20260923-211722-820d/bench/hhash/proofs/rep1/sub_20.proof
OK	2034627	/Users/danielreuter/.research/runs/r20260922-024439-915c/resources.jsonl
MISSING	12582912	/Users/danielreuter/.research/runs/r20260922-024439-915c/v1/vu-k1536.x.u16
MISSING	1572864	/Users/danielreuter/.research/runs/r20260922-024439-915c/v1/vu-k1536.acc.u32
MISSING	12582912	/Users/danielreuter/.research/runs/r20260922-024439-915c/v1/vu-k1536.w.u16
OK	1499967	/Users/danielreuter/.research/runs/r20260922-105506-193d/resources.jsonl
OK	1821504	/Users/danielreuter/.research/runs/r20260922-085547-1971/resources.jsonl
MISSING	15335440	/Users/danielreuter/.research/runs/r20260922-014657-999b/inputs/honest.bin
OK	6077700	/Users/danielreuter/.research/runs/r20260922-090407-5483/resources.jsonl
MISSING	4075839	/Users/danielreuter/.research/runs/r20260922-181517-2afc/inputs/probe3_1783788526.json
OK	11413719	/Users/danielreuter/.research/runs/r20260922-091130-525e/resources.jsonl
OK	7784324	/Users/danielreuter/.research/runs/r20260922-175246-0477/resources.jsonl
OK	2674902	/Users/danielreuter/.research/runs/r20260922-082522-3e97/resources.jsonl
MISSING	15415893	/Users/danielreuter/.research/runs/r20260924-171410-4069/resources.jsonl
MISSING	1190000	/Users/danielreuter/.research/runs/r20260924-171410-4069/inputs/sp1-04700cb5.tar.gz
OK	2599218	/Users/danielreuter/.research/runs/r20260922-232403-fbd0/resources.jsonl
MISSING	1251589	/Users/danielreuter/.research/runs/r20260923-061212-8784/resources.jsonl
MISSING	3609844	/Users/danielreuter/.research/runs/r20260922-232150-ced1/proofs/rep1/sub_03.proof
MISSING	3609844	/Users/danielreuter/.research/runs/r20260922-232150-ced1/proofs/rep1/sub_01.proof
MISSING	3609844	/Users/danielreuter/.research/runs/r20260922-232150-ced1/proofs/rep1/sub_00.proof
MISSING	3609844	/Users/danielreuter/.research/runs/r20260922-232150-ced1/proofs/rep1/sub_02.proof
OK	11358882	/Users/danielreuter/.research/runs/r20260923-073627-f281/resources.jsonl
MISSING	4075839	/Users/danielreuter/.research/runs/r20260922-221716-65b9/inputs/probe3_1783788526.json
OK	5590480	/Users/danielreuter/.research/runs/r20260923-182920-9002/proofs/rep1/sub_03.proof
OK	5590480	/Users/danielreuter/.research/runs/r20260923-182920-9002/proofs/rep1/sub_01.proof
OK	5590480	/Users/danielreuter/.research/runs/r20260923-182920-9002/proofs/rep1/sub_05.proof
OK	5590480	/Users/danielreuter/.research/runs/r20260923-182920-9002/proofs/rep1/sub_00.proof
OK	5590480	/Users/danielreuter/.research/runs/r20260923-182920-9002/proofs/rep1/sub_02.proof
OK	5590480	/Users/danielreuter/.research/runs/r20260923-182920-9002/proofs/rep1/sub_06.proof
OK	5590480	/Users/danielreuter/.research/runs/r20260923-182920-9002/proofs/rep1/sub_04.proof
OK	7911009	/Users/danielreuter/.research/runs/r20260922-183837-940b/resources.jsonl
OK	12273053	/Users/danielreuter/.research/runs/r20260922-094315-8be5/resources.jsonl
OK	6019427	/Users/danielreuter/.research/runs/r20260922-080527-f30c/resources.jsonl
MISSING	2515932	/Users/danielreuter/.research/runs/r20260924-174907-de20/resources.jsonl
MISSING	10166409	/Users/danielreuter/.research/runs/r20260923-210126-ffb5/resources.jsonl
OK	3343469	/Users/danielreuter/.research/runs/r20260924-062624-27e2/resources.jsonl
MISSING	3959759	/Users/danielreuter/.research/runs/r20260924-173554-eb0d/resources.jsonl
OK	1302217	/Users/danielreuter/.research/runs/r20260923-104122-710b/resources.jsonl
MISSING	2250526	/Users/danielreuter/.research/runs/r20260922-182132-d6db/inputs/probe2_1783788240.json
OK	27239915	/Users/danielreuter/.research/runs/r20260923-114329-6119/resources.jsonl
OK	1478410	/Users/danielreuter/.research/runs/r20260921-223033-e58c/resources.jsonl
OK	1777992	/Users/danielreuter/.research/runs/r20260922-104038-eabb/resources.jsonl
OK	1185605	/Users/danielreuter/.research/runs/r20260922-111453-609b/resources.jsonl
OK	5618646	/Users/danielreuter/.research/runs/r20260922-185339-e337/resources.jsonl
OK	7495364	/Users/danielreuter/.research/runs/r20260922-225547-7ab5/resources.jsonl
OK	5633609	/Users/danielreuter/.research/runs/r20260922-105905-2021/resources.jsonl
OK	8751351	/Users/danielreuter/.research/runs/r20260922-112029-2db3/resources.jsonl
MISSING	33871324	/Users/danielreuter/.research/runs/r20260922-112320-3ceb/proof4096.bin
OK	1850037	/Users/danielreuter/.research/runs/r20260922-112320-3ceb/resources.jsonl
MISSING	2078583	/Users/danielreuter/.research/runs/r20260923-224554-d69a/resources.jsonl
MISSING	3194589	/Users/danielreuter/.research/runs/r20260923-224554-d69a/cold_pipe/nvcache/b/e/187f5369aeb751
MISSING	1744712	/Users/danielreuter/.research/runs/r20260923-224554-d69a/cold_pipe/kcache/ligero-witness-cad128c17d93db1b239fb6b0fd10fd19ae0095a2-nvrtc12.8-compute_89.ptx
OK	2293833	/Users/danielreuter/.research/runs/r20260923-224554-d69a/bench_bare_p4/proofs/rep1/sub_03.stmt
OK	2293833	/Users/danielreuter/.research/runs/r20260923-224554-d69a/bench_bare_p4/proofs/rep1/sub_02.stmt
OK	2293833	/Users/danielreuter/.research/runs/r20260923-224554-d69a/bench_bare_p4/proofs/rep1/sub_05.stmt
OK	2293833	/Users/danielreuter/.research/runs/r20260923-224554-d69a/bench_bare_p4/proofs/rep1/sub_04.stmt
OK	3360460	/Users/danielreuter/.research/runs/r20260923-224554-d69a/bench_bare_p4/proofs/rep1/sub_03.proof
OK	3360460	/Users/danielreuter/.research/runs/r20260923-224554-d69a/bench_bare_p4/proofs/rep1/sub_01.proof
OK	3360460	/Users/danielreuter/.research/runs/r20260923-224554-d69a/bench_bare_p4/proofs/rep1/sub_05.proof
OK	2293833	/Users/danielreuter/.research/runs/r20260923-224554-d69a/bench_bare_p4/proofs/rep1/sub_06.stmt
OK	3360460	/Users/danielreuter/.research/runs/r20260923-224554-d69a/bench_bare_p4/proofs/rep1/sub_00.proof
OK	2293833	/Users/danielreuter/.research/runs/r20260923-224554-d69a/bench_bare_p4/proofs/rep1/sub_01.stmt
OK	3360460	/Users/danielreuter/.research/runs/r20260923-224554-d69a/bench_bare_p4/proofs/rep1/sub_02.proof
OK	2293833	/Users/danielreuter/.research/runs/r20260923-224554-d69a/bench_bare_p4/proofs/rep1/sub_00.stmt
OK	3360460	/Users/danielreuter/.research/runs/r20260923-224554-d69a/bench_bare_p4/proofs/rep1/sub_06.proof
OK	3360460	/Users/danielreuter/.research/runs/r20260923-224554-d69a/bench_bare_p4/proofs/rep1/sub_04.proof
OK	5590480	/Users/danielreuter/.research/runs/r20260923-224554-d69a/bench_hashed_p4/proofs/rep1/sub_03.proof
OK	5590480	/Users/danielreuter/.research/runs/r20260923-224554-d69a/bench_hashed_p4/proofs/rep1/sub_01.proof
OK	5590480	/Users/danielreuter/.research/runs/r20260923-224554-d69a/bench_hashed_p4/proofs/rep1/sub_05.proof
OK	5590480	/Users/danielreuter/.research/runs/r20260923-224554-d69a/bench_hashed_p4/proofs/rep1/sub_00.proof
OK	5590480	/Users/danielreuter/.research/runs/r20260923-224554-d69a/bench_hashed_p4/proofs/rep1/sub_02.proof
OK	5590480	/Users/danielreuter/.research/runs/r20260923-224554-d69a/bench_hashed_p4/proofs/rep1/sub_06.proof
OK	5590480	/Users/danielreuter/.research/runs/r20260923-224554-d69a/bench_hashed_p4/proofs/rep1/sub_04.proof
MISSING	149755904	/Users/danielreuter/.research/runs/r20260922-100837-0f3c/inputs/set_zk.tar
OK	5172294	/Users/danielreuter/.research/runs/r20260922-054949-dcc0/resources.jsonl
OK	1276130	/Users/danielreuter/.research/runs/r20260922-075211-dc70/resources.jsonl
OK	2081695	/Users/danielreuter/.research/runs/r20260922-082245-c96b/resources.jsonl
OK	5738511	/Users/danielreuter/.research/runs/r20260922-231751-6617/resources.jsonl
OK	1606390	/Users/danielreuter/.research/runs/r20260922-111259-3d41/resources.jsonl
OK	2527863	/Users/danielreuter/.research/runs/r20260924-071929-6745/resources.jsonl
OK	21213880	/Users/danielreuter/.research/runs/r20260924-071929-6745/proofs/rep2.bin
OK	21213880	/Users/danielreuter/.research/runs/r20260924-071929-6745/proofs/rep1.bin
OK	21213880	/Users/danielreuter/.research/runs/r20260924-071929-6745/proofs/rep0.bin
OK	2429337	/Users/danielreuter/.research/runs/r20260924-071929-6745/statement/circuit.txt
MISSING	1183747	/Users/danielreuter/.research/runs/r20260924-174905-200f/resources.jsonl
MISSING	1068976	/Users/danielreuter/.research/runs/r20260923-024249-9a38/libmma_peak_fp4_sm_120a.so
OK	6005030	/Users/danielreuter/.research/runs/r20260922-231751-38ca/resources.jsonl
MISSING	1092440	/Users/danielreuter/.research/runs/r20260923-002320-6fbf/libtcgen05_fp4_sm_100a.so
OK	4309994	/Users/danielreuter/.research/runs/r20260923-002320-6fbf/resources.jsonl
OK	4818580	/Users/danielreuter/.research/runs/r20260922-093758-9aac/resources.jsonl
MISSING	2808149	/Users/danielreuter/.research/runs/r20260922-093758-9aac/v2neg/circuit.txt
MISSING	2808149	/Users/danielreuter/.research/runs/r20260922-093758-9aac/v2neg/vu/circuit.txt
MISSING	1092440	/Users/danielreuter/.research/runs/r20260923-001832-17dc/libtcgen05_fp4_sm_100a.so
OK	5587490	/Users/danielreuter/.research/runs/r20260923-001832-17dc/resources.jsonl
OK	3443527	/Users/danielreuter/.research/runs/r20260922-111848-dde1/resources.jsonl
OK	10922634	/Users/danielreuter/.research/runs/r20260922-092116-d7c9/resources.jsonl
OK	1233919	/Users/danielreuter/.research/runs/r20260922-073828-153f/resources.jsonl
MISSING	4214768	/Users/danielreuter/.research/runs/r20260924-172629-f417/resources.jsonl
MISSING	1190000	/Users/danielreuter/.research/runs/r20260924-172629-f417/inputs/sp1-04700cb5.tar.gz
OK	12151787	/Users/danielreuter/.research/runs/r20260922-183435-fd5d/resources.jsonl
OK	18425257	/Users/danielreuter/.research/runs/r20260922-184111-671e/resources.jsonl
OK	8471434	/Users/danielreuter/.research/runs/r20260922-230019-edaa/resources.jsonl
MISSING	1092440	/Users/danielreuter/.research/runs/r20260923-001856-7d63/libtcgen05_fp4_sm_100a.so
OK	3369403	/Users/danielreuter/.research/runs/r20260923-001856-7d63/resources.jsonl
OK	15498225	/Users/danielreuter/.research/runs/r20260923-084558-2fd9/resources.jsonl
OK	2628438	/Users/danielreuter/.research/runs/r20260923-060753-eca6/resources.jsonl
OK	8516720	/Users/danielreuter/.research/runs/r20260922-085452-e308/resources.jsonl
OK	8356429	/Users/danielreuter/.research/runs/r20260922-064953-f9bb/resources.jsonl
OK	1853016	/Users/danielreuter/.research/runs/r20260922-102013-2931/resources.jsonl
OK	8159920	/Users/danielreuter/.research/runs/r20260921-232849-093c/resources.jsonl
OK	3247464	/Users/danielreuter/.research/runs/r20260923-075549-76ba/llama32-1b__bf16__l40s__tp1__b64__i1024__o128__mixed__greedy__bi-eager.workload_program.json
OK	1221680	/Users/danielreuter/.research/runs/r20260923-075549-76ba/resources.jsonl
MISSING	1092440	/Users/danielreuter/.research/runs/r20260923-001838-42a4/libtcgen05_fp4_sm_100a.so
OK	5423528	/Users/danielreuter/.research/runs/r20260923-001838-42a4/resources.jsonl
OK	22100216	/Users/danielreuter/.research/runs/r20260922-094310-af1a/resources.jsonl
MISSING	2362215	/Users/danielreuter/.research/runs/r20260922-053217-d21f/units_tu4096/relation.txt
MISSING	1527345	/Users/danielreuter/.research/runs/r20260922-053217-d21f/vu64/relation.txt
MISSING	1496121	/Users/danielreuter/.research/runs/r20260922-053217-d21f/unit1/relation.txt
MISSING	3467690	/Users/danielreuter/.research/runs/r20260922-053217-d21f/vu1/witness.txt
MISSING	1517205	/Users/danielreuter/.research/runs/r20260922-053217-d21f/vu1/relation.txt
MISSING	2809720	/Users/danielreuter/.research/runs/r20260922-101053-0dc9/proofs/wmut_zk/wmut_chain_c0_nonzero_vu1.proof
MISSING	2809720	/Users/danielreuter/.research/runs/r20260922-101053-0dc9/proofs/wmut_zk/wmut_row_sel_g0_align_state_g0_align_state_pow_sel0_col10.proof
MISSING	2809720	/Users/danielreuter/.research/runs/r20260922-101053-0dc9/proofs/wmut_zk/wmut_all_bits_of_one_column_flipped.proof
MISSING	2809720	/Users/danielreuter/.research/runs/r20260922-101053-0dc9/proofs/wmut_zk/wmut_row_pin_x_a_0_s_col160.proof
MISSING	2809720	/Users/danielreuter/.research/runs/r20260922-101053-0dc9/proofs/wmut_zk/wmut_row_prod_x_prod0_col111.proof
MISSING	2809720	/Users/danielreuter/.research/runs/r20260922-101053-0dc9/proofs/wmut_zk/wmut_row_hint_x_acc_s_col181.proof
MISSING	2809720	/Users/danielreuter/.research/runs/r20260922-101053-0dc9/proofs/wmut_zk/wmut_row_bit_x_acc_t_b0_col131.proof
MISSING	2809720	/Users/danielreuter/.research/runs/r20260922-101053-0dc9/proofs/wmut_zk/wmut_chain_link_broken_cf40.proof
MISSING	2744128	/Users/danielreuter/.research/runs/r20260922-101053-0dc9/proofs/wmut_plain/wmut_chain_c0_nonzero_vu1.proof
MISSING	2744128	/Users/danielreuter/.research/runs/r20260922-101053-0dc9/proofs/wmut_plain/wmut_row_sel_g0_align_state_g0_align_state_pow_sel0_col10.proof
MISSING	2744128	/Users/danielreuter/.research/runs/r20260922-101053-0dc9/proofs/wmut_plain/wmut_all_bits_of_one_column_flipped.proof
MISSING	2744128	/Users/danielreuter/.research/runs/r20260922-101053-0dc9/proofs/wmut_plain/wmut_row_pin_x_a_0_s_col160.proof
MISSING	2744128	/Users/danielreuter/.research/runs/r20260922-101053-0dc9/proofs/wmut_plain/wmut_row_prod_x_prod0_col111.proof
MISSING	2744128	/Users/danielreuter/.research/runs/r20260922-101053-0dc9/proofs/wmut_plain/wmut_row_hint_x_acc_s_col181.proof
MISSING	2744128	/Users/danielreuter/.research/runs/r20260922-101053-0dc9/proofs/wmut_plain/wmut_row_bit_x_acc_t_b0_col131.proof
MISSING	2744128	/Users/danielreuter/.research/runs/r20260922-101053-0dc9/proofs/wmut_plain/wmut_chain_link_broken_cf40.proof
MISSING	2493811	/Users/danielreuter/.research/runs/r20260923-225024-0075/resources.jsonl
OK	5590480	/Users/danielreuter/.research/runs/r20260923-225024-0075/ab_hashed_native_1/proofs/rep1/sub_03.proof
OK	5590480	/Users/danielreuter/.research/runs/r20260923-225024-0075/ab_hashed_native_1/proofs/rep1/sub_01.proof
OK	5590480	/Users/danielreuter/.research/runs/r20260923-225024-0075/ab_hashed_native_1/proofs/rep1/sub_05.proof
OK	5590480	/Users/danielreuter/.research/runs/r20260923-225024-0075/ab_hashed_native_1/proofs/rep1/sub_00.proof
OK	5590480	/Users/danielreuter/.research/runs/r20260923-225024-0075/ab_hashed_native_1/proofs/rep1/sub_02.proof
OK	5590480	/Users/danielreuter/.research/runs/r20260923-225024-0075/ab_hashed_native_1/proofs/rep1/sub_06.proof
OK	5590480	/Users/danielreuter/.research/runs/r20260923-225024-0075/ab_hashed_native_1/proofs/rep1/sub_04.proof
OK	2293833	/Users/danielreuter/.research/runs/r20260923-225024-0075/ab_bare_89_1/proofs/rep1/sub_03.stmt
OK	2293833	/Users/danielreuter/.research/runs/r20260923-225024-0075/ab_bare_89_1/proofs/rep1/sub_02.stmt
OK	2293833	/Users/danielreuter/.research/runs/r20260923-225024-0075/ab_bare_89_1/proofs/rep1/sub_05.stmt
OK	2293833	/Users/danielreuter/.research/runs/r20260923-225024-0075/ab_bare_89_1/proofs/rep1/sub_04.stmt
OK	3360460	/Users/danielreuter/.research/runs/r20260923-225024-0075/ab_bare_89_1/proofs/rep1/sub_03.proof
OK	3360460	/Users/danielreuter/.research/runs/r20260923-225024-0075/ab_bare_89_1/proofs/rep1/sub_01.proof
OK	3360460	/Users/danielreuter/.research/runs/r20260923-225024-0075/ab_bare_89_1/proofs/rep1/sub_05.proof
OK	2293833	/Users/danielreuter/.research/runs/r20260923-225024-0075/ab_bare_89_1/proofs/rep1/sub_06.stmt
OK	3360460	/Users/danielreuter/.research/runs/r20260923-225024-0075/ab_bare_89_1/proofs/rep1/sub_00.proof
OK	2293833	/Users/danielreuter/.research/runs/r20260923-225024-0075/ab_bare_89_1/proofs/rep1/sub_01.stmt
OK	3360460	/Users/danielreuter/.research/runs/r20260923-225024-0075/ab_bare_89_1/proofs/rep1/sub_02.proof
OK	2293833	/Users/danielreuter/.research/runs/r20260923-225024-0075/ab_bare_89_1/proofs/rep1/sub_00.stmt
OK	3360460	/Users/danielreuter/.research/runs/r20260923-225024-0075/ab_bare_89_1/proofs/rep1/sub_06.proof
OK	3360460	/Users/danielreuter/.research/runs/r20260923-225024-0075/ab_bare_89_1/proofs/rep1/sub_04.proof
OK	5590480	/Users/danielreuter/.research/runs/r20260923-225024-0075/ab_hashed_89_1/proofs/rep1/sub_03.proof
OK	5590480	/Users/danielreuter/.research/runs/r20260923-225024-0075/ab_hashed_89_1/proofs/rep1/sub_01.proof
OK	5590480	/Users/danielreuter/.research/runs/r20260923-225024-0075/ab_hashed_89_1/proofs/rep1/sub_05.proof
OK	5590480	/Users/danielreuter/.research/runs/r20260923-225024-0075/ab_hashed_89_1/proofs/rep1/sub_00.proof
OK	5590480	/Users/danielreuter/.research/runs/r20260923-225024-0075/ab_hashed_89_1/proofs/rep1/sub_02.proof
OK	5590480	/Users/danielreuter/.research/runs/r20260923-225024-0075/ab_hashed_89_1/proofs/rep1/sub_06.proof
OK	5590480	/Users/danielreuter/.research/runs/r20260923-225024-0075/ab_hashed_89_1/proofs/rep1/sub_04.proof
OK	2293833	/Users/danielreuter/.research/runs/r20260923-225024-0075/ab_bare_native_2/proofs/rep1/sub_03.stmt
OK	2293833	/Users/danielreuter/.research/runs/r20260923-225024-0075/ab_bare_native_2/proofs/rep1/sub_02.stmt
OK	2293833	/Users/danielreuter/.research/runs/r20260923-225024-0075/ab_bare_native_2/proofs/rep1/sub_05.stmt
OK	2293833	/Users/danielreuter/.research/runs/r20260923-225024-0075/ab_bare_native_2/proofs/rep1/sub_04.stmt
OK	3360460	/Users/danielreuter/.research/runs/r20260923-225024-0075/ab_bare_native_2/proofs/rep1/sub_03.proof
OK	3360460	/Users/danielreuter/.research/runs/r20260923-225024-0075/ab_bare_native_2/proofs/rep1/sub_01.proof
OK	3360460	/Users/danielreuter/.research/runs/r20260923-225024-0075/ab_bare_native_2/proofs/rep1/sub_05.proof
OK	2293833	/Users/danielreuter/.research/runs/r20260923-225024-0075/ab_bare_native_2/proofs/rep1/sub_06.stmt
OK	3360460	/Users/danielreuter/.research/runs/r20260923-225024-0075/ab_bare_native_2/proofs/rep1/sub_00.proof
OK	2293833	/Users/danielreuter/.research/runs/r20260923-225024-0075/ab_bare_native_2/proofs/rep1/sub_01.stmt
OK	3360460	/Users/danielreuter/.research/runs/r20260923-225024-0075/ab_bare_native_2/proofs/rep1/sub_02.proof
OK	2293833	/Users/danielreuter/.research/runs/r20260923-225024-0075/ab_bare_native_2/proofs/rep1/sub_00.stmt
OK	3360460	/Users/danielreuter/.research/runs/r20260923-225024-0075/ab_bare_native_2/proofs/rep1/sub_06.proof
OK	3360460	/Users/danielreuter/.research/runs/r20260923-225024-0075/ab_bare_native_2/proofs/rep1/sub_04.proof
OK	5590480	/Users/danielreuter/.research/runs/r20260923-225024-0075/ab_hashed_native_2/proofs/rep1/sub_03.proof
OK	5590480	/Users/danielreuter/.research/runs/r20260923-225024-0075/ab_hashed_native_2/proofs/rep1/sub_01.proof
OK	5590480	/Users/danielreuter/.research/runs/r20260923-225024-0075/ab_hashed_native_2/proofs/rep1/sub_05.proof
OK	5590480	/Users/danielreuter/.research/runs/r20260923-225024-0075/ab_hashed_native_2/proofs/rep1/sub_00.proof
OK	5590480	/Users/danielreuter/.research/runs/r20260923-225024-0075/ab_hashed_native_2/proofs/rep1/sub_02.proof
OK	5590480	/Users/danielreuter/.research/runs/r20260923-225024-0075/ab_hashed_native_2/proofs/rep1/sub_06.proof
OK	5590480	/Users/danielreuter/.research/runs/r20260923-225024-0075/ab_hashed_native_2/proofs/rep1/sub_04.proof
OK	2293833	/Users/danielreuter/.research/runs/r20260923-225024-0075/ab_bare_89_2/proofs/rep1/sub_03.stmt
OK	2293833	/Users/danielreuter/.research/runs/r20260923-225024-0075/ab_bare_89_2/proofs/rep1/sub_02.stmt
OK	2293833	/Users/danielreuter/.research/runs/r20260923-225024-0075/ab_bare_89_2/proofs/rep1/sub_05.stmt
OK	2293833	/Users/danielreuter/.research/runs/r20260923-225024-0075/ab_bare_89_2/proofs/rep1/sub_04.stmt
OK	3360460	/Users/danielreuter/.research/runs/r20260923-225024-0075/ab_bare_89_2/proofs/rep1/sub_03.proof
OK	3360460	/Users/danielreuter/.research/runs/r20260923-225024-0075/ab_bare_89_2/proofs/rep1/sub_01.proof
OK	3360460	/Users/danielreuter/.research/runs/r20260923-225024-0075/ab_bare_89_2/proofs/rep1/sub_05.proof
OK	2293833	/Users/danielreuter/.research/runs/r20260923-225024-0075/ab_bare_89_2/proofs/rep1/sub_06.stmt
OK	3360460	/Users/danielreuter/.research/runs/r20260923-225024-0075/ab_bare_89_2/proofs/rep1/sub_00.proof
OK	2293833	/Users/danielreuter/.research/runs/r20260923-225024-0075/ab_bare_89_2/proofs/rep1/sub_01.stmt
OK	3360460	/Users/danielreuter/.research/runs/r20260923-225024-0075/ab_bare_89_2/proofs/rep1/sub_02.proof
OK	2293833	/Users/danielreuter/.research/runs/r20260923-225024-0075/ab_bare_89_2/proofs/rep1/sub_00.stmt
OK	3360460	/Users/danielreuter/.research/runs/r20260923-225024-0075/ab_bare_89_2/proofs/rep1/sub_06.proof
OK	3360460	/Users/danielreuter/.research/runs/r20260923-225024-0075/ab_bare_89_2/proofs/rep1/sub_04.proof
OK	5590480	/Users/danielreuter/.research/runs/r20260923-225024-0075/ab_hashed_89_2/proofs/rep1/sub_03.proof
OK	5590480	/Users/danielreuter/.research/runs/r20260923-225024-0075/ab_hashed_89_2/proofs/rep1/sub_01.proof
OK	5590480	/Users/danielreuter/.research/runs/r20260923-225024-0075/ab_hashed_89_2/proofs/rep1/sub_05.proof
OK	5590480	/Users/danielreuter/.research/runs/r20260923-225024-0075/ab_hashed_89_2/proofs/rep1/sub_00.proof
OK	5590480	/Users/danielreuter/.research/runs/r20260923-225024-0075/ab_hashed_89_2/proofs/rep1/sub_02.proof
OK	5590480	/Users/danielreuter/.research/runs/r20260923-225024-0075/ab_hashed_89_2/proofs/rep1/sub_06.proof
OK	5590480	/Users/danielreuter/.research/runs/r20260923-225024-0075/ab_hashed_89_2/proofs/rep1/sub_04.proof
OK	2293833	/Users/danielreuter/.research/runs/r20260923-225024-0075/ab_bare_native_1/proofs/rep1/sub_03.stmt
OK	2293833	/Users/danielreuter/.research/runs/r20260923-225024-0075/ab_bare_native_1/proofs/rep1/sub_02.stmt
OK	2293833	/Users/danielreuter/.research/runs/r20260923-225024-0075/ab_bare_native_1/proofs/rep1/sub_05.stmt
OK	2293833	/Users/danielreuter/.research/runs/r20260923-225024-0075/ab_bare_native_1/proofs/rep1/sub_04.stmt
OK	3360460	/Users/danielreuter/.research/runs/r20260923-225024-0075/ab_bare_native_1/proofs/rep1/sub_03.proof
OK	3360460	/Users/danielreuter/.research/runs/r20260923-225024-0075/ab_bare_native_1/proofs/rep1/sub_01.proof
OK	3360460	/Users/danielreuter/.research/runs/r20260923-225024-0075/ab_bare_native_1/proofs/rep1/sub_05.proof
OK	2293833	/Users/danielreuter/.research/runs/r20260923-225024-0075/ab_bare_native_1/proofs/rep1/sub_06.stmt
OK	3360460	/Users/danielreuter/.research/runs/r20260923-225024-0075/ab_bare_native_1/proofs/rep1/sub_00.proof
OK	2293833	/Users/danielreuter/.research/runs/r20260923-225024-0075/ab_bare_native_1/proofs/rep1/sub_01.stmt
OK	3360460	/Users/danielreuter/.research/runs/r20260923-225024-0075/ab_bare_native_1/proofs/rep1/sub_02.proof
OK	2293833	/Users/danielreuter/.research/runs/r20260923-225024-0075/ab_bare_native_1/proofs/rep1/sub_00.stmt
OK	3360460	/Users/danielreuter/.research/runs/r20260923-225024-0075/ab_bare_native_1/proofs/rep1/sub_06.proof
OK	3360460	/Users/danielreuter/.research/runs/r20260923-225024-0075/ab_bare_native_1/proofs/rep1/sub_04.proof
OK	1891163	/Users/danielreuter/.research/runs/r20260922-063937-acf6/resources.jsonl
MISSING	1519515	/Users/danielreuter/.research/runs/r20260922-063937-acf6/vu16/relation.txt
MISSING	2108265	/Users/danielreuter/.research/runs/r20260922-063937-acf6/profile_vu16/callgrind.out
OK	7873804	/Users/danielreuter/.research/runs/r20260922-175732-172a/resources.jsonl
MISSING	2090258	/Users/danielreuter/.research/runs/r20260923-071555-23f9/resources.jsonl
OK	2612782	/Users/danielreuter/.research/runs/r20260922-084329-7c80/resources.jsonl
OK	1117937	/Users/danielreuter/.research/runs/r20260922-231552-d579/resources.jsonl
OK	1069766	/Users/danielreuter/.research/runs/r20260922-074359-964b/resources.jsonl
MISSING	7370706	/Users/danielreuter/.research/runs/r20260924-171002-37a0/resources.jsonl
OK	1957235	/Users/danielreuter/.research/runs/r20260922-090151-07aa/resources.jsonl
OK	1990880	/Users/danielreuter/.research/runs/r20260922-065112-d687/resources.jsonl
OK	6256163	/Users/danielreuter/.research/runs/r20260922-231411-1d5e/resources.jsonl
OK	1911654	/Users/danielreuter/.research/runs/r20260922-071602-522d/resources.jsonl
MISSING	1052406	/Users/danielreuter/.research/runs/r20260923-073331-2032/resources.jsonl
OK	12545069	/Users/danielreuter/.research/runs/r20260922-093550-e904/resources.jsonl
MISSING	33871324	/Users/danielreuter/.research/runs/r20260922-091240-4bf9/proof4096_kernel_b.bin
OK	1749520	/Users/danielreuter/.research/runs/r20260922-091240-4bf9/resources.jsonl
MISSING	33871324	/Users/danielreuter/.research/runs/r20260922-091240-4bf9/proof4096_torch.bin
MISSING	46659308	/Users/danielreuter/.research/runs/r20260923-084444-35c2/resources.jsonl
MISSING	13061108	/Users/danielreuter/.research/runs/r20260923-211439-913b/resources.jsonl
OK	2293833	/Users/danielreuter/.research/runs/r20260923-211439-913b/bench_bare_p4/proofs/rep1/sub_03.stmt
OK	2293833	/Users/danielreuter/.research/runs/r20260923-211439-913b/bench_bare_p4/proofs/rep1/sub_02.stmt
OK	2293833	/Users/danielreuter/.research/runs/r20260923-211439-913b/bench_bare_p4/proofs/rep1/sub_05.stmt
OK	2293833	/Users/danielreuter/.research/runs/r20260923-211439-913b/bench_bare_p4/proofs/rep1/sub_04.stmt
OK	3360460	/Users/danielreuter/.research/runs/r20260923-211439-913b/bench_bare_p4/proofs/rep1/sub_03.proof
OK	3360460	/Users/danielreuter/.research/runs/r20260923-211439-913b/bench_bare_p4/proofs/rep1/sub_01.proof
OK	3360460	/Users/danielreuter/.research/runs/r20260923-211439-913b/bench_bare_p4/proofs/rep1/sub_05.proof
OK	2293833	/Users/danielreuter/.research/runs/r20260923-211439-913b/bench_bare_p4/proofs/rep1/sub_06.stmt
OK	3360460	/Users/danielreuter/.research/runs/r20260923-211439-913b/bench_bare_p4/proofs/rep1/sub_00.proof
OK	2293833	/Users/danielreuter/.research/runs/r20260923-211439-913b/bench_bare_p4/proofs/rep1/sub_01.stmt
OK	3360460	/Users/danielreuter/.research/runs/r20260923-211439-913b/bench_bare_p4/proofs/rep1/sub_02.proof
OK	2293833	/Users/danielreuter/.research/runs/r20260923-211439-913b/bench_bare_p4/proofs/rep1/sub_00.stmt
OK	3360460	/Users/danielreuter/.research/runs/r20260923-211439-913b/bench_bare_p4/proofs/rep1/sub_06.proof
OK	3360460	/Users/danielreuter/.research/runs/r20260923-211439-913b/bench_bare_p4/proofs/rep1/sub_04.proof
OK	5590480	/Users/danielreuter/.research/runs/r20260923-211439-913b/bench_hashed_p4/proofs/rep1/sub_03.proof
OK	5590480	/Users/danielreuter/.research/runs/r20260923-211439-913b/bench_hashed_p4/proofs/rep1/sub_01.proof
OK	5590480	/Users/danielreuter/.research/runs/r20260923-211439-913b/bench_hashed_p4/proofs/rep1/sub_05.proof
OK	5590480	/Users/danielreuter/.research/runs/r20260923-211439-913b/bench_hashed_p4/proofs/rep1/sub_00.proof
OK	5590480	/Users/danielreuter/.research/runs/r20260923-211439-913b/bench_hashed_p4/proofs/rep1/sub_02.proof
OK	5590480	/Users/danielreuter/.research/runs/r20260923-211439-913b/bench_hashed_p4/proofs/rep1/sub_06.proof
OK	5590480	/Users/danielreuter/.research/runs/r20260923-211439-913b/bench_hashed_p4/proofs/rep1/sub_04.proof
MISSING	12582912	/Users/danielreuter/.research/runs/r20260922-022913-d462/v1/vu-k1536.x.u16
MISSING	1572864	/Users/danielreuter/.research/runs/r20260922-022913-d462/v1/vu-k1536.acc.u32
MISSING	12582912	/Users/danielreuter/.research/runs/r20260922-022913-d462/v1/vu-k1536.w.u16
OK	1918148	/Users/danielreuter/.research/runs/r20260922-090931-b5be/resources.jsonl
OK	3515655	/Users/danielreuter/.research/runs/r20260922-092404-2a1b/resources.jsonl
OK	6605984	/Users/danielreuter/.research/runs/r20260922-105112-d542/resources.jsonl
MISSING	1092440	/Users/danielreuter/.research/runs/r20260923-001336-5a50/libtcgen05_fp4_sm_100a.so
OK	1875862	/Users/danielreuter/.research/runs/r20260922-103426-30a5/resources.jsonl
OK	9057749	/Users/danielreuter/.research/runs/r20260923-223427-9bab/resources.jsonl
OK	5247704	/Users/danielreuter/.research/runs/r20260923-223427-9bab/ligero-verify
OK	5081276	/Users/danielreuter/.research/runs/r20260923-223427-9bab/p4/bench/bare/proofs/rep1/sub_11.proof
OK	5081276	/Users/danielreuter/.research/runs/r20260923-223427-9bab/p4/bench/bare/proofs/rep1/sub_08.proof
OK	1114184	/Users/danielreuter/.research/runs/r20260923-223427-9bab/p4/bench/bare/proofs/rep1/sub_03.stmt
OK	1114184	/Users/danielreuter/.research/runs/r20260923-223427-9bab/p4/bench/bare/proofs/rep1/sub_02.stmt
OK	1114184	/Users/danielreuter/.research/runs/r20260923-223427-9bab/p4/bench/bare/proofs/rep1/sub_05.stmt
OK	5081276	/Users/danielreuter/.research/runs/r20260923-223427-9bab/p4/bench/bare/proofs/rep1/sub_12.proof
OK	5081276	/Users/danielreuter/.research/runs/r20260923-223427-9bab/p4/bench/bare/proofs/rep1/sub_10.proof
OK	5081276	/Users/danielreuter/.research/runs/r20260923-223427-9bab/p4/bench/bare/proofs/rep1/sub_09.proof
OK	1114184	/Users/danielreuter/.research/runs/r20260923-223427-9bab/p4/bench/bare/proofs/rep1/sub_09.stmt
OK	1114184	/Users/danielreuter/.research/runs/r20260923-223427-9bab/p4/bench/bare/proofs/rep1/sub_08.stmt
OK	1114184	/Users/danielreuter/.research/runs/r20260923-223427-9bab/p4/bench/bare/proofs/rep1/sub_04.stmt
OK	1114184	/Users/danielreuter/.research/runs/r20260923-223427-9bab/p4/bench/bare/proofs/rep1/sub_12.stmt
OK	5081276	/Users/danielreuter/.research/runs/r20260923-223427-9bab/p4/bench/bare/proofs/rep1/sub_03.proof
OK	1114184	/Users/danielreuter/.research/runs/r20260923-223427-9bab/p4/bench/bare/proofs/rep1/sub_07.stmt
OK	1114184	/Users/danielreuter/.research/runs/r20260923-223427-9bab/p4/bench/bare/proofs/rep1/sub_11.stmt
OK	5081276	/Users/danielreuter/.research/runs/r20260923-223427-9bab/p4/bench/bare/proofs/rep1/sub_01.proof
OK	5081276	/Users/danielreuter/.research/runs/r20260923-223427-9bab/p4/bench/bare/proofs/rep1/sub_05.proof
OK	5081276	/Users/danielreuter/.research/runs/r20260923-223427-9bab/p4/bench/bare/proofs/rep1/sub_07.proof
OK	1114184	/Users/danielreuter/.research/runs/r20260923-223427-9bab/p4/bench/bare/proofs/rep1/sub_10.stmt
OK	1114184	/Users/danielreuter/.research/runs/r20260923-223427-9bab/p4/bench/bare/proofs/rep1/sub_06.stmt
OK	5081276	/Users/danielreuter/.research/runs/r20260923-223427-9bab/p4/bench/bare/proofs/rep1/sub_00.proof
OK	1114184	/Users/danielreuter/.research/runs/r20260923-223427-9bab/p4/bench/bare/proofs/rep1/sub_01.stmt
OK	5081276	/Users/danielreuter/.research/runs/r20260923-223427-9bab/p4/bench/bare/proofs/rep1/sub_02.proof
OK	1114184	/Users/danielreuter/.research/runs/r20260923-223427-9bab/p4/bench/bare/proofs/rep1/sub_00.stmt
OK	5081276	/Users/danielreuter/.research/runs/r20260923-223427-9bab/p4/bench/bare/proofs/rep1/sub_06.proof
OK	5081276	/Users/danielreuter/.research/runs/r20260923-223427-9bab/p4/bench/bare/proofs/rep1/sub_04.proof
OK	5935052	/Users/danielreuter/.research/runs/r20260923-223427-9bab/p4/bench/ajtai/proofs/rep1/sub_11.proof
OK	5935052	/Users/danielreuter/.research/runs/r20260923-223427-9bab/p4/bench/ajtai/proofs/rep1/sub_08.proof
OK	5935052	/Users/danielreuter/.research/runs/r20260923-223427-9bab/p4/bench/ajtai/proofs/rep1/sub_12.proof
OK	5935052	/Users/danielreuter/.research/runs/r20260923-223427-9bab/p4/bench/ajtai/proofs/rep1/sub_10.proof
OK	5935052	/Users/danielreuter/.research/runs/r20260923-223427-9bab/p4/bench/ajtai/proofs/rep1/sub_09.proof
OK	5935052	/Users/danielreuter/.research/runs/r20260923-223427-9bab/p4/bench/ajtai/proofs/rep1/sub_03.proof
OK	5935052	/Users/danielreuter/.research/runs/r20260923-223427-9bab/p4/bench/ajtai/proofs/rep1/sub_01.proof
OK	5935052	/Users/danielreuter/.research/runs/r20260923-223427-9bab/p4/bench/ajtai/proofs/rep1/sub_05.proof
OK	5935052	/Users/danielreuter/.research/runs/r20260923-223427-9bab/p4/bench/ajtai/proofs/rep1/sub_07.proof
OK	5935052	/Users/danielreuter/.research/runs/r20260923-223427-9bab/p4/bench/ajtai/proofs/rep1/sub_00.proof
OK	5935052	/Users/danielreuter/.research/runs/r20260923-223427-9bab/p4/bench/ajtai/proofs/rep1/sub_02.proof
OK	5935052	/Users/danielreuter/.research/runs/r20260923-223427-9bab/p4/bench/ajtai/proofs/rep1/sub_06.proof
OK	5935052	/Users/danielreuter/.research/runs/r20260923-223427-9bab/p4/bench/ajtai/proofs/rep1/sub_04.proof
OK	6995020	/Users/danielreuter/.research/runs/r20260923-223427-9bab/p4/bench/hash/proofs/rep1/sub_11.proof
OK	6995020	/Users/danielreuter/.research/runs/r20260923-223427-9bab/p4/bench/hash/proofs/rep1/sub_08.proof
OK	6995020	/Users/danielreuter/.research/runs/r20260923-223427-9bab/p4/bench/hash/proofs/rep1/sub_12.proof
OK	6995020	/Users/danielreuter/.research/runs/r20260923-223427-9bab/p4/bench/hash/proofs/rep1/sub_10.proof
OK	6995020	/Users/danielreuter/.research/runs/r20260923-223427-9bab/p4/bench/hash/proofs/rep1/sub_09.proof
OK	6995020	/Users/danielreuter/.research/runs/r20260923-223427-9bab/p4/bench/hash/proofs/rep1/sub_03.proof
OK	6995020	/Users/danielreuter/.research/runs/r20260923-223427-9bab/p4/bench/hash/proofs/rep1/sub_01.proof
OK	6995020	/Users/danielreuter/.research/runs/r20260923-223427-9bab/p4/bench/hash/proofs/rep1/sub_05.proof
OK	6995020	/Users/danielreuter/.research/runs/r20260923-223427-9bab/p4/bench/hash/proofs/rep1/sub_07.proof
OK	6995020	/Users/danielreuter/.research/runs/r20260923-223427-9bab/p4/bench/hash/proofs/rep1/sub_00.proof
OK	6995020	/Users/danielreuter/.research/runs/r20260923-223427-9bab/p4/bench/hash/proofs/rep1/sub_02.proof
OK	6995020	/Users/danielreuter/.research/runs/r20260923-223427-9bab/p4/bench/hash/proofs/rep1/sub_06.proof
OK	6995020	/Users/danielreuter/.research/runs/r20260923-223427-9bab/p4/bench/hash/proofs/rep1/sub_04.proof
OK	1081420	/Users/danielreuter/.research/runs/r20260923-223427-9bab/p4/bench/hbare/proofs/rep1/sub_23.stmt
OK	4721136	/Users/danielreuter/.research/runs/r20260923-223427-9bab/p4/bench/hbare/proofs/rep1/sub_11.proof
OK	1081420	/Users/danielreuter/.research/runs/r20260923-223427-9bab/p4/bench/hbare/proofs/rep1/sub_19.stmt
OK	4721136	/Users/danielreuter/.research/runs/r20260923-223427-9bab/p4/bench/hbare/proofs/rep1/sub_08.proof
OK	4721136	/Users/danielreuter/.research/runs/r20260923-223427-9bab/p4/bench/hbare/proofs/rep1/sub_13.proof
OK	1081420	/Users/danielreuter/.research/runs/r20260923-223427-9bab/p4/bench/hbare/proofs/rep1/sub_15.stmt
OK	1081420	/Users/danielreuter/.research/runs/r20260923-223427-9bab/p4/bench/hbare/proofs/rep1/sub_03.stmt
OK	4721136	/Users/danielreuter/.research/runs/r20260923-223427-9bab/p4/bench/hbare/proofs/rep1/sub_17.proof
OK	1081420	/Users/danielreuter/.research/runs/r20260923-223427-9bab/p4/bench/hbare/proofs/rep1/sub_02.stmt
OK	1081420	/Users/danielreuter/.research/runs/r20260923-223427-9bab/p4/bench/hbare/proofs/rep1/sub_14.stmt
OK	1081420	/Users/danielreuter/.research/runs/r20260923-223427-9bab/p4/bench/hbare/proofs/rep1/sub_18.stmt
OK	1081420	/Users/danielreuter/.research/runs/r20260923-223427-9bab/p4/bench/hbare/proofs/rep1/sub_22.stmt
OK	4721136	/Users/danielreuter/.research/runs/r20260923-223427-9bab/p4/bench/hbare/proofs/rep1/sub_15.proof
OK	1081420	/Users/danielreuter/.research/runs/r20260923-223427-9bab/p4/bench/hbare/proofs/rep1/sub_13.stmt
OK	1081420	/Users/danielreuter/.research/runs/r20260923-223427-9bab/p4/bench/hbare/proofs/rep1/sub_05.stmt
OK	4721136	/Users/danielreuter/.research/runs/r20260923-223427-9bab/p4/bench/hbare/proofs/rep1/sub_12.proof
OK	4721136	/Users/danielreuter/.research/runs/r20260923-223427-9bab/p4/bench/hbare/proofs/rep1/sub_10.proof
OK	4721136	/Users/danielreuter/.research/runs/r20260923-223427-9bab/p4/bench/hbare/proofs/rep1/sub_09.proof
OK	1081420	/Users/danielreuter/.research/runs/r20260923-223427-9bab/p4/bench/hbare/proofs/rep1/sub_09.stmt
OK	1081420	/Users/danielreuter/.research/runs/r20260923-223427-9bab/p4/bench/hbare/proofs/rep1/sub_08.stmt
OK	4721136	/Users/danielreuter/.research/runs/r20260923-223427-9bab/p4/bench/hbare/proofs/rep1/sub_14.proof
OK	1081420	/Users/danielreuter/.research/runs/r20260923-223427-9bab/p4/bench/hbare/proofs/rep1/sub_24.stmt
OK	1081420	/Users/danielreuter/.research/runs/r20260923-223427-9bab/p4/bench/hbare/proofs/rep1/sub_04.stmt
OK	4721136	/Users/danielreuter/.research/runs/r20260923-223427-9bab/p4/bench/hbare/proofs/rep1/sub_16.proof
OK	1081420	/Users/danielreuter/.research/runs/r20260923-223427-9bab/p4/bench/hbare/proofs/rep1/sub_12.stmt
OK	4721136	/Users/danielreuter/.research/runs/r20260923-223427-9bab/p4/bench/hbare/proofs/rep1/sub_03.proof
OK	1081420	/Users/danielreuter/.research/runs/r20260923-223427-9bab/p4/bench/hbare/proofs/rep1/sub_07.stmt
OK	1081420	/Users/danielreuter/.research/runs/r20260923-223427-9bab/p4/bench/hbare/proofs/rep1/sub_11.stmt
OK	4721136	/Users/danielreuter/.research/runs/r20260923-223427-9bab/p4/bench/hbare/proofs/rep1/sub_18.proof
OK	4721136	/Users/danielreuter/.research/runs/r20260923-223427-9bab/p4/bench/hbare/proofs/rep1/sub_01.proof
OK	4721136	/Users/danielreuter/.research/runs/r20260923-223427-9bab/p4/bench/hbare/proofs/rep1/sub_05.proof
OK	4721136	/Users/danielreuter/.research/runs/r20260923-223427-9bab/p4/bench/hbare/proofs/rep1/sub_21.proof
OK	4721136	/Users/danielreuter/.research/runs/r20260923-223427-9bab/p4/bench/hbare/proofs/rep1/sub_23.proof
OK	4721136	/Users/danielreuter/.research/runs/r20260923-223427-9bab/p4/bench/hbare/proofs/rep1/sub_07.proof
OK	1081420	/Users/danielreuter/.research/runs/r20260923-223427-9bab/p4/bench/hbare/proofs/rep1/sub_10.stmt
OK	1081420	/Users/danielreuter/.research/runs/r20260923-223427-9bab/p4/bench/hbare/proofs/rep1/sub_06.stmt
OK	4721136	/Users/danielreuter/.research/runs/r20260923-223427-9bab/p4/bench/hbare/proofs/rep1/sub_19.proof
OK	4721136	/Users/danielreuter/.research/runs/r20260923-223427-9bab/p4/bench/hbare/proofs/rep1/sub_24.proof
OK	4721136	/Users/danielreuter/.research/runs/r20260923-223427-9bab/p4/bench/hbare/proofs/rep1/sub_00.proof
OK	1081420	/Users/danielreuter/.research/runs/r20260923-223427-9bab/p4/bench/hbare/proofs/rep1/sub_21.stmt
OK	1081420	/Users/danielreuter/.research/runs/r20260923-223427-9bab/p4/bench/hbare/proofs/rep1/sub_01.stmt
OK	4721136	/Users/danielreuter/.research/runs/r20260923-223427-9bab/p4/bench/hbare/proofs/rep1/sub_02.proof
OK	1081420	/Users/danielreuter/.research/runs/r20260923-223427-9bab/p4/bench/hbare/proofs/rep1/sub_17.stmt
OK	4721136	/Users/danielreuter/.research/runs/r20260923-223427-9bab/p4/bench/hbare/proofs/rep1/sub_22.proof
OK	1081420	/Users/danielreuter/.research/runs/r20260923-223427-9bab/p4/bench/hbare/proofs/rep1/sub_16.stmt
OK	1081420	/Users/danielreuter/.research/runs/r20260923-223427-9bab/p4/bench/hbare/proofs/rep1/sub_00.stmt
OK	4721136	/Users/danielreuter/.research/runs/r20260923-223427-9bab/p4/bench/hbare/proofs/rep1/sub_06.proof
OK	1081420	/Users/danielreuter/.research/runs/r20260923-223427-9bab/p4/bench/hbare/proofs/rep1/sub_20.stmt
OK	4721136	/Users/danielreuter/.research/runs/r20260923-223427-9bab/p4/bench/hbare/proofs/rep1/sub_04.proof
OK	4721136	/Users/danielreuter/.research/runs/r20260923-223427-9bab/p4/bench/hbare/proofs/rep1/sub_20.proof
OK	6568996	/Users/danielreuter/.research/runs/r20260923-223427-9bab/p4/bench/hhash/proofs/rep1/sub_11.proof
OK	6568996	/Users/danielreuter/.research/runs/r20260923-223427-9bab/p4/bench/hhash/proofs/rep1/sub_08.proof
OK	6568996	/Users/danielreuter/.research/runs/r20260923-223427-9bab/p4/bench/hhash/proofs/rep1/sub_13.proof
OK	6568996	/Users/danielreuter/.research/runs/r20260923-223427-9bab/p4/bench/hhash/proofs/rep1/sub_17.proof
OK	6568996	/Users/danielreuter/.research/runs/r20260923-223427-9bab/p4/bench/hhash/proofs/rep1/sub_15.proof
OK	6568996	/Users/danielreuter/.research/runs/r20260923-223427-9bab/p4/bench/hhash/proofs/rep1/sub_12.proof
OK	6568996	/Users/danielreuter/.research/runs/r20260923-223427-9bab/p4/bench/hhash/proofs/rep1/sub_10.proof
OK	6568996	/Users/danielreuter/.research/runs/r20260923-223427-9bab/p4/bench/hhash/proofs/rep1/sub_09.proof
OK	6568996	/Users/danielreuter/.research/runs/r20260923-223427-9bab/p4/bench/hhash/proofs/rep1/sub_14.proof
OK	6568996	/Users/danielreuter/.research/runs/r20260923-223427-9bab/p4/bench/hhash/proofs/rep1/sub_16.proof
OK	6568996	/Users/danielreuter/.research/runs/r20260923-223427-9bab/p4/bench/hhash/proofs/rep1/sub_03.proof
OK	6568996	/Users/danielreuter/.research/runs/r20260923-223427-9bab/p4/bench/hhash/proofs/rep1/sub_18.proof
OK	6568996	/Users/danielreuter/.research/runs/r20260923-223427-9bab/p4/bench/hhash/proofs/rep1/sub_01.proof
OK	6568996	/Users/danielreuter/.research/runs/r20260923-223427-9bab/p4/bench/hhash/proofs/rep1/sub_05.proof
OK	6568996	/Users/danielreuter/.research/runs/r20260923-223427-9bab/p4/bench/hhash/proofs/rep1/sub_21.proof
OK	6568996	/Users/danielreuter/.research/runs/r20260923-223427-9bab/p4/bench/hhash/proofs/rep1/sub_23.proof
OK	6568996	/Users/danielreuter/.research/runs/r20260923-223427-9bab/p4/bench/hhash/proofs/rep1/sub_07.proof
OK	6568996	/Users/danielreuter/.research/runs/r20260923-223427-9bab/p4/bench/hhash/proofs/rep1/sub_19.proof
OK	6568996	/Users/danielreuter/.research/runs/r20260923-223427-9bab/p4/bench/hhash/proofs/rep1/sub_24.proof
OK	6568996	/Users/danielreuter/.research/runs/r20260923-223427-9bab/p4/bench/hhash/proofs/rep1/sub_00.proof
OK	6568996	/Users/danielreuter/.research/runs/r20260923-223427-9bab/p4/bench/hhash/proofs/rep1/sub_02.proof
OK	6568996	/Users/danielreuter/.research/runs/r20260923-223427-9bab/p4/bench/hhash/proofs/rep1/sub_22.proof
OK	6568996	/Users/danielreuter/.research/runs/r20260923-223427-9bab/p4/bench/hhash/proofs/rep1/sub_06.proof
OK	6568996	/Users/danielreuter/.research/runs/r20260923-223427-9bab/p4/bench/hhash/proofs/rep1/sub_04.proof
OK	6568996	/Users/danielreuter/.research/runs/r20260923-223427-9bab/p4/bench/hhash/proofs/rep1/sub_20.proof
OK	5081276	/Users/danielreuter/.research/runs/r20260923-223427-9bab/p3/bench/bare/proofs/rep1/sub_11.proof
OK	5081276	/Users/danielreuter/.research/runs/r20260923-223427-9bab/p3/bench/bare/proofs/rep1/sub_08.proof
OK	1114184	/Users/danielreuter/.research/runs/r20260923-223427-9bab/p3/bench/bare/proofs/rep1/sub_03.stmt
OK	1114184	/Users/danielreuter/.research/runs/r20260923-223427-9bab/p3/bench/bare/proofs/rep1/sub_02.stmt
OK	1114184	/Users/danielreuter/.research/runs/r20260923-223427-9bab/p3/bench/bare/proofs/rep1/sub_05.stmt
OK	5081276	/Users/danielreuter/.research/runs/r20260923-223427-9bab/p3/bench/bare/proofs/rep1/sub_12.proof
OK	5081276	/Users/danielreuter/.research/runs/r20260923-223427-9bab/p3/bench/bare/proofs/rep1/sub_10.proof
OK	5081276	/Users/danielreuter/.research/runs/r20260923-223427-9bab/p3/bench/bare/proofs/rep1/sub_09.proof
OK	1114184	/Users/danielreuter/.research/runs/r20260923-223427-9bab/p3/bench/bare/proofs/rep1/sub_09.stmt
OK	1114184	/Users/danielreuter/.research/runs/r20260923-223427-9bab/p3/bench/bare/proofs/rep1/sub_08.stmt
OK	1114184	/Users/danielreuter/.research/runs/r20260923-223427-9bab/p3/bench/bare/proofs/rep1/sub_04.stmt
OK	1114184	/Users/danielreuter/.research/runs/r20260923-223427-9bab/p3/bench/bare/proofs/rep1/sub_12.stmt
OK	5081276	/Users/danielreuter/.research/runs/r20260923-223427-9bab/p3/bench/bare/proofs/rep1/sub_03.proof
OK	1114184	/Users/danielreuter/.research/runs/r20260923-223427-9bab/p3/bench/bare/proofs/rep1/sub_07.stmt
OK	1114184	/Users/danielreuter/.research/runs/r20260923-223427-9bab/p3/bench/bare/proofs/rep1/sub_11.stmt
OK	5081276	/Users/danielreuter/.research/runs/r20260923-223427-9bab/p3/bench/bare/proofs/rep1/sub_01.proof
OK	5081276	/Users/danielreuter/.research/runs/r20260923-223427-9bab/p3/bench/bare/proofs/rep1/sub_05.proof
OK	5081276	/Users/danielreuter/.research/runs/r20260923-223427-9bab/p3/bench/bare/proofs/rep1/sub_07.proof
OK	1114184	/Users/danielreuter/.research/runs/r20260923-223427-9bab/p3/bench/bare/proofs/rep1/sub_10.stmt
OK	1114184	/Users/danielreuter/.research/runs/r20260923-223427-9bab/p3/bench/bare/proofs/rep1/sub_06.stmt
OK	5081276	/Users/danielreuter/.research/runs/r20260923-223427-9bab/p3/bench/bare/proofs/rep1/sub_00.proof
OK	1114184	/Users/danielreuter/.research/runs/r20260923-223427-9bab/p3/bench/bare/proofs/rep1/sub_01.stmt
OK	5081276	/Users/danielreuter/.research/runs/r20260923-223427-9bab/p3/bench/bare/proofs/rep1/sub_02.proof
OK	1114184	/Users/danielreuter/.research/runs/r20260923-223427-9bab/p3/bench/bare/proofs/rep1/sub_00.stmt
OK	5081276	/Users/danielreuter/.research/runs/r20260923-223427-9bab/p3/bench/bare/proofs/rep1/sub_06.proof
OK	5081276	/Users/danielreuter/.research/runs/r20260923-223427-9bab/p3/bench/bare/proofs/rep1/sub_04.proof
OK	6995020	/Users/danielreuter/.research/runs/r20260923-223427-9bab/p3/bench/hash/proofs/rep1/sub_11.proof
OK	6995020	/Users/danielreuter/.research/runs/r20260923-223427-9bab/p3/bench/hash/proofs/rep1/sub_08.proof
OK	6995020	/Users/danielreuter/.research/runs/r20260923-223427-9bab/p3/bench/hash/proofs/rep1/sub_12.proof
OK	6995020	/Users/danielreuter/.research/runs/r20260923-223427-9bab/p3/bench/hash/proofs/rep1/sub_10.proof
OK	6995020	/Users/danielreuter/.research/runs/r20260923-223427-9bab/p3/bench/hash/proofs/rep1/sub_09.proof
OK	6995020	/Users/danielreuter/.research/runs/r20260923-223427-9bab/p3/bench/hash/proofs/rep1/sub_03.proof
OK	6995020	/Users/danielreuter/.research/runs/r20260923-223427-9bab/p3/bench/hash/proofs/rep1/sub_01.proof
OK	6995020	/Users/danielreuter/.research/runs/r20260923-223427-9bab/p3/bench/hash/proofs/rep1/sub_05.proof
OK	6995020	/Users/danielreuter/.research/runs/r20260923-223427-9bab/p3/bench/hash/proofs/rep1/sub_07.proof
OK	6995020	/Users/danielreuter/.research/runs/r20260923-223427-9bab/p3/bench/hash/proofs/rep1/sub_00.proof
OK	6995020	/Users/danielreuter/.research/runs/r20260923-223427-9bab/p3/bench/hash/proofs/rep1/sub_02.proof
OK	6995020	/Users/danielreuter/.research/runs/r20260923-223427-9bab/p3/bench/hash/proofs/rep1/sub_06.proof
OK	6995020	/Users/danielreuter/.research/runs/r20260923-223427-9bab/p3/bench/hash/proofs/rep1/sub_04.proof
OK	1081420	/Users/danielreuter/.research/runs/r20260923-223427-9bab/p3/bench/hbare/proofs/rep1/sub_23.stmt
OK	4721136	/Users/danielreuter/.research/runs/r20260923-223427-9bab/p3/bench/hbare/proofs/rep1/sub_11.proof
OK	1081420	/Users/danielreuter/.research/runs/r20260923-223427-9bab/p3/bench/hbare/proofs/rep1/sub_19.stmt
OK	4721136	/Users/danielreuter/.research/runs/r20260923-223427-9bab/p3/bench/hbare/proofs/rep1/sub_08.proof
OK	4721136	/Users/danielreuter/.research/runs/r20260923-223427-9bab/p3/bench/hbare/proofs/rep1/sub_13.proof
OK	1081420	/Users/danielreuter/.research/runs/r20260923-223427-9bab/p3/bench/hbare/proofs/rep1/sub_15.stmt
OK	1081420	/Users/danielreuter/.research/runs/r20260923-223427-9bab/p3/bench/hbare/proofs/rep1/sub_03.stmt
OK	4721136	/Users/danielreuter/.research/runs/r20260923-223427-9bab/p3/bench/hbare/proofs/rep1/sub_17.proof
OK	1081420	/Users/danielreuter/.research/runs/r20260923-223427-9bab/p3/bench/hbare/proofs/rep1/sub_02.stmt
OK	1081420	/Users/danielreuter/.research/runs/r20260923-223427-9bab/p3/bench/hbare/proofs/rep1/sub_14.stmt
OK	1081420	/Users/danielreuter/.research/runs/r20260923-223427-9bab/p3/bench/hbare/proofs/rep1/sub_18.stmt
OK	1081420	/Users/danielreuter/.research/runs/r20260923-223427-9bab/p3/bench/hbare/proofs/rep1/sub_22.stmt
OK	4721136	/Users/danielreuter/.research/runs/r20260923-223427-9bab/p3/bench/hbare/proofs/rep1/sub_15.proof
OK	1081420	/Users/danielreuter/.research/runs/r20260923-223427-9bab/p3/bench/hbare/proofs/rep1/sub_13.stmt
OK	1081420	/Users/danielreuter/.research/runs/r20260923-223427-9bab/p3/bench/hbare/proofs/rep1/sub_05.stmt
OK	4721136	/Users/danielreuter/.research/runs/r20260923-223427-9bab/p3/bench/hbare/proofs/rep1/sub_12.proof
OK	4721136	/Users/danielreuter/.research/runs/r20260923-223427-9bab/p3/bench/hbare/proofs/rep1/sub_10.proof
OK	4721136	/Users/danielreuter/.research/runs/r20260923-223427-9bab/p3/bench/hbare/proofs/rep1/sub_09.proof
OK	1081420	/Users/danielreuter/.research/runs/r20260923-223427-9bab/p3/bench/hbare/proofs/rep1/sub_09.stmt
OK	1081420	/Users/danielreuter/.research/runs/r20260923-223427-9bab/p3/bench/hbare/proofs/rep1/sub_08.stmt
OK	4721136	/Users/danielreuter/.research/runs/r20260923-223427-9bab/p3/bench/hbare/proofs/rep1/sub_14.proof
OK	1081420	/Users/danielreuter/.research/runs/r20260923-223427-9bab/p3/bench/hbare/proofs/rep1/sub_24.stmt
OK	1081420	/Users/danielreuter/.research/runs/r20260923-223427-9bab/p3/bench/hbare/proofs/rep1/sub_04.stmt
OK	4721136	/Users/danielreuter/.research/runs/r20260923-223427-9bab/p3/bench/hbare/proofs/rep1/sub_16.proof
OK	1081420	/Users/danielreuter/.research/runs/r20260923-223427-9bab/p3/bench/hbare/proofs/rep1/sub_12.stmt
OK	4721136	/Users/danielreuter/.research/runs/r20260923-223427-9bab/p3/bench/hbare/proofs/rep1/sub_03.proof
OK	1081420	/Users/danielreuter/.research/runs/r20260923-223427-9bab/p3/bench/hbare/proofs/rep1/sub_07.stmt
OK	1081420	/Users/danielreuter/.research/runs/r20260923-223427-9bab/p3/bench/hbare/proofs/rep1/sub_11.stmt
OK	4721136	/Users/danielreuter/.research/runs/r20260923-223427-9bab/p3/bench/hbare/proofs/rep1/sub_18.proof
OK	4721136	/Users/danielreuter/.research/runs/r20260923-223427-9bab/p3/bench/hbare/proofs/rep1/sub_01.proof
OK	4721136	/Users/danielreuter/.research/runs/r20260923-223427-9bab/p3/bench/hbare/proofs/rep1/sub_05.proof
OK	4721136	/Users/danielreuter/.research/runs/r20260923-223427-9bab/p3/bench/hbare/proofs/rep1/sub_21.proof
OK	4721136	/Users/danielreuter/.research/runs/r20260923-223427-9bab/p3/bench/hbare/proofs/rep1/sub_23.proof
OK	4721136	/Users/danielreuter/.research/runs/r20260923-223427-9bab/p3/bench/hbare/proofs/rep1/sub_07.proof
OK	1081420	/Users/danielreuter/.research/runs/r20260923-223427-9bab/p3/bench/hbare/proofs/rep1/sub_10.stmt
OK	1081420	/Users/danielreuter/.research/runs/r20260923-223427-9bab/p3/bench/hbare/proofs/rep1/sub_06.stmt
OK	4721136	/Users/danielreuter/.research/runs/r20260923-223427-9bab/p3/bench/hbare/proofs/rep1/sub_19.proof
OK	4721136	/Users/danielreuter/.research/runs/r20260923-223427-9bab/p3/bench/hbare/proofs/rep1/sub_24.proof
OK	4721136	/Users/danielreuter/.research/runs/r20260923-223427-9bab/p3/bench/hbare/proofs/rep1/sub_00.proof
OK	1081420	/Users/danielreuter/.research/runs/r20260923-223427-9bab/p3/bench/hbare/proofs/rep1/sub_21.stmt
OK	1081420	/Users/danielreuter/.research/runs/r20260923-223427-9bab/p3/bench/hbare/proofs/rep1/sub_01.stmt
OK	4721136	/Users/danielreuter/.research/runs/r20260923-223427-9bab/p3/bench/hbare/proofs/rep1/sub_02.proof
OK	1081420	/Users/danielreuter/.research/runs/r20260923-223427-9bab/p3/bench/hbare/proofs/rep1/sub_17.stmt
OK	4721136	/Users/danielreuter/.research/runs/r20260923-223427-9bab/p3/bench/hbare/proofs/rep1/sub_22.proof
OK	1081420	/Users/danielreuter/.research/runs/r20260923-223427-9bab/p3/bench/hbare/proofs/rep1/sub_16.stmt
OK	1081420	/Users/danielreuter/.research/runs/r20260923-223427-9bab/p3/bench/hbare/proofs/rep1/sub_00.stmt
OK	4721136	/Users/danielreuter/.research/runs/r20260923-223427-9bab/p3/bench/hbare/proofs/rep1/sub_06.proof
OK	1081420	/Users/danielreuter/.research/runs/r20260923-223427-9bab/p3/bench/hbare/proofs/rep1/sub_20.stmt
OK	4721136	/Users/danielreuter/.research/runs/r20260923-223427-9bab/p3/bench/hbare/proofs/rep1/sub_04.proof
OK	4721136	/Users/danielreuter/.research/runs/r20260923-223427-9bab/p3/bench/hbare/proofs/rep1/sub_20.proof
OK	6568996	/Users/danielreuter/.research/runs/r20260923-223427-9bab/p3/bench/hhash/proofs/rep1/sub_11.proof
OK	6568996	/Users/danielreuter/.research/runs/r20260923-223427-9bab/p3/bench/hhash/proofs/rep1/sub_08.proof
OK	6568996	/Users/danielreuter/.research/runs/r20260923-223427-9bab/p3/bench/hhash/proofs/rep1/sub_13.proof
OK	6568996	/Users/danielreuter/.research/runs/r20260923-223427-9bab/p3/bench/hhash/proofs/rep1/sub_17.proof
OK	6568996	/Users/danielreuter/.research/runs/r20260923-223427-9bab/p3/bench/hhash/proofs/rep1/sub_15.proof
OK	6568996	/Users/danielreuter/.research/runs/r20260923-223427-9bab/p3/bench/hhash/proofs/rep1/sub_12.proof
OK	6568996	/Users/danielreuter/.research/runs/r20260923-223427-9bab/p3/bench/hhash/proofs/rep1/sub_10.proof
OK	6568996	/Users/danielreuter/.research/runs/r20260923-223427-9bab/p3/bench/hhash/proofs/rep1/sub_09.proof
OK	6568996	/Users/danielreuter/.research/runs/r20260923-223427-9bab/p3/bench/hhash/proofs/rep1/sub_14.proof
OK	6568996	/Users/danielreuter/.research/runs/r20260923-223427-9bab/p3/bench/hhash/proofs/rep1/sub_16.proof
OK	6568996	/Users/danielreuter/.research/runs/r20260923-223427-9bab/p3/bench/hhash/proofs/rep1/sub_03.proof
OK	6568996	/Users/danielreuter/.research/runs/r20260923-223427-9bab/p3/bench/hhash/proofs/rep1/sub_18.proof
OK	6568996	/Users/danielreuter/.research/runs/r20260923-223427-9bab/p3/bench/hhash/proofs/rep1/sub_01.proof
OK	6568996	/Users/danielreuter/.research/runs/r20260923-223427-9bab/p3/bench/hhash/proofs/rep1/sub_05.proof
OK	6568996	/Users/danielreuter/.research/runs/r20260923-223427-9bab/p3/bench/hhash/proofs/rep1/sub_21.proof
OK	6568996	/Users/danielreuter/.research/runs/r20260923-223427-9bab/p3/bench/hhash/proofs/rep1/sub_23.proof
OK	6568996	/Users/danielreuter/.research/runs/r20260923-223427-9bab/p3/bench/hhash/proofs/rep1/sub_07.proof
OK	6568996	/Users/danielreuter/.research/runs/r20260923-223427-9bab/p3/bench/hhash/proofs/rep1/sub_19.proof
OK	6568996	/Users/danielreuter/.research/runs/r20260923-223427-9bab/p3/bench/hhash/proofs/rep1/sub_24.proof
OK	6568996	/Users/danielreuter/.research/runs/r20260923-223427-9bab/p3/bench/hhash/proofs/rep1/sub_00.proof
OK	6568996	/Users/danielreuter/.research/runs/r20260923-223427-9bab/p3/bench/hhash/proofs/rep1/sub_02.proof
OK	6568996	/Users/danielreuter/.research/runs/r20260923-223427-9bab/p3/bench/hhash/proofs/rep1/sub_22.proof
OK	6568996	/Users/danielreuter/.research/runs/r20260923-223427-9bab/p3/bench/hhash/proofs/rep1/sub_06.proof
OK	6568996	/Users/danielreuter/.research/runs/r20260923-223427-9bab/p3/bench/hhash/proofs/rep1/sub_04.proof
OK	6568996	/Users/danielreuter/.research/runs/r20260923-223427-9bab/p3/bench/hhash/proofs/rep1/sub_20.proof
OK	5806212	/Users/danielreuter/.research/runs/r20260923-223427-9bab/p3/bench/hajtai/proofs/rep1/sub_11.proof
OK	5806212	/Users/danielreuter/.research/runs/r20260923-223427-9bab/p3/bench/hajtai/proofs/rep1/sub_08.proof
OK	5806212	/Users/danielreuter/.research/runs/r20260923-223427-9bab/p3/bench/hajtai/proofs/rep1/sub_13.proof
OK	5806212	/Users/danielreuter/.research/runs/r20260923-223427-9bab/p3/bench/hajtai/proofs/rep1/sub_17.proof
OK	5806212	/Users/danielreuter/.research/runs/r20260923-223427-9bab/p3/bench/hajtai/proofs/rep1/sub_15.proof
OK	5806212	/Users/danielreuter/.research/runs/r20260923-223427-9bab/p3/bench/hajtai/proofs/rep1/sub_12.proof
OK	5806212	/Users/danielreuter/.research/runs/r20260923-223427-9bab/p3/bench/hajtai/proofs/rep1/sub_10.proof
OK	5806212	/Users/danielreuter/.research/runs/r20260923-223427-9bab/p3/bench/hajtai/proofs/rep1/sub_09.proof
OK	5806212	/Users/danielreuter/.research/runs/r20260923-223427-9bab/p3/bench/hajtai/proofs/rep1/sub_14.proof
OK	5806212	/Users/danielreuter/.research/runs/r20260923-223427-9bab/p3/bench/hajtai/proofs/rep1/sub_16.proof
OK	5806212	/Users/danielreuter/.research/runs/r20260923-223427-9bab/p3/bench/hajtai/proofs/rep1/sub_03.proof
OK	5806212	/Users/danielreuter/.research/runs/r20260923-223427-9bab/p3/bench/hajtai/proofs/rep1/sub_18.proof
OK	5806212	/Users/danielreuter/.research/runs/r20260923-223427-9bab/p3/bench/hajtai/proofs/rep1/sub_01.proof
OK	5806212	/Users/danielreuter/.research/runs/r20260923-223427-9bab/p3/bench/hajtai/proofs/rep1/sub_05.proof
OK	5806212	/Users/danielreuter/.research/runs/r20260923-223427-9bab/p3/bench/hajtai/proofs/rep1/sub_21.proof
OK	5806212	/Users/danielreuter/.research/runs/r20260923-223427-9bab/p3/bench/hajtai/proofs/rep1/sub_23.proof
OK	5806212	/Users/danielreuter/.research/runs/r20260923-223427-9bab/p3/bench/hajtai/proofs/rep1/sub_07.proof
OK	5806212	/Users/danielreuter/.research/runs/r20260923-223427-9bab/p3/bench/hajtai/proofs/rep1/sub_19.proof
OK	5806212	/Users/danielreuter/.research/runs/r20260923-223427-9bab/p3/bench/hajtai/proofs/rep1/sub_24.proof
OK	5806212	/Users/danielreuter/.research/runs/r20260923-223427-9bab/p3/bench/hajtai/proofs/rep1/sub_00.proof
OK	5806212	/Users/danielreuter/.research/runs/r20260923-223427-9bab/p3/bench/hajtai/proofs/rep1/sub_02.proof
OK	5806212	/Users/danielreuter/.research/runs/r20260923-223427-9bab/p3/bench/hajtai/proofs/rep1/sub_22.proof
OK	5806212	/Users/danielreuter/.research/runs/r20260923-223427-9bab/p3/bench/hajtai/proofs/rep1/sub_06.proof
OK	5806212	/Users/danielreuter/.research/runs/r20260923-223427-9bab/p3/bench/hajtai/proofs/rep1/sub_04.proof
OK	5806212	/Users/danielreuter/.research/runs/r20260923-223427-9bab/p3/bench/hajtai/proofs/rep1/sub_20.proof
MISSING	1092440	/Users/danielreuter/.research/runs/r20260923-001759-d869/libtcgen05_fp4_sm_100a.so
OK	6148636	/Users/danielreuter/.research/runs/r20260923-001759-d869/resources.jsonl
MISSING	4075839	/Users/danielreuter/.research/runs/r20260923-001759-d869/inputs/probe3_1783788526.json
OK	1709464	/Users/danielreuter/.research/runs/r20260922-053757-3b76/resources.jsonl
OK	7886304	/Users/danielreuter/.research/runs/r20260922-230845-6c99/resources.jsonl
MISSING	15335440	/Users/danielreuter/.research/runs/r20260922-014938-14b3/inputs/honest.bin
MISSING	21183193	/Users/danielreuter/.research/runs/r20260923-225436-1399/resources.jsonl
MISSING	28918317	/Users/danielreuter/.research/runs/r20260923-131111-4c92/resources.jsonl
MISSING	3488939	/Users/danielreuter/.research/runs/r20260924-173844-26c8/resources.jsonl
MISSING	7628117	/Users/danielreuter/.research/runs/r20260923-222226-d052/resources.jsonl
OK	2293833	/Users/danielreuter/.research/runs/r20260923-222226-d052/bench_bare_p8/proofs/rep1/sub_03.stmt
OK	2293833	/Users/danielreuter/.research/runs/r20260923-222226-d052/bench_bare_p8/proofs/rep1/sub_02.stmt
OK	2293833	/Users/danielreuter/.research/runs/r20260923-222226-d052/bench_bare_p8/proofs/rep1/sub_05.stmt
OK	2293833	/Users/danielreuter/.research/runs/r20260923-222226-d052/bench_bare_p8/proofs/rep1/sub_04.stmt
OK	3360460	/Users/danielreuter/.research/runs/r20260923-222226-d052/bench_bare_p8/proofs/rep1/sub_03.proof
OK	3360460	/Users/danielreuter/.research/runs/r20260923-222226-d052/bench_bare_p8/proofs/rep1/sub_01.proof
OK	3360460	/Users/danielreuter/.research/runs/r20260923-222226-d052/bench_bare_p8/proofs/rep1/sub_05.proof
OK	2293833	/Users/danielreuter/.research/runs/r20260923-222226-d052/bench_bare_p8/proofs/rep1/sub_06.stmt
OK	3360460	/Users/danielreuter/.research/runs/r20260923-222226-d052/bench_bare_p8/proofs/rep1/sub_00.proof
OK	2293833	/Users/danielreuter/.research/runs/r20260923-222226-d052/bench_bare_p8/proofs/rep1/sub_01.stmt
OK	3360460	/Users/danielreuter/.research/runs/r20260923-222226-d052/bench_bare_p8/proofs/rep1/sub_02.proof
OK	2293833	/Users/danielreuter/.research/runs/r20260923-222226-d052/bench_bare_p8/proofs/rep1/sub_00.stmt
OK	3360460	/Users/danielreuter/.research/runs/r20260923-222226-d052/bench_bare_p8/proofs/rep1/sub_06.proof
OK	3360460	/Users/danielreuter/.research/runs/r20260923-222226-d052/bench_bare_p8/proofs/rep1/sub_04.proof
OK	5590480	/Users/danielreuter/.research/runs/r20260923-222226-d052/bench_hashed_p8/proofs/rep1/sub_03.proof
OK	5590480	/Users/danielreuter/.research/runs/r20260923-222226-d052/bench_hashed_p8/proofs/rep1/sub_01.proof
OK	5590480	/Users/danielreuter/.research/runs/r20260923-222226-d052/bench_hashed_p8/proofs/rep1/sub_05.proof
OK	5590480	/Users/danielreuter/.research/runs/r20260923-222226-d052/bench_hashed_p8/proofs/rep1/sub_00.proof
OK	5590480	/Users/danielreuter/.research/runs/r20260923-222226-d052/bench_hashed_p8/proofs/rep1/sub_02.proof
OK	5590480	/Users/danielreuter/.research/runs/r20260923-222226-d052/bench_hashed_p8/proofs/rep1/sub_06.proof
OK	5590480	/Users/danielreuter/.research/runs/r20260923-222226-d052/bench_hashed_p8/proofs/rep1/sub_04.proof
OK	2293833	/Users/danielreuter/.research/runs/r20260923-222226-d052/bench_bare_p4/proofs/rep1/sub_03.stmt
OK	2293833	/Users/danielreuter/.research/runs/r20260923-222226-d052/bench_bare_p4/proofs/rep1/sub_02.stmt
OK	2293833	/Users/danielreuter/.research/runs/r20260923-222226-d052/bench_bare_p4/proofs/rep1/sub_05.stmt
OK	2293833	/Users/danielreuter/.research/runs/r20260923-222226-d052/bench_bare_p4/proofs/rep1/sub_04.stmt
OK	3360460	/Users/danielreuter/.research/runs/r20260923-222226-d052/bench_bare_p4/proofs/rep1/sub_03.proof
OK	3360460	/Users/danielreuter/.research/runs/r20260923-222226-d052/bench_bare_p4/proofs/rep1/sub_01.proof
OK	3360460	/Users/danielreuter/.research/runs/r20260923-222226-d052/bench_bare_p4/proofs/rep1/sub_05.proof
OK	2293833	/Users/danielreuter/.research/runs/r20260923-222226-d052/bench_bare_p4/proofs/rep1/sub_06.stmt
OK	3360460	/Users/danielreuter/.research/runs/r20260923-222226-d052/bench_bare_p4/proofs/rep1/sub_00.proof
OK	2293833	/Users/danielreuter/.research/runs/r20260923-222226-d052/bench_bare_p4/proofs/rep1/sub_01.stmt
OK	3360460	/Users/danielreuter/.research/runs/r20260923-222226-d052/bench_bare_p4/proofs/rep1/sub_02.proof
OK	2293833	/Users/danielreuter/.research/runs/r20260923-222226-d052/bench_bare_p4/proofs/rep1/sub_00.stmt
OK	3360460	/Users/danielreuter/.research/runs/r20260923-222226-d052/bench_bare_p4/proofs/rep1/sub_06.proof
OK	3360460	/Users/danielreuter/.research/runs/r20260923-222226-d052/bench_bare_p4/proofs/rep1/sub_04.proof
OK	5590480	/Users/danielreuter/.research/runs/r20260923-222226-d052/bench_hashed_p4/proofs/rep1/sub_03.proof
OK	5590480	/Users/danielreuter/.research/runs/r20260923-222226-d052/bench_hashed_p4/proofs/rep1/sub_01.proof
OK	5590480	/Users/danielreuter/.research/runs/r20260923-222226-d052/bench_hashed_p4/proofs/rep1/sub_05.proof
OK	5590480	/Users/danielreuter/.research/runs/r20260923-222226-d052/bench_hashed_p4/proofs/rep1/sub_00.proof
OK	5590480	/Users/danielreuter/.research/runs/r20260923-222226-d052/bench_hashed_p4/proofs/rep1/sub_02.proof
OK	5590480	/Users/danielreuter/.research/runs/r20260923-222226-d052/bench_hashed_p4/proofs/rep1/sub_06.proof
OK	5590480	/Users/danielreuter/.research/runs/r20260923-222226-d052/bench_hashed_p4/proofs/rep1/sub_04.proof
OK	2293833	/Users/danielreuter/.research/runs/r20260923-222226-d052/bench_bare_p2/proofs/rep1/sub_03.stmt
OK	2293833	/Users/danielreuter/.research/runs/r20260923-222226-d052/bench_bare_p2/proofs/rep1/sub_02.stmt
OK	2293833	/Users/danielreuter/.research/runs/r20260923-222226-d052/bench_bare_p2/proofs/rep1/sub_05.stmt
OK	2293833	/Users/danielreuter/.research/runs/r20260923-222226-d052/bench_bare_p2/proofs/rep1/sub_04.stmt
OK	3360460	/Users/danielreuter/.research/runs/r20260923-222226-d052/bench_bare_p2/proofs/rep1/sub_03.proof
OK	3360460	/Users/danielreuter/.research/runs/r20260923-222226-d052/bench_bare_p2/proofs/rep1/sub_01.proof
OK	3360460	/Users/danielreuter/.research/runs/r20260923-222226-d052/bench_bare_p2/proofs/rep1/sub_05.proof
OK	2293833	/Users/danielreuter/.research/runs/r20260923-222226-d052/bench_bare_p2/proofs/rep1/sub_06.stmt
OK	3360460	/Users/danielreuter/.research/runs/r20260923-222226-d052/bench_bare_p2/proofs/rep1/sub_00.proof
OK	2293833	/Users/danielreuter/.research/runs/r20260923-222226-d052/bench_bare_p2/proofs/rep1/sub_01.stmt
OK	3360460	/Users/danielreuter/.research/runs/r20260923-222226-d052/bench_bare_p2/proofs/rep1/sub_02.proof
OK	2293833	/Users/danielreuter/.research/runs/r20260923-222226-d052/bench_bare_p2/proofs/rep1/sub_00.stmt
OK	3360460	/Users/danielreuter/.research/runs/r20260923-222226-d052/bench_bare_p2/proofs/rep1/sub_06.proof
OK	3360460	/Users/danielreuter/.research/runs/r20260923-222226-d052/bench_bare_p2/proofs/rep1/sub_04.proof
OK	5590480	/Users/danielreuter/.research/runs/r20260923-222226-d052/bench_hashed_p2/proofs/rep1/sub_03.proof
OK	5590480	/Users/danielreuter/.research/runs/r20260923-222226-d052/bench_hashed_p2/proofs/rep1/sub_01.proof
OK	5590480	/Users/danielreuter/.research/runs/r20260923-222226-d052/bench_hashed_p2/proofs/rep1/sub_05.proof
OK	5590480	/Users/danielreuter/.research/runs/r20260923-222226-d052/bench_hashed_p2/proofs/rep1/sub_00.proof
OK	5590480	/Users/danielreuter/.research/runs/r20260923-222226-d052/bench_hashed_p2/proofs/rep1/sub_02.proof
OK	5590480	/Users/danielreuter/.research/runs/r20260923-222226-d052/bench_hashed_p2/proofs/rep1/sub_06.proof
OK	5590480	/Users/danielreuter/.research/runs/r20260923-222226-d052/bench_hashed_p2/proofs/rep1/sub_04.proof
MISSING	1092440	/Users/danielreuter/.research/runs/r20260923-002315-b793/libtcgen05_fp4_sm_100a.so
OK	6714328	/Users/danielreuter/.research/runs/r20260923-002315-b793/resources.jsonl
MISSING	1092440	/Users/danielreuter/.research/runs/r20260923-001903-c420/libtcgen05_fp4_sm_100a.so
OK	3741363	/Users/danielreuter/.research/runs/r20260923-001903-c420/resources.jsonl
OK	3207433	/Users/danielreuter/.research/runs/r20260924-065721-3ac3/resources.jsonl
OK	21213880	/Users/danielreuter/.research/runs/r20260924-065721-3ac3/proofs/rep2.bin
OK	21213880	/Users/danielreuter/.research/runs/r20260924-065721-3ac3/proofs/rep1.bin
OK	21213880	/Users/danielreuter/.research/runs/r20260924-065721-3ac3/proofs/rep0.bin
OK	2429337	/Users/danielreuter/.research/runs/r20260924-065721-3ac3/statement/circuit.txt
OK	1469760	/Users/danielreuter/.research/runs/r20260922-055358-9f6b/resources.jsonl
OK	107610760	/Users/danielreuter/.research/runs/r20260921-232750-56c5/tiles_randn_zero_acc.npz
OK	4950243	/Users/danielreuter/.research/runs/r20260921-232750-56c5/tiles_zero_acc_tiny_cancellation.npz
OK	17422473	/Users/danielreuter/.research/runs/r20260921-232750-56c5/tiles_cancellation.npz
OK	40091449	/Users/danielreuter/.research/runs/r20260921-232750-56c5/tiles_randn_random_acc.npz
OK	17332189	/Users/danielreuter/.research/runs/r20260921-232750-56c5/tiles_mixed_magnitude.npz
OK	18986058	/Users/danielreuter/.research/runs/r20260921-232750-56c5/tiles_subnormal.npz
OK	3397954	/Users/danielreuter/.research/runs/r20260921-232750-56c5/resources.jsonl
OK	7174974	/Users/danielreuter/.research/runs/r20260921-232750-56c5/tiles_near_overflow.npz
OK	34673725	/Users/danielreuter/.research/runs/r20260921-232750-56c5/tiles_uniform_bits.npz
OK	3032473	/Users/danielreuter/.research/runs/r20260922-081245-1e0d/resources.jsonl
OK	1278559	/Users/danielreuter/.research/runs/r20260922-112419-ec4f/resources.jsonl
MISSING	2814256	/Users/danielreuter/.research/runs/r20260922-112419-ec4f/proofs/forged_interactive_zk/forged_neg_01.proof
MISSING	2814256	/Users/danielreuter/.research/runs/r20260922-112419-ec4f/proofs/forged_interactive_zk/forged_neg_25.proof
MISSING	2814256	/Users/danielreuter/.research/runs/r20260922-112419-ec4f/proofs/forged_interactive_zk/forged_neg_18.proof
MISSING	2814256	/Users/danielreuter/.research/runs/r20260922-112419-ec4f/proofs/forged_interactive_zk/forged_neg_27.proof
MISSING	2814256	/Users/danielreuter/.research/runs/r20260922-112419-ec4f/proofs/forged_interactive_zk/forged_neg_03.proof
MISSING	2814256	/Users/danielreuter/.research/runs/r20260922-112419-ec4f/proofs/forged_interactive_zk/forged_neg_07.proof
MISSING	2814256	/Users/danielreuter/.research/runs/r20260922-112419-ec4f/proofs/forged_interactive_zk/forged_neg_42.proof
MISSING	2814256	/Users/danielreuter/.research/runs/r20260922-112419-ec4f/proofs/forged_interactive_zk/forged_honest_operands_wrong_word.proof
MISSING	2814256	/Users/danielreuter/.research/runs/r20260922-112419-ec4f/proofs/forged_interactive_zk/forged_neg_23.proof
MISSING	2814256	/Users/danielreuter/.research/runs/r20260922-112419-ec4f/proofs/forged_interactive_zk/forged_neg_21.proof
MISSING	2814256	/Users/danielreuter/.research/runs/r20260922-112419-ec4f/proofs/forged_interactive_zk/forged_neg_38.proof
MISSING	2814256	/Users/danielreuter/.research/runs/r20260922-112419-ec4f/proofs/forged_interactive_zk/forged_neg_05.proof
MISSING	2814256	/Users/danielreuter/.research/runs/r20260922-112419-ec4f/proofs/forged_interactive_zk/forged_neg_40.proof
MISSING	2814256	/Users/danielreuter/.research/runs/r20260922-112419-ec4f/proofs/forged_interactive_zk/forged_neg_26.proof
MISSING	2814256	/Users/danielreuter/.research/runs/r20260922-112419-ec4f/proofs/forged_interactive_zk/forged_neg_02.proof
MISSING	2814256	/Users/danielreuter/.research/runs/r20260922-112419-ec4f/proofs/forged_interactive_zk/forged_neg_00.proof
MISSING	2814256	/Users/danielreuter/.research/runs/r20260922-112419-ec4f/proofs/forged_interactive_zk/forged_neg_19.proof
MISSING	2814256	/Users/danielreuter/.research/runs/r20260922-112419-ec4f/proofs/forged_interactive_zk/forged_neg_24.proof
MISSING	2814256	/Users/danielreuter/.research/runs/r20260922-112419-ec4f/proofs/forged_interactive_zk/forged_neg_20.proof
MISSING	2814256	/Users/danielreuter/.research/runs/r20260922-112419-ec4f/proofs/forged_interactive_zk/forged_neg_41.proof
MISSING	2814256	/Users/danielreuter/.research/runs/r20260922-112419-ec4f/proofs/forged_interactive_zk/forged_neg_04.proof
MISSING	2814256	/Users/danielreuter/.research/runs/r20260922-112419-ec4f/proofs/forged_interactive_zk/forged_neg_39.proof
MISSING	2814256	/Users/danielreuter/.research/runs/r20260922-112419-ec4f/proofs/forged_interactive_zk/forged_neg_43.proof
MISSING	2814256	/Users/danielreuter/.research/runs/r20260922-112419-ec4f/proofs/forged_interactive_zk/forged_neg_06.proof
MISSING	2814256	/Users/danielreuter/.research/runs/r20260922-112419-ec4f/proofs/forged_interactive_zk/forged_neg_22.proof
MISSING	2814256	/Users/danielreuter/.research/runs/r20260922-112419-ec4f/proofs/forged_interactive_zk/forged_neg_13.proof
MISSING	2814256	/Users/danielreuter/.research/runs/r20260922-112419-ec4f/proofs/forged_interactive_zk/forged_neg_37.proof
MISSING	2814256	/Users/danielreuter/.research/runs/r20260922-112419-ec4f/proofs/forged_interactive_zk/forged_neg_35.proof
MISSING	2814256	/Users/danielreuter/.research/runs/r20260922-112419-ec4f/proofs/forged_interactive_zk/forged_neg_08.proof
MISSING	2814256	/Users/danielreuter/.research/runs/r20260922-112419-ec4f/proofs/forged_interactive_zk/forged_neg_11.proof
MISSING	2814256	/Users/danielreuter/.research/runs/r20260922-112419-ec4f/proofs/forged_interactive_zk/forged_neg_28.proof
MISSING	2814256	/Users/danielreuter/.research/runs/r20260922-112419-ec4f/proofs/forged_interactive_zk/forged_neg_15.proof
MISSING	2814256	/Users/danielreuter/.research/runs/r20260922-112419-ec4f/proofs/forged_interactive_zk/forged_neg_50.proof
MISSING	2814256	/Users/danielreuter/.research/runs/r20260922-112419-ec4f/proofs/forged_interactive_zk/forged_neg_31.proof
MISSING	2814256	/Users/danielreuter/.research/runs/r20260922-112419-ec4f/proofs/forged_interactive_zk/forged_neg_49.proof
MISSING	2814256	/Users/danielreuter/.research/runs/r20260922-112419-ec4f/proofs/forged_interactive_zk/forged_neg_33.proof
MISSING	2814256	/Users/danielreuter/.research/runs/r20260922-112419-ec4f/proofs/forged_interactive_zk/forged_neg_17.proof
MISSING	2814256	/Users/danielreuter/.research/runs/r20260922-112419-ec4f/proofs/forged_interactive_zk/forged_neg_09.proof
MISSING	2814256	/Users/danielreuter/.research/runs/r20260922-112419-ec4f/proofs/forged_interactive_zk/forged_neg_34.proof
MISSING	2814256	/Users/danielreuter/.research/runs/r20260922-112419-ec4f/proofs/forged_interactive_zk/forged_neg_10.proof
MISSING	2814256	/Users/danielreuter/.research/runs/r20260922-112419-ec4f/proofs/forged_interactive_zk/forged_neg_12.proof
MISSING	2814256	/Users/danielreuter/.research/runs/r20260922-112419-ec4f/proofs/forged_interactive_zk/forged_neg_36.proof
MISSING	2814256	/Users/danielreuter/.research/runs/r20260922-112419-ec4f/proofs/forged_interactive_zk/forged_neg_32.proof
MISSING	2814256	/Users/danielreuter/.research/runs/r20260922-112419-ec4f/proofs/forged_interactive_zk/forged_neg_16.proof
MISSING	2814256	/Users/danielreuter/.research/runs/r20260922-112419-ec4f/proofs/forged_interactive_zk/forged_neg_51.proof
MISSING	2814256	/Users/danielreuter/.research/runs/r20260922-112419-ec4f/proofs/forged_interactive_zk/forged_neg_14.proof
MISSING	2814256	/Users/danielreuter/.research/runs/r20260922-112419-ec4f/proofs/forged_interactive_zk/forged_neg_29.proof
MISSING	2814256	/Users/danielreuter/.research/runs/r20260922-112419-ec4f/proofs/forged_interactive_zk/forged_neg_48.proof
MISSING	2814256	/Users/danielreuter/.research/runs/r20260922-112419-ec4f/proofs/forged_interactive_zk/forged_neg_30.proof
OK	3513485	/Users/danielreuter/.research/runs/r20260922-091350-15e3/resources.jsonl
OK	5926957	/Users/danielreuter/.research/runs/r20260922-100305-2b13/resources.jsonl
MISSING	149755904	/Users/danielreuter/.research/runs/r20260922-101533-4fe3/inputs/set_zk.tar
OK	1617559	/Users/danielreuter/.research/runs/r20260922-065844-2b84/resources.jsonl
MISSING	149653516	/Users/danielreuter/.research/runs/r20260921-230852-4f1e/cases.txt
OK	3044866	/Users/danielreuter/.research/runs/r20260921-230852-4f1e/resources.jsonl
MISSING	33871324	/Users/danielreuter/.research/runs/r20260922-115019-03ea/proof_v1.bin
MISSING	21127828	/Users/danielreuter/.research/runs/r20260922-115019-03ea/proof_v2.bin
OK	5518904	/Users/danielreuter/.research/runs/r20260922-115019-03ea/resources.jsonl
MISSING	1092440	/Users/danielreuter/.research/runs/r20260923-001528-f5c5/libtcgen05_fp4_sm_100a.so
OK	1700516	/Users/danielreuter/.research/runs/r20260922-021158-4f09/resources.jsonl
OK	1100320	/Users/danielreuter/.research/runs/r20260922-072959-ef63/resources.jsonl
OK	7013586	/Users/danielreuter/.research/runs/r20260922-073904-7a6c/resources.jsonl
MISSING	2809720	/Users/danielreuter/.research/runs/r20260922-103318-2624/dump/gate.proof
MISSING	4075839	/Users/danielreuter/.research/runs/r20260922-215616-3c10/inputs/probe3_1783788526.json
OK	1131283	/Users/danielreuter/.research/runs/r20260922-075743-78b5/resources.jsonl
MISSING	12582912	/Users/danielreuter/.research/runs/r20260922-010605-5094/v1/vu-k1536.x.u16
MISSING	1572864	/Users/danielreuter/.research/runs/r20260922-010605-5094/v1/vu-k1536.acc.u32
MISSING	12582912	/Users/danielreuter/.research/runs/r20260922-010605-5094/v1/vu-k1536.w.u16
OK	2172465	/Users/danielreuter/.research/runs/r20260922-081113-f56e/resources.jsonl
OK	2041326	/Users/danielreuter/.research/runs/r20260922-095013-db80/resources.jsonl
