06:01:11Z DONE
06:20:31Z restart (first pass consumed the run list via stdin)
06:20:31Z r20260923-071555-23f9 r20260923-071555-23f9: custody on s3://verity-dev @ https://1d4dfa0a7dc0639e19f5d0125f14a634.r2.cloudflarestorage.com: attempt + run record art:e8ee22142bf9cad6d6ac5c3e2e133f68f275bb3aa64f3dc87db472d6a85c8a97 (11 file(s)
06:20:37Z r20260922-222501-6487 r20260922-222501-6487: custody on s3://verity-dev @ https://1d4dfa0a7dc0639e19f5d0125f14a634.r2.cloudflarestorage.com: attempt + run record art:f4c0f1f49bc6c5737b84a7e63f4e6ff79697e44f3aef8a6d759c43598e34fd4a (15 file(s)
06:20:45Z r20260922-221859-1af0 r20260922-221859-1af0: custody on s3://verity-dev @ https://1d4dfa0a7dc0639e19f5d0125f14a634.r2.cloudflarestorage.com: attempt + run record art:d2b24d86dc5502ed561ba74d2a43c1388e4c3a0e1591a87bb75a555758a03424 (15 file(s)
06:20:53Z r20260922-221538-c0c9 r20260922-221538-c0c9: custody on s3://verity-dev @ https://1d4dfa0a7dc0639e19f5d0125f14a634.r2.cloudflarestorage.com: attempt + run record art:cfec9108a3b2d1035a448ea4b54de3ebb5a50da5b464aa9d8895a96edffd72b2 (17 file(s)
06:20:58Z r20260922-183504-af4e r20260922-183504-af4e: custody on s3://verity-dev @ https://1d4dfa0a7dc0639e19f5d0125f14a634.r2.cloudflarestorage.com: attempt + run record art:ba47348a8282c0d8e2069021ecd2c86014615db4f6caef73f921115b200f0f21 (7 file(s))
06:21:02Z r20260922-230411-376c r20260922-230411-376c: custody on s3://verity-dev @ https://1d4dfa0a7dc0639e19f5d0125f14a634.r2.cloudflarestorage.com: attempt + run record art:e4bb6613eed4dea7b514671c453008d5e5f3f4a5004b94e3a89df20e21564efe (6 file(s))
06:21:07Z r20260924-005949-5de5 r20260924-005949-5de5: NO custody on the remote: the attempt names no run record (published without custody): only `research fetch --all` gives this run custody
06:21:18Z r20260923-232925-101b r20260923-232925-101b: NO custody on the remote: the attempt names no run record (published without custody): only `research fetch --all` gives this run custody
06:21:22Z r20260924-004112-65ad r20260924-004112-65ad: NO custody on the remote: the attempt names no run record (published without custody): only `research fetch --all` gives this run custody
06:21:27Z r20260924-011139-054c r20260924-011139-054c: NO custody on the remote: the attempt names no run record (published without custody): only `research fetch --all` gives this run custody
06:21:33Z r20260924-000256-646c r20260924-000256-646c: NO custody on the remote: the attempt names no run record (published without custody): only `research fetch --all` gives this run custody
06:22:34Z r20260924-234524-0620 r20260924-234524-0620: custody on s3://verity-dev @ https://1d4dfa0a7dc0639e19f5d0125f14a634.r2.cloudflarestorage.com: attempt + run record art:74e129b253c4793d78f52176c81ced94c0cbdbd9352405a315124b8fdee8758b (7 file(s))
06:22:39Z r20260924-222022-d9a6 r20260924-222022-d9a6: custody on s3://verity-dev @ https://1d4dfa0a7dc0639e19f5d0125f14a634.r2.cloudflarestorage.com: attempt + run record art:5ff50ce9926f97e61c0a18676d2d08054bbb3f55ab0e634a0fdd7abd5ff3473f (7 file(s))
06:22:44Z r20260924-221949-8668 r20260924-221949-8668: custody on s3://verity-dev @ https://1d4dfa0a7dc0639e19f5d0125f14a634.r2.cloudflarestorage.com: attempt + run record art:518e57629b903fc351b2c5550acb851d95da6c910ba2f1c192cd7103d5196b56 (7 file(s))
06:22:49Z r20260924-202455-105b r20260924-202455-105b: custody on s3://verity-dev @ https://1d4dfa0a7dc0639e19f5d0125f14a634.r2.cloudflarestorage.com: attempt + run record art:76a863d242533e1c3b3edb2dba461f93f84de2f68940da11958a6e2abf2c5446 (7 file(s))
06:22:55Z r20260924-201453-23bc r20260924-201453-23bc: custody on s3://verity-dev @ https://1d4dfa0a7dc0639e19f5d0125f14a634.r2.cloudflarestorage.com: attempt + run record art:2bf45cb20662a8c0722a3a45331591f5aa0b30991663608c4126e3f71f035173 (7 file(s))
06:23:00Z r20260924-201507-8e88 r20260924-201507-8e88: custody on s3://verity-dev @ https://1d4dfa0a7dc0639e19f5d0125f14a634.r2.cloudflarestorage.com: attempt + run record art:6b2cc7d2a097e0031169872b82312a9546c949ddac2a4cf797ac6be3c3295dd0 (7 file(s))
06:23:05Z r20260922-224139-1f0a r20260922-224139-1f0a: custody on s3://verity-dev @ https://1d4dfa0a7dc0639e19f5d0125f14a634.r2.cloudflarestorage.com: attempt + run record art:9cfb9bd41266af19a16cb872e44066b414ab8bcb8cf89265b1ae62deba44718d (10 file(s)
06:23:11Z r20260922-224845-9db9 r20260922-224845-9db9: custody on s3://verity-dev @ https://1d4dfa0a7dc0639e19f5d0125f14a634.r2.cloudflarestorage.com: attempt + run record art:710a3ce969dd10e05069bb61f0e48bb7abc187432d0b7ad570aed7cf9e3a5aa2 (10 file(s)
06:23:18Z r20260922-223110-6642 r20260922-223110-6642: custody on s3://verity-dev @ https://1d4dfa0a7dc0639e19f5d0125f14a634.r2.cloudflarestorage.com: attempt + run record art:7b9ff6aa3379f31623714ad8f8384247a6adc9a6e7dc81fa96bd5f02391f98e9 (10 file(s)
06:23:24Z r20260923-065347-65b1 r20260923-065347-65b1: custody on s3://verity-dev @ https://1d4dfa0a7dc0639e19f5d0125f14a634.r2.cloudflarestorage.com: attempt + run record art:4a228f01e88a08a4e3d23b17246db77c6e5c8d64d66a26ebe345b169269df8a1 (7 file(s))
06:23:29Z r20260923-125153-794c r20260923-125153-794c: custody on s3://verity-dev @ https://1d4dfa0a7dc0639e19f5d0125f14a634.r2.cloudflarestorage.com: attempt + run record art:2d4c70c436e606cd7649a280edd166af4ae33fc0338cde84cf1d1f465d823452 (7 file(s))
06:23:35Z r20260923-125306-4e9b r20260923-125306-4e9b: custody on s3://verity-dev @ https://1d4dfa0a7dc0639e19f5d0125f14a634.r2.cloudflarestorage.com: attempt + run record art:b2f39be013aa9b36e9f948b4800bf2920e974ac021caa65978f2582d7854370f (6 file(s))
06:23:40Z r20260923-072706-c28a r20260923-072706-c28a: custody on s3://verity-dev @ https://1d4dfa0a7dc0639e19f5d0125f14a634.r2.cloudflarestorage.com: attempt + run record art:f18f2e76c38d32f44496056bd4026796270f933c3351a46065b91d7d3b99e0f0 (7 file(s))
06:23:44Z r20260923-071355-0003 r20260923-071355-0003: custody on s3://verity-dev @ https://1d4dfa0a7dc0639e19f5d0125f14a634.r2.cloudflarestorage.com: attempt + run record art:4a5acb9a0dccb5c5e7aca75a57b3a57243d7d822e46bbb4b54e4eef7ecfc152d (7 file(s))
06:23:49Z r20260923-071854-2b15 r20260923-071854-2b15: custody on s3://verity-dev @ https://1d4dfa0a7dc0639e19f5d0125f14a634.r2.cloudflarestorage.com: attempt + run record art:ee2b88239903a37855e37a1a1e7d19c5361832b9e1e915215ae08576f8dbf2c1 (7 file(s))
06:23:54Z r20260923-064820-9c2a r20260923-064820-9c2a: custody on s3://verity-dev @ https://1d4dfa0a7dc0639e19f5d0125f14a634.r2.cloudflarestorage.com: attempt + run record art:9b9f88bad9d12a30696555963612e3834146fdfd1a6082b51038605d8b7ef3d8 (7 file(s))
06:23:59Z r20260923-064459-793f r20260923-064459-793f: custody on s3://verity-dev @ https://1d4dfa0a7dc0639e19f5d0125f14a634.r2.cloudflarestorage.com: attempt + run record art:4a740fa853ead892e7f1dcd9b1c09ac221ee0bf76653708ba6e75aac55fbf57f (7 file(s))
06:24:04Z r20260923-075418-1b8f r20260923-075418-1b8f: custody on s3://verity-dev @ https://1d4dfa0a7dc0639e19f5d0125f14a634.r2.cloudflarestorage.com: attempt + run record art:fb95dce419581f1046e08dd75d71baa414896c77112667b703106fb212e56e71 (7 file(s))
06:24:10Z r20260923-022111-d5f7 r20260923-022111-d5f7: custody on s3://verity-dev @ https://1d4dfa0a7dc0639e19f5d0125f14a634.r2.cloudflarestorage.com: attempt + run record art:3eea685c7d09631cf5b3962e9dd8d2103153fd4b636e70eb0352cb8e4699321c (7 file(s))
06:24:14Z r20260923-021809-0c32 r20260923-021809-0c32: custody on s3://verity-dev @ https://1d4dfa0a7dc0639e19f5d0125f14a634.r2.cloudflarestorage.com: attempt + run record art:eda6ed77cf1b108e5a629b6243905eef5c90007ff66728e5cf93e356a5e69fff (7 file(s))
06:24:19Z r20260922-225925-ff72 r20260922-225925-ff72: custody on s3://verity-dev @ https://1d4dfa0a7dc0639e19f5d0125f14a634.r2.cloudflarestorage.com: attempt + run record art:d21a6c8c1f3be26ef1476ca3c326230906a8dceaba9839dbee2bf644b18f5c4e (7 file(s))
06:24:24Z r20260922-225900-3c75 r20260922-225900-3c75: custody on s3://verity-dev @ https://1d4dfa0a7dc0639e19f5d0125f14a634.r2.cloudflarestorage.com: attempt + run record art:3b1b6f607c9319d102440667632fc7ee9b369f270fe986c9dc3c20fc5bae5e59 (7 file(s))
06:24:29Z r20260922-222231-b5f1 r20260922-222231-b5f1: custody on s3://verity-dev @ https://1d4dfa0a7dc0639e19f5d0125f14a634.r2.cloudflarestorage.com: attempt + run record art:04b0c013a96df43e7f8d10d8aae4b3c54acef880baf8707320e40d74cb29e8e4 (7 file(s))
06:24:34Z r20260923-084908-81a7 r20260923-084908-81a7: custody on s3://verity-dev @ https://1d4dfa0a7dc0639e19f5d0125f14a634.r2.cloudflarestorage.com: attempt + run record art:1d620d4d0f2e119dba02b8c4e24ef7f9c976467c66360ee86e76e7ce13c100bb (6 file(s))
06:24:37Z r20260923-085455-7d2c r20260923-085455-7d2c: custody on s3://verity-dev @ https://1d4dfa0a7dc0639e19f5d0125f14a634.r2.cloudflarestorage.com: attempt + run record art:6764422bedd6c9c65d8cf7f489e3646ad8d329bdadbb6e167275df43de8d960a (6 file(s))
06:24:41Z r20260923-105421-6a23 r20260923-105421-6a23: custody on s3://verity-dev @ https://1d4dfa0a7dc0639e19f5d0125f14a634.r2.cloudflarestorage.com: attempt + run record art:0c04a79f51ca754a12af8541bc0c223b5b83c65f59168eba817557031b6a6338 (7 file(s))
06:24:45Z r20260923-072449-151a r20260923-072449-151a: custody on s3://verity-dev @ https://1d4dfa0a7dc0639e19f5d0125f14a634.r2.cloudflarestorage.com: attempt + run record art:d0d82d4c8ca88c30739ac7a556c66888186d02b34979dfbdfce99b1455053d3a (6 file(s))
06:24:49Z r20260923-071640-cff1 r20260923-071640-cff1: custody on s3://verity-dev @ https://1d4dfa0a7dc0639e19f5d0125f14a634.r2.cloudflarestorage.com: attempt + run record art:d153d5536be89c36fc2f6c7a93e362006fc7620eeb034f003aed576538ad4716 (6 file(s))
06:24:52Z r20260923-072538-70d9 r20260923-072538-70d9: custody on s3://verity-dev @ https://1d4dfa0a7dc0639e19f5d0125f14a634.r2.cloudflarestorage.com: attempt + run record art:63d67ec131c9668d5cb9900969c2adb7509ecb09541332c87cdc7bf19f7967ac (6 file(s))
06:24:56Z r20260923-072129-4510 r20260923-072129-4510: custody on s3://verity-dev @ https://1d4dfa0a7dc0639e19f5d0125f14a634.r2.cloudflarestorage.com: attempt + run record art:e72488255501a6a6ca3190d980d76c8504fd7cc90a99e5d575d55e9dfb5b5a42 (6 file(s))
06:25:00Z r20260923-072252-5d03 r20260923-072252-5d03: custody on s3://verity-dev @ https://1d4dfa0a7dc0639e19f5d0125f14a634.r2.cloudflarestorage.com: attempt + run record art:10ffb665fe275950d092899d8d7c671fdbfd512603417603afae9d7659e169c1 (6 file(s))
06:25:03Z r20260923-072413-5075 r20260923-072413-5075: custody on s3://verity-dev @ https://1d4dfa0a7dc0639e19f5d0125f14a634.r2.cloudflarestorage.com: attempt + run record art:06b3f7d850a128e2248f51e1ab034abab1adb926f78f111893f1e4f24ae45ffa (6 file(s))
06:25:07Z r20260923-103920-922d r20260923-103920-922d: custody on s3://verity-dev @ https://1d4dfa0a7dc0639e19f5d0125f14a634.r2.cloudflarestorage.com: attempt + run record art:4decd1d26ba07d3e14ff1e5f4e5aff318854fe05d57def57ca1d63d30220028d (6 file(s))
06:25:11Z r20260923-103957-1fdb r20260923-103957-1fdb: custody on s3://verity-dev @ https://1d4dfa0a7dc0639e19f5d0125f14a634.r2.cloudflarestorage.com: attempt + run record art:76a8386fa63d4da9e5ead43c7eb76af2206437af584ec13f412ed1067c4d3c7c (6 file(s))
06:25:15Z r20260923-075906-fd24 r20260923-075906-fd24: custody on s3://verity-dev @ https://1d4dfa0a7dc0639e19f5d0125f14a634.r2.cloudflarestorage.com: attempt + run record art:4168ee9f943458d5605c4239b56e13dae12102616af531ae325d20f319fe4f2c (6 file(s))
06:25:19Z r20260923-080456-3369 r20260923-080456-3369: custody on s3://verity-dev @ https://1d4dfa0a7dc0639e19f5d0125f14a634.r2.cloudflarestorage.com: attempt + run record art:c478845925bb3eb80aace49d280e9f9de39cc28aa97789a7677fc5fecf0efd38 (6 file(s))
06:25:23Z r20260923-071423-67b8 r20260923-071423-67b8: custody on s3://verity-dev @ https://1d4dfa0a7dc0639e19f5d0125f14a634.r2.cloudflarestorage.com: attempt + run record art:83073ad7602c9c50a27af0176941f4a05495c5ab80fc63ba3ca82f0e93e2377e (6 file(s))
06:25:26Z r20260923-080513-0160 r20260923-080513-0160: custody on s3://verity-dev @ https://1d4dfa0a7dc0639e19f5d0125f14a634.r2.cloudflarestorage.com: attempt + run record art:e252bd949894fa6890783f0d8a660eb0eb6e270e6e939310b6fb737905a43c05 (6 file(s))
06:25:30Z r20260923-063150-1d34 r20260923-063150-1d34: custody on s3://verity-dev @ https://1d4dfa0a7dc0639e19f5d0125f14a634.r2.cloudflarestorage.com: attempt + run record art:d6297f97b2e503fe4ba16d501ef3eb9f7ce59f9e98dc5f10f3f7883d92bb8cef (6 file(s))
06:25:34Z r20260923-020615-1fd2 r20260923-020615-1fd2: custody on s3://verity-dev @ https://1d4dfa0a7dc0639e19f5d0125f14a634.r2.cloudflarestorage.com: attempt + run record art:8f1f611621af608983136e9f13ed24b91b88a68686159175ba443307deb0e02e (6 file(s))
06:25:38Z r20260923-074050-c7b3 r20260923-074050-c7b3: custody on s3://verity-dev @ https://1d4dfa0a7dc0639e19f5d0125f14a634.r2.cloudflarestorage.com: attempt + run record art:638a907d2e18515cb396803e7fcc8953e3f56a716a19a3e593332e6aabb2935e (6 file(s))
06:25:42Z r20260923-014856-ca02 r20260923-014856-ca02: custody on s3://verity-dev @ https://1d4dfa0a7dc0639e19f5d0125f14a634.r2.cloudflarestorage.com: attempt + run record art:befdce841ba86592506b564006f9a72abe6b4706a391a2be453b10791a60d34c (6 file(s))
06:25:46Z r20260923-015642-9ac2 r20260923-015642-9ac2: custody on s3://verity-dev @ https://1d4dfa0a7dc0639e19f5d0125f14a634.r2.cloudflarestorage.com: attempt + run record art:0238a78c5101bee5d2553c74433a93925385cfc2fe7c23d5c3453575d2b050f7 (6 file(s))
06:25:50Z r20260923-073413-25fa r20260923-073413-25fa: custody on s3://verity-dev @ https://1d4dfa0a7dc0639e19f5d0125f14a634.r2.cloudflarestorage.com: attempt + run record art:24d6bd011025b38c732a5b24011c74134843a23954b4e8170b567c6b46831375 (6 file(s))
06:25:55Z r20260923-073655-908c r20260923-073655-908c: custody on s3://verity-dev @ https://1d4dfa0a7dc0639e19f5d0125f14a634.r2.cloudflarestorage.com: attempt + run record art:64633fe896dea94a31cd0cf8b6ed4c493e4d97417f9e36263c24c9959eb9f8ad (6 file(s))
06:25:59Z r20260923-080511-b6e3 r20260923-080511-b6e3: custody on s3://verity-dev @ https://1d4dfa0a7dc0639e19f5d0125f14a634.r2.cloudflarestorage.com: attempt + run record art:704a2584c6be49fb643eb7290ec388cfb77905f2e1ebcb0d03103e4eac8d66d0 (7 file(s))
06:26:04Z r20260924-204543-9d4d r20260924-204543-9d4d: custody on s3://verity-dev @ https://1d4dfa0a7dc0639e19f5d0125f14a634.r2.cloudflarestorage.com: attempt + run record art:64eb4ef9cb746756c7d799fc3dd3a6f23569a5451aae4ee64a45cad430ca8c2c (6 file(s))
06:26:08Z r20260924-205434-4b98 r20260924-205434-4b98: custody on s3://verity-dev @ https://1d4dfa0a7dc0639e19f5d0125f14a634.r2.cloudflarestorage.com: attempt + run record art:417e6876056d6c39631a001bd4a4e7e01259477ec14f18c72fd8adf60f0cb9a5 (6 file(s))
06:26:13Z r20260924-205753-7a5b r20260924-205753-7a5b: custody on s3://verity-dev @ https://1d4dfa0a7dc0639e19f5d0125f14a634.r2.cloudflarestorage.com: attempt + run record art:6364308112250205ab11a949b053799e56eb6ad9e2e3b89530fc86c628f916b6 (6 file(s))
06:26:17Z r20260922-230615-8b77 r20260922-230615-8b77: custody on s3://verity-dev @ https://1d4dfa0a7dc0639e19f5d0125f14a634.r2.cloudflarestorage.com: attempt + run record art:7e80f2c2d2bc4ce7204d578bc111ab2819134724da5538305f98bbd1506a98b1 (7 file(s))
06:26:23Z r20260924-073947-78c1 r20260924-073947-78c1: NO custody on the remote: the attempt names no run record (published without custody): only `research fetch --all` gives this run custody
06:26:28Z r20260923-080143-bd65 r20260923-080143-bd65: custody on s3://verity-dev @ https://1d4dfa0a7dc0639e19f5d0125f14a634.r2.cloudflarestorage.com: attempt + run record art:fb4e0f93aa095e1e26013cdc522e2faececc4f3a89c1261234e257cd0659a490 (6 file(s))
06:26:31Z r20260923-080015-8227 r20260923-080015-8227: custody on s3://verity-dev @ https://1d4dfa0a7dc0639e19f5d0125f14a634.r2.cloudflarestorage.com: attempt + run record art:d482094bb8d9367f7ef71a654f47d703e5d10788acae58c3ef34ca8b9eac0439 (6 file(s))
06:26:35Z r20260923-074835-b648 r20260923-074835-b648: custody on s3://verity-dev @ https://1d4dfa0a7dc0639e19f5d0125f14a634.r2.cloudflarestorage.com: attempt + run record art:1cc4ee0a6d7827f42411411747a618f7f358dbc7178feefdcd85ced543730dd6 (6 file(s))
06:26:39Z r20260923-185428-5079 r20260923-185428-5079: custody on s3://verity-dev @ https://1d4dfa0a7dc0639e19f5d0125f14a634.r2.cloudflarestorage.com: attempt + run record art:918d06dd9335fb7f43792caca337085fe1c30159e2b1223296fd8afa053929e0 (7 file(s))
06:26:44Z r20260923-183853-4f09 r20260923-183853-4f09: custody on s3://verity-dev @ https://1d4dfa0a7dc0639e19f5d0125f14a634.r2.cloudflarestorage.com: attempt + run record art:ab992546f8d5cab29f6845837379d8f0ec4efaf79c5a7b2e88a99f18d7726a96 (7 file(s))
06:26:48Z r20260922-222908-24c7 r20260922-222908-24c7: custody on s3://verity-dev @ https://1d4dfa0a7dc0639e19f5d0125f14a634.r2.cloudflarestorage.com: attempt + run record art:478e8a1b29dc6d6fbc9fd47db7b874289786203c7aa5857abdd6bcb248636dac (6 file(s))
06:26:52Z r20260922-213145-ed1e r20260922-213145-ed1e: custody on s3://verity-dev @ https://1d4dfa0a7dc0639e19f5d0125f14a634.r2.cloudflarestorage.com: attempt + run record art:014967c273ffa45f1fdef71a2b026d77e2c0d4c0a6a2542471c5990f99bb1d57 (6 file(s))
06:26:55Z r20260924-065901-3794 r20260924-065901-3794: custody on s3://verity-dev @ https://1d4dfa0a7dc0639e19f5d0125f14a634.r2.cloudflarestorage.com: attempt + run record art:330b7f915d6b7178eba2d6c61da56b24140d41b83d20186bab78a07797827913 (7 file(s))
06:27:03Z r20260924-064859-e3ba r20260924-064859-e3ba: custody on s3://verity-dev @ https://1d4dfa0a7dc0639e19f5d0125f14a634.r2.cloudflarestorage.com: attempt + run record art:b065e4da750e8254f0e9124739a9c00b17b757a271bfd58031348ed0c7d9b4ce (7 file(s))
06:27:07Z r20260923-185226-b1e4 r20260923-185226-b1e4: custody on s3://verity-dev @ https://1d4dfa0a7dc0639e19f5d0125f14a634.r2.cloudflarestorage.com: attempt + run record art:5e7c36bff14fd67eebe33ac3669daf84f8dde103b3732f1add6013d657f0d0a3 (7 file(s))
06:27:12Z r20260923-184946-edf6 r20260923-184946-edf6: custody on s3://verity-dev @ https://1d4dfa0a7dc0639e19f5d0125f14a634.r2.cloudflarestorage.com: attempt + run record art:bb64c6bc9ccdb0da0f9f899f0b98c91473221b5fb92497850851e92b45f13ac8 (7 file(s))
06:27:17Z r20260923-080931-897c r20260923-080931-897c: custody on s3://verity-dev @ https://1d4dfa0a7dc0639e19f5d0125f14a634.r2.cloudflarestorage.com: attempt + run record art:fb9ddc52f81dd81727fd1fc70d566d34fa5e549cd0f616781b914ba8f60d30ca (6 file(s))
06:27:20Z r20260925-045215-6e50 r20260925-045215-6e50: custody on s3://verity-dev @ https://1d4dfa0a7dc0639e19f5d0125f14a634.r2.cloudflarestorage.com: attempt + run record art:1d19bfbf1995d2e912668f7f54f65cb21773e575851b9ca332daf30ebde95f13 (6 file(s))
06:27:24Z r20260922-212114-4e1e r20260922-212114-4e1e: custody on s3://verity-dev @ https://1d4dfa0a7dc0639e19f5d0125f14a634.r2.cloudflarestorage.com: attempt + run record art:8b79e6af03ae58a75f8dc746b4f3a3a0b816b286780095c89e287322c9b30410 (7 file(s))
06:27:28Z r20260922-211951-0302 r20260922-211951-0302: custody on s3://verity-dev @ https://1d4dfa0a7dc0639e19f5d0125f14a634.r2.cloudflarestorage.com: attempt + run record art:2f54df65165233f3a746094e6deac5af537bb8ac3243960362c4aaf29c0d41a8 (7 file(s))
06:27:32Z r20260924-074009-d4c1 r20260924-074009-d4c1: NO custody on the remote: the attempt names no run record (published without custody): only `research fetch --all` gives this run custody
06:27:34Z r20260922-221234-6929 r20260922-221234-6929: custody on s3://verity-dev @ https://1d4dfa0a7dc0639e19f5d0125f14a634.r2.cloudflarestorage.com: attempt + run record art:d5b057a7ad7713f346bbe2709ff10b01681067a72c958fccd6cf0fa6e7d2cc2b (8 file(s))
06:27:38Z r20260923-075734-e316 r20260923-075734-e316: custody on s3://verity-dev @ https://1d4dfa0a7dc0639e19f5d0125f14a634.r2.cloudflarestorage.com: attempt + run record art:aa9b4ae4c5f541cc261455d3b55c49f6bad6a66aa0d9a13759d4ba6258b249c8 (6 file(s))
06:27:42Z r20260925-050836-bdba r20260925-050836-bdba: custody on s3://verity-dev @ https://1d4dfa0a7dc0639e19f5d0125f14a634.r2.cloudflarestorage.com: attempt + run record art:ebdbe2dd45395687b292ea4003bc29fa8512c7b225f6ed6a30a0442840523ba1 (6 file(s))
06:27:45Z r20260925-050511-c8ce r20260925-050511-c8ce: custody on s3://verity-dev @ https://1d4dfa0a7dc0639e19f5d0125f14a634.r2.cloudflarestorage.com: attempt + run record art:725e9b1974249faff60de1bcd7b1d04f3d2c0ea2a1858d5091014b11c53048b4 (6 file(s))
06:27:49Z r20260925-051328-c48b r20260925-051328-c48b: custody on s3://verity-dev @ https://1d4dfa0a7dc0639e19f5d0125f14a634.r2.cloudflarestorage.com: attempt + run record art:0cbec812007efe59c81173e646a6b95af58836a1c295d0be5421d687037c9077 (6 file(s))
06:27:53Z r20260925-045038-b610 r20260925-045038-b610: custody on s3://verity-dev @ https://1d4dfa0a7dc0639e19f5d0125f14a634.r2.cloudflarestorage.com: attempt + run record art:fb891f9618d267f3ec2f78522c9c9a814d128a83b80eac95cc2ca894cd5932b0 (6 file(s))
06:27:57Z r20260925-042709-74f0 r20260925-042709-74f0: custody on s3://verity-dev @ https://1d4dfa0a7dc0639e19f5d0125f14a634.r2.cloudflarestorage.com: attempt + run record art:0e9f9411e2b942f57a8e38c9aab5a0f9ecedc1c1fcdd6b5c0302f7d9cedd1818 (6 file(s))
06:28:00Z r20260924-210018-1dff r20260924-210018-1dff: custody on s3://verity-dev @ https://1d4dfa0a7dc0639e19f5d0125f14a634.r2.cloudflarestorage.com: attempt + run record art:48d6d35081fb78965c657c89283f28eefa7412d86a53d744e290453f1d98551e (6 file(s))
06:28:03Z r20260923-220927-7f56 r20260923-220927-7f56: NO custody on the remote: the attempt names no run record (published without custody): only `research fetch --all` gives this run custody
06:28:05Z r20260923-232802-9b90 r20260923-232802-9b90: NO custody on the remote: the attempt names no run record (published without custody): only `research fetch --all` gives this run custody
06:28:07Z r20260923-214840-1e1d r20260923-214840-1e1d: NO custody on the remote: the attempt names no run record (published without custody): only `research fetch --all` gives this run custody
06:28:08Z r20260924-201429-68bf r20260924-201429-68bf: custody on s3://verity-dev @ https://1d4dfa0a7dc0639e19f5d0125f14a634.r2.cloudflarestorage.com: attempt + run record art:e10094d0feb15461dc039d76f57a12f81bbe8119c110ad0b7127d5d5285bdedb (6 file(s))
06:28:12Z r20260924-220342-5e8a r20260924-220342-5e8a: custody on s3://verity-dev @ https://1d4dfa0a7dc0639e19f5d0125f14a634.r2.cloudflarestorage.com: attempt + run record art:9bcaeba0d037cf2acd4e053c608e35d8b3c0bf0a4cd892f2954b3f4c405af8e1 (6 file(s))
06:28:16Z r20260922-212351-4487 r20260922-212351-4487: custody on s3://verity-dev @ https://1d4dfa0a7dc0639e19f5d0125f14a634.r2.cloudflarestorage.com: attempt + run record art:1012ac70b2b26ee03c5999e00c25117f40e5236ecde53636163fe74c77768fe4 (10 file(s)
06:28:22Z r20260924-215901-8961 r20260924-215901-8961: custody on s3://verity-dev @ https://1d4dfa0a7dc0639e19f5d0125f14a634.r2.cloudflarestorage.com: attempt + run record art:94dfd00aee8816f05f98940cae870c7a1282e021879fa1018084b398796ef73e (6 file(s))
06:28:25Z r20260924-204446-9987 r20260924-204446-9987: NO custody on the remote: the attempt names no run record (published without custody): only `research fetch --all` gives this run custody
06:28:27Z r20260922-221826-e6d6 r20260922-221826-e6d6: custody on s3://verity-dev @ https://1d4dfa0a7dc0639e19f5d0125f14a634.r2.cloudflarestorage.com: attempt + run record art:af98e1194739645c153be9c49f2d4cc815b5314e7e51dd0074e289b16cc7dc9b (7 file(s))
06:28:31Z r20260924-005729-8cd9 r20260924-005729-8cd9: NO custody on the remote: the attempt names no run record (published without custody): only `research fetch --all` gives this run custody
06:28:32Z r20260924-193546-4708 r20260924-193546-4708: custody on s3://verity-dev @ https://1d4dfa0a7dc0639e19f5d0125f14a634.r2.cloudflarestorage.com: attempt + run record art:0362a5c655b0566a78713c4ddc06dbfb376a5515557374eb3dc33ab46e6f04c2 (6 file(s))
06:28:36Z r20260924-205419-4f6a r20260924-205419-4f6a: NO custody on the remote: the attempt names no run record (published without custody): only `research fetch --all` gives this run custody
06:28:38Z r20260924-205415-e946 r20260924-205415-e946: custody on s3://verity-dev @ https://1d4dfa0a7dc0639e19f5d0125f14a634.r2.cloudflarestorage.com: attempt + run record art:7cd9aea70a4b0be769aec9ab83538739ffc1e7feec887d59d1400ffffcd18c4d (6 file(s))
06:28:41Z r20260924-061921-ce22 r20260924-061921-ce22: custody on s3://verity-dev @ https://1d4dfa0a7dc0639e19f5d0125f14a634.r2.cloudflarestorage.com: attempt + run record art:0e1eb71479537e106ab8a1b765ef601d15ae295821396d320db02d3546b16a61 (6 file(s))
06:28:45Z r20260924-062533-e7c9 r20260924-062533-e7c9: custody on s3://verity-dev @ https://1d4dfa0a7dc0639e19f5d0125f14a634.r2.cloudflarestorage.com: attempt + run record art:c9e9e9b80291c6f5199457e2e8c47417e3752ffeff065c5a26eb73e816264d2a (6 file(s))
06:28:49Z r20260925-000748-f9fc r20260925-000748-f9fc: custody on s3://verity-dev @ https://1d4dfa0a7dc0639e19f5d0125f14a634.r2.cloudflarestorage.com: attempt + run record art:29f742d2e62837cea01e432a40548da797d610e0e510a3ba241a38f194eed559 (6 file(s))
06:28:53Z r20260924-053606-fd4e r20260924-053606-fd4e: custody on s3://verity-dev @ https://1d4dfa0a7dc0639e19f5d0125f14a634.r2.cloudflarestorage.com: attempt + run record art:74134a494aeed2693a75964a91dceb98385a5102a5a56d94c89f68596da91d7a (6 file(s))
06:28:57Z r20260924-052909-7007 r20260924-052909-7007: custody on s3://verity-dev @ https://1d4dfa0a7dc0639e19f5d0125f14a634.r2.cloudflarestorage.com: attempt + run record art:a79207df6ad897ed32c9f8496ed6223e8ee8118c575f22a180a491b8d5defe2e (6 file(s))
06:29:01Z r20260924-193451-b9f0 r20260924-193451-b9f0: custody on s3://verity-dev @ https://1d4dfa0a7dc0639e19f5d0125f14a634.r2.cloudflarestorage.com: attempt + run record art:f190a01632cb620b82b3c859f985e67713d2445c14e063b6c57d62f75ecce1a1 (6 file(s))
06:29:05Z r20260924-232421-bee9 r20260924-232421-bee9: custody on s3://verity-dev @ https://1d4dfa0a7dc0639e19f5d0125f14a634.r2.cloudflarestorage.com: attempt + run record art:4ed8fe6a5b2fc5897a9e59dae1bf08d352125c5652c75e4ac887015883aee1f9 (6 file(s))
06:29:09Z r20260925-000238-66aa r20260925-000238-66aa: custody on s3://verity-dev @ https://1d4dfa0a7dc0639e19f5d0125f14a634.r2.cloudflarestorage.com: attempt + run record art:c0508dbc10d79b649d2107e3c8f1f439d51bc8f780578e82e8314ce7ae531c9e (6 file(s))
06:29:12Z r20260925-051845-60ef r20260925-051845-60ef: custody on s3://verity-dev @ https://1d4dfa0a7dc0639e19f5d0125f14a634.r2.cloudflarestorage.com: attempt + run record art:dc856ff38e03afed5afaac3f30001f6a9f292f12a0d9769050bcbcc3178243c1 (6 file(s))
06:29:17Z r20260925-042151-5f88 r20260925-042151-5f88: custody on s3://verity-dev @ https://1d4dfa0a7dc0639e19f5d0125f14a634.r2.cloudflarestorage.com: attempt + run record art:ec3142ffc08d30666fea94b2e69052d338bc173df518a3c591f6b3706f78cf37 (7 file(s))
06:29:22Z r20260925-053020-497d r20260925-053020-497d: custody on s3://verity-dev @ https://1d4dfa0a7dc0639e19f5d0125f14a634.r2.cloudflarestorage.com: attempt + run record art:edd0a6e2c9049a698db90e6f09d7385a9706c929e700f93aa62acf525cbbf5a4 (6 file(s))
06:29:26Z r20260924-193533-b20e r20260924-193533-b20e: custody on s3://verity-dev @ https://1d4dfa0a7dc0639e19f5d0125f14a634.r2.cloudflarestorage.com: attempt + run record art:b1a5592d2601390143712fb76132fa1d840e2430de4b65bfa9ed495de5a9e249 (6 file(s))
06:29:30Z r20260924-200311-f92c r20260924-200311-f92c: custody on s3://verity-dev @ https://1d4dfa0a7dc0639e19f5d0125f14a634.r2.cloudflarestorage.com: attempt + run record art:dd8f72606980e679ef6dcd5681dc988b15d908b61219a25134601da9b3356058 (6 file(s))
06:29:35Z r20260925-053725-84b3 r20260925-053725-84b3: custody on s3://verity-dev @ https://1d4dfa0a7dc0639e19f5d0125f14a634.r2.cloudflarestorage.com: attempt + run record art:b2c24b7c86cd5356acfa82629b63ff5f7ddd11d5a4a4446ad929be69f2380515 (6 file(s))
06:29:40Z r20260923-232145-197a r20260923-232145-197a: NO custody on the remote: the attempt names no run record (published without custody): only `research fetch --all` gives this run custody
06:29:42Z r20260922-211653-178d r20260922-211653-178d: custody on s3://verity-dev @ https://1d4dfa0a7dc0639e19f5d0125f14a634.r2.cloudflarestorage.com: attempt + run record art:b2fb5d6f8a35bc4b9eaff6a79456ca7a2c916677b4f27d05f84c2d097acb6f48 (6 file(s))
06:29:46Z r20260923-023154-9582 r20260923-023154-9582: custody on s3://verity-dev @ https://1d4dfa0a7dc0639e19f5d0125f14a634.r2.cloudflarestorage.com: attempt + run record art:2415ad82f57643b25a3fd6f92426e1eb9cc4e1d0c976ab1a71bc82fd86719b8b (7 file(s))
06:29:51Z r20260923-070621-e831 r20260923-070621-e831: custody on s3://verity-dev @ https://1d4dfa0a7dc0639e19f5d0125f14a634.r2.cloudflarestorage.com: attempt + run record art:11470713d4719e2f44dbe4eb2f934aa1e8d1414be9e68efd14d6fe5facad4b9d (7 file(s))
06:29:57Z r20260925-011408-c1b3 r20260925-011408-c1b3: custody on s3://verity-dev @ https://1d4dfa0a7dc0639e19f5d0125f14a634.r2.cloudflarestorage.com: attempt + run record art:4c0ece2e95d64f76c98972f5f597274d1ce4e44c654a42325e6eccc59bfda684 (6 file(s))
06:30:01Z r20260925-010507-37e1 r20260925-010507-37e1: custody on s3://verity-dev @ https://1d4dfa0a7dc0639e19f5d0125f14a634.r2.cloudflarestorage.com: attempt + run record art:4f46d7e238a8da1f12dd6996ac9108cf261278c63c1fe76c6eee1bf2392ce81c (6 file(s))
06:30:05Z r20260925-005936-6c7f r20260925-005936-6c7f: custody on s3://verity-dev @ https://1d4dfa0a7dc0639e19f5d0125f14a634.r2.cloudflarestorage.com: attempt + run record art:d34320e15562cffb863dd6706010e3f2726c7119a8252b28b562abeb04486714 (6 file(s))
06:30:09Z r20260923-060419-40d2 r20260923-060419-40d2: custody on s3://verity-dev @ https://1d4dfa0a7dc0639e19f5d0125f14a634.r2.cloudflarestorage.com: attempt + run record art:91d72662b36f9293c40e179ab1eeb8c1d2acf6ce7fae534f0e71cd8e0f7baa0a (7 file(s))
06:30:14Z r20260925-055042-55d7 r20260925-055042-55d7: custody on s3://verity-dev @ https://1d4dfa0a7dc0639e19f5d0125f14a634.r2.cloudflarestorage.com: attempt + run record art:1b64d525d26374a33ecad9399b9c62ed3e010bb7b62409e5c350e9d241236816 (6 file(s))
06:30:19Z r20260925-053939-42f4 r20260925-053939-42f4: custody on s3://verity-dev @ https://1d4dfa0a7dc0639e19f5d0125f14a634.r2.cloudflarestorage.com: attempt + run record art:2ab9c343eb68c1fa318431911fd7685078a9c3aacb1ff374bfc7ba8e2e82b5cc (6 file(s))
06:30:23Z r20260925-013916-90ae r20260925-013916-90ae: custody on s3://verity-dev @ https://1d4dfa0a7dc0639e19f5d0125f14a634.r2.cloudflarestorage.com: attempt + run record art:56909d279f9ccf1da6bb415de18563a6f8045c30c758382bb75d169661978c9d (6 file(s))
06:30:26Z r20260922-212720-1690 r20260922-212720-1690: custody on s3://verity-dev @ https://1d4dfa0a7dc0639e19f5d0125f14a634.r2.cloudflarestorage.com: attempt + run record art:adad1c7c959d42115d4bef704f973036a910ea429f418de970aab78015e9199d (7 file(s))
06:30:31Z r20260923-185926-3324 r20260923-185926-3324: custody on s3://verity-dev @ https://1d4dfa0a7dc0639e19f5d0125f14a634.r2.cloudflarestorage.com: attempt + run record art:ff4f4cf0ace3ac792152b98445f3ea7c083d37e2a0f2298dfb6dd966dd0ef6c6 (6 file(s))
06:30:35Z r20260924-232156-7658 r20260924-232156-7658: custody on s3://verity-dev @ https://1d4dfa0a7dc0639e19f5d0125f14a634.r2.cloudflarestorage.com: attempt + run record art:97b3c0b202b44550a13143c2f63d6a0efbb23122aa404637fd66b32d885aedeb (6 file(s))
06:30:39Z r20260924-231941-c688 r20260924-231941-c688: custody on s3://verity-dev @ https://1d4dfa0a7dc0639e19f5d0125f14a634.r2.cloudflarestorage.com: attempt + run record art:1a48d726f4499bf2b0406bb8b77ba025f79dc27f951a3ced04b5af2b1b409db6 (6 file(s))
06:30:43Z r20260924-010440-92aa r20260924-010440-92aa: NO custody on the remote: the attempt names no run record (published without custody): only `research fetch --all` gives this run custody
06:30:44Z r20260924-223640-04d3 r20260924-223640-04d3: custody on s3://verity-dev @ https://1d4dfa0a7dc0639e19f5d0125f14a634.r2.cloudflarestorage.com: attempt + run record art:4d92234559b661f0df66de532ec005b9d2222ea288dec1a30df7351ac9af4498 (6 file(s))
06:30:49Z r20260925-001452-9741 r20260925-001452-9741: custody on s3://verity-dev @ https://1d4dfa0a7dc0639e19f5d0125f14a634.r2.cloudflarestorage.com: attempt + run record art:fd7910c9ff86c79755d5b41e112865191de12a03afe8229566de49631f24ff86 (6 file(s))
06:30:53Z r20260925-001433-4522 r20260925-001433-4522: custody on s3://verity-dev @ https://1d4dfa0a7dc0639e19f5d0125f14a634.r2.cloudflarestorage.com: attempt + run record art:66fa9175b68e9668c3dd06793d0b008437f7df1f72ea028ac5ab9652b869a158 (6 file(s))
06:30:58Z r20260923-164240-b553 r20260923-164240-b553: custody on s3://verity-dev @ https://1d4dfa0a7dc0639e19f5d0125f14a634.r2.cloudflarestorage.com: attempt + run record art:df5e283375f379404df71cbc94fc7440cf8db61cfc24f1c75410ac3e50e9de62 (6 file(s))
06:31:03Z r20260923-163604-edbb r20260923-163604-edbb: custody on s3://verity-dev @ https://1d4dfa0a7dc0639e19f5d0125f14a634.r2.cloudflarestorage.com: attempt + run record art:606a18442321e0158d283287db0680ba770f3cadac59d9bb98e3e6707b1e1e90 (6 file(s))
06:31:06Z r20260924-205745-c18d r20260924-205745-c18d: custody on s3://verity-dev @ https://1d4dfa0a7dc0639e19f5d0125f14a634.r2.cloudflarestorage.com: attempt + run record art:9d83dacbb8092009aafe3f6826e6972a849492aa354d5dee09792469885f73c1 (6 file(s))
06:31:10Z r20260923-055613-e4f2 r20260923-055613-e4f2: custody on s3://verity-dev @ https://1d4dfa0a7dc0639e19f5d0125f14a634.r2.cloudflarestorage.com: attempt + run record art:cb45c150d5d67eabe457d74e39ca8010e76f87407171ed812e9e863606be7baf (6 file(s))
06:31:13Z r20260925-052457-9673 r20260925-052457-9673: custody on s3://verity-dev @ https://1d4dfa0a7dc0639e19f5d0125f14a634.r2.cloudflarestorage.com: attempt + run record art:9a4c8af8c4e583b00bde64222c9bcb01f7d40f95237045f767994ec5cbd53274 (6 file(s))
06:31:18Z r20260923-083207-1503 r20260923-083207-1503: custody on s3://verity-dev @ https://1d4dfa0a7dc0639e19f5d0125f14a634.r2.cloudflarestorage.com: attempt + run record art:817354f2c0f15c937effd58b0c455fabcd200b4343896e634a57f79db078317d (7 file(s))
06:31:22Z r20260923-055156-221e r20260923-055156-221e: custody on s3://verity-dev @ https://1d4dfa0a7dc0639e19f5d0125f14a634.r2.cloudflarestorage.com: attempt + run record art:a002e6c4741a6aadf1fb89b21b39a1a2a7d2d4a5fcdc991d7f10e49fd78ebb67 (7 file(s))
06:31:27Z r20260922-225950-95eb r20260922-225950-95eb: custody on s3://verity-dev @ https://1d4dfa0a7dc0639e19f5d0125f14a634.r2.cloudflarestorage.com: attempt + run record art:bfb02e4ad802b4441de2612465260ff7864bb6a209c7b3224871eeab51ec1ae2 (7 file(s))
06:31:33Z r20260924-204814-b315 r20260924-204814-b315: custody on s3://verity-dev @ https://1d4dfa0a7dc0639e19f5d0125f14a634.r2.cloudflarestorage.com: attempt + run record art:b868126fc8f13141bf1639873dae3ab9c29d740a19fe2a53dfb43935bc495ce4 (6 file(s))
06:31:36Z r20260924-225426-7b78 r20260924-225426-7b78: custody on s3://verity-dev @ https://1d4dfa0a7dc0639e19f5d0125f14a634.r2.cloudflarestorage.com: attempt + run record art:fadb6da70a0fafdfb79d02f2bfbe5f1ec0b9d5ef6cc022262899501200198707 (6 file(s))
06:31:41Z r20260922-234800-ec7a r20260922-234800-ec7a: custody on s3://verity-dev @ https://1d4dfa0a7dc0639e19f5d0125f14a634.r2.cloudflarestorage.com: attempt + run record art:9e53c1ad43c5191f24e1750b00e38e08f570445a529accc6565954d453695120 (6 file(s))
06:31:45Z r20260923-184441-66d2 r20260923-184441-66d2: custody on s3://verity-dev @ https://1d4dfa0a7dc0639e19f5d0125f14a634.r2.cloudflarestorage.com: attempt + run record art:65e720afe455ac76c75edd09df95b96daf377a3c9b1f94bde0aae5361aabb46a (6 file(s))
06:31:50Z r20260923-185926-81d0 r20260923-185926-81d0: custody on s3://verity-dev @ https://1d4dfa0a7dc0639e19f5d0125f14a634.r2.cloudflarestorage.com: attempt + run record art:728a1c831c2938dc9993ef001df925b91315c412cb48b1b9783a4cfc38a8acf0 (6 file(s))
06:31:54Z r20260924-195635-207d r20260924-195635-207d: custody on s3://verity-dev @ https://1d4dfa0a7dc0639e19f5d0125f14a634.r2.cloudflarestorage.com: attempt + run record art:5c0d5c8c2800bad342d4364cf3ff785b9561009435af3b48b9cd5dfbddce3577 (6 file(s))
06:31:58Z r20260924-204742-2b3f r20260924-204742-2b3f: custody on s3://verity-dev @ https://1d4dfa0a7dc0639e19f5d0125f14a634.r2.cloudflarestorage.com: attempt + run record art:0e53cc55a4d85501ca4a5a4a9b543405d288a03cd38a55af1e7deafaffbd13bf (6 file(s))
06:32:02Z r20260924-233053-8462 r20260924-233053-8462: custody on s3://verity-dev @ https://1d4dfa0a7dc0639e19f5d0125f14a634.r2.cloudflarestorage.com: attempt + run record art:3f01ebede65864dc4cabbdf58278e8ed52943be4391c89cadebf43e11d0d706b (6 file(s))
06:32:06Z r20260924-010439-7c8d r20260924-010439-7c8d: NO custody on the remote: the attempt names no run record (published without custody): only `research fetch --all` gives this run custody
06:32:08Z r20260924-191339-3bb2 r20260924-191339-3bb2: custody on s3://verity-dev @ https://1d4dfa0a7dc0639e19f5d0125f14a634.r2.cloudflarestorage.com: attempt + run record art:c52bf81643ad7649a1b11c18c02092cdd8b68ac2fbf7ce417809c88e5b41699f (6 file(s))
06:32:12Z r20260922-220924-3b89 r20260922-220924-3b89: custody on s3://verity-dev @ https://1d4dfa0a7dc0639e19f5d0125f14a634.r2.cloudflarestorage.com: attempt + run record art:c7b4224eba481f2d919f62c3e1a0c24945ef775aa51657176c2719096b28a49f (6 file(s))
06:32:16Z r20260923-055832-7663 r20260923-055832-7663: custody on s3://verity-dev @ https://1d4dfa0a7dc0639e19f5d0125f14a634.r2.cloudflarestorage.com: attempt + run record art:7b2a9cea0ec969ea41c39d75cd1533da064e23e9aa19730b213746ac850a2ab7 (6 file(s))
06:32:20Z r20260924-194231-af6e r20260924-194231-af6e: custody on s3://verity-dev @ https://1d4dfa0a7dc0639e19f5d0125f14a634.r2.cloudflarestorage.com: attempt + run record art:1bcf5a508cd430b3bf612ed0bd6c56f6960edf865e0134af81e65c51cee6b980 (6 file(s))
06:32:25Z r20260924-210424-0471 r20260924-210424-0471: custody on s3://verity-dev @ https://1d4dfa0a7dc0639e19f5d0125f14a634.r2.cloudflarestorage.com: attempt + run record art:b669a4b120c996d0ce6e94b60a5db786d3a95b27497e7a95a3eba77251e0b1ee (6 file(s))
06:32:29Z r20260922-221123-5f38 r20260922-221123-5f38: custody on s3://verity-dev @ https://1d4dfa0a7dc0639e19f5d0125f14a634.r2.cloudflarestorage.com: attempt + run record art:7e4b90dc316956b1a6227a168d520fd90ac41280a33269e07b0aaa8fd219c475 (6 file(s))
06:32:33Z r20260924-204024-ef17 r20260924-204024-ef17: custody on s3://verity-dev @ https://1d4dfa0a7dc0639e19f5d0125f14a634.r2.cloudflarestorage.com: attempt + run record art:3e2e01106971b3a5d87f0b80aa4515d94b1b208d65d118256a6d9bbe64ee5bc1 (6 file(s))
06:32:37Z r20260924-204319-1fa7 r20260924-204319-1fa7: custody on s3://verity-dev @ https://1d4dfa0a7dc0639e19f5d0125f14a634.r2.cloudflarestorage.com: attempt + run record art:80b15506ca8543659dda5ba606a063ef8d77318d8e93987792ad8f5d0c8aa714 (6 file(s))
06:32:40Z r20260923-182618-9e35 r20260923-182618-9e35: custody on s3://verity-dev @ https://1d4dfa0a7dc0639e19f5d0125f14a634.r2.cloudflarestorage.com: attempt + run record art:f2b9d2135ac18a83cf4d41fe490b28ae287bf97b4d88a76105d49f5ca6d924c2 (6 file(s))
06:32:44Z r20260924-204833-1ce5 r20260924-204833-1ce5: custody on s3://verity-dev @ https://1d4dfa0a7dc0639e19f5d0125f14a634.r2.cloudflarestorage.com: attempt + run record art:ddac672fd21843ce6da01e9fde7b2311c28136951ba869ec21758269cdae9a0a (6 file(s))
06:32:48Z r20260923-122257-4a98 r20260923-122257-4a98: custody on s3://verity-dev @ https://1d4dfa0a7dc0639e19f5d0125f14a634.r2.cloudflarestorage.com: attempt + run record art:b20b29ef4bc91a779ccd11ac6f9e82ee036f409d13a774d6c6a901f9f6d0fc6b (6 file(s))
06:32:51Z r20260922-220825-44ea r20260922-220825-44ea: custody on s3://verity-dev @ https://1d4dfa0a7dc0639e19f5d0125f14a634.r2.cloudflarestorage.com: attempt + run record art:f66001c6163c7fc421e616df6af7e9c354d9beae78b6bad0f2078460381602ee (6 file(s))
06:32:55Z r20260924-204944-f981 r20260924-204944-f981: custody on s3://verity-dev @ https://1d4dfa0a7dc0639e19f5d0125f14a634.r2.cloudflarestorage.com: attempt + run record art:4f6f6f5dc6ced452e70864d33e5c1e22478fb3c3ace2866831b2821d469961ec (6 file(s))
06:32:59Z r20260924-210328-6723 r20260924-210328-6723: custody on s3://verity-dev @ https://1d4dfa0a7dc0639e19f5d0125f14a634.r2.cloudflarestorage.com: attempt + run record art:6a2673a380f536631e8741ab4db27c21e0aa82a668cb95b4ab34a8fed430dd93 (6 file(s))
06:33:03Z r20260924-204234-7564 r20260924-204234-7564: custody on s3://verity-dev @ https://1d4dfa0a7dc0639e19f5d0125f14a634.r2.cloudflarestorage.com: attempt + run record art:0c8dc94512471c5359acb05603a1f2af5baab7f271dc6baed996f92e7a04e761 (6 file(s))
06:33:07Z r20260923-122148-fda5 r20260923-122148-fda5: custody on s3://verity-dev @ https://1d4dfa0a7dc0639e19f5d0125f14a634.r2.cloudflarestorage.com: attempt + run record art:decd374bb2e366a3354607ad64e6963e77a6a1532ac1dd2e96ea712e6f1f59a8 (6 file(s))
06:33:11Z r20260924-193948-0a70 r20260924-193948-0a70: custody on s3://verity-dev @ https://1d4dfa0a7dc0639e19f5d0125f14a634.r2.cloudflarestorage.com: attempt + run record art:70fc0e8fc0898d546cb2e8e80f87642e9b3b30b18f6050f15c8ae3eeb75924e1 (6 file(s))
06:33:15Z r20260925-035948-0fdc r20260925-035948-0fdc: custody on s3://verity-dev @ https://1d4dfa0a7dc0639e19f5d0125f14a634.r2.cloudflarestorage.com: attempt + run record art:fac00437d0c294aa290d57c02a4d5ebadeab5c9ae6c30b3d06cc61d8e023d422 (6 file(s))
06:33:19Z r20260924-201054-115e r20260924-201054-115e: custody on s3://verity-dev @ https://1d4dfa0a7dc0639e19f5d0125f14a634.r2.cloudflarestorage.com: attempt + run record art:4882600a027eaa7b554f3a3908b0d91013e0b6700b2e8b6f1a8fd2998dc21d3b (6 file(s))
06:33:22Z r20260924-191525-712d r20260924-191525-712d: custody on s3://verity-dev @ https://1d4dfa0a7dc0639e19f5d0125f14a634.r2.cloudflarestorage.com: attempt + run record art:fcbeb0b9140efad1151ac651b0edb2152c0945c8a20ab9459114028880cc9b82 (6 file(s))
06:33:27Z r20260924-194155-a3a0 r20260924-194155-a3a0: custody on s3://verity-dev @ https://1d4dfa0a7dc0639e19f5d0125f14a634.r2.cloudflarestorage.com: attempt + run record art:e7df394874734ebecf6b82e9a593218d335ef433c60907b1ff5b62030267f1d7 (6 file(s))
06:33:31Z r20260924-191624-b268 r20260924-191624-b268: custody on s3://verity-dev @ https://1d4dfa0a7dc0639e19f5d0125f14a634.r2.cloudflarestorage.com: attempt + run record art:fb70efc0ae4a01e9285a0481b3e1df92f263ccc5bf344bb03d27c630698646e6 (6 file(s))
06:33:35Z r20260924-202028-30f3 r20260924-202028-30f3: custody on s3://verity-dev @ https://1d4dfa0a7dc0639e19f5d0125f14a634.r2.cloudflarestorage.com: attempt + run record art:e2697b7fe4375fae66793f4c3c179962a262c847e7df6d6822eb0f095311e393 (6 file(s))
06:33:39Z r20260924-200724-5269 r20260924-200724-5269: custody on s3://verity-dev @ https://1d4dfa0a7dc0639e19f5d0125f14a634.r2.cloudflarestorage.com: attempt + run record art:c9a9b9e2b2212fa3bd87e154bb2d232469981d42b136c3307a2f1b919a6a8337 (6 file(s))
06:33:43Z r20260923-062729-fd1d r20260923-062729-fd1d: custody on s3://verity-dev @ https://1d4dfa0a7dc0639e19f5d0125f14a634.r2.cloudflarestorage.com: attempt + run record art:0d2ff062c7ca93d63fecc52550e77de9f68f41ee18c5c2dd9ef25e8d168ffcb7 (6 file(s))
06:33:47Z r20260923-090553-82a6 r20260923-090553-82a6: custody on s3://verity-dev @ https://1d4dfa0a7dc0639e19f5d0125f14a634.r2.cloudflarestorage.com: attempt + run record art:e9e3f9770d1eb09e6b7499cdbeed4c7b5a3f7043925b24b2c6fd9b890f7a5bbe (6 file(s))
06:33:50Z r20260923-062724-60b1 r20260923-062724-60b1: custody on s3://verity-dev @ https://1d4dfa0a7dc0639e19f5d0125f14a634.r2.cloudflarestorage.com: attempt + run record art:0c2db9e6962ecc07f1b8b8f50ef7f964510f5df0ac618c74adeb37052c5b6346 (6 file(s))
06:33:55Z r20260922-233335-842f r20260922-233335-842f: custody on s3://verity-dev @ https://1d4dfa0a7dc0639e19f5d0125f14a634.r2.cloudflarestorage.com: attempt + run record art:d92c32f2b5583b61bcbcf23dc52d863e40bb4e75b647704a0a964a548258b2e7 (6 file(s))
06:33:59Z r20260923-070822-8f9b r20260923-070822-8f9b: custody on s3://verity-dev @ https://1d4dfa0a7dc0639e19f5d0125f14a634.r2.cloudflarestorage.com: attempt + run record art:6f7eefb6f814d444e37f3e0af99cc2e7ef75585f25ae06ed7214fe3f936e425b (6 file(s))
06:34:03Z r20260923-063005-a44a r20260923-063005-a44a: custody on s3://verity-dev @ https://1d4dfa0a7dc0639e19f5d0125f14a634.r2.cloudflarestorage.com: attempt + run record art:1e297f1c9e057abc5d90ec52226570d3d2fe75b488956a72dd0fe96452efa2fb (6 file(s))
06:34:06Z r20260924-225420-2f5a r20260924-225420-2f5a: custody on s3://verity-dev @ https://1d4dfa0a7dc0639e19f5d0125f14a634.r2.cloudflarestorage.com: attempt + run record art:c2c691f11c4e2ba91b4c7eba424ff87b9148ab63ff71f325cd19255bf26c6b48 (6 file(s))
06:34:10Z r20260922-230527-5461 r20260922-230527-5461: custody on s3://verity-dev @ https://1d4dfa0a7dc0639e19f5d0125f14a634.r2.cloudflarestorage.com: attempt + run record art:4654b05526ae0a9443d47875cc0535161d64ef6478e35ea34f1406b56b1b5422 (6 file(s))
06:34:14Z r20260923-073946-ec6a r20260923-073946-ec6a: custody on s3://verity-dev @ https://1d4dfa0a7dc0639e19f5d0125f14a634.r2.cloudflarestorage.com: attempt + run record art:5bc2e471c73158c01f010a59a91816edb7b93ec9e753d242c7f315dc75e28574 (6 file(s))
06:34:18Z r20260923-092224-1e88 r20260923-092224-1e88: custody on s3://verity-dev @ https://1d4dfa0a7dc0639e19f5d0125f14a634.r2.cloudflarestorage.com: attempt + run record art:fbf79865b495af2d82a04a83db5c312c29acf239e1fa6cebe5782e6f7d677cdd (6 file(s))
06:34:21Z r20260923-073325-8acd r20260923-073325-8acd: custody on s3://verity-dev @ https://1d4dfa0a7dc0639e19f5d0125f14a634.r2.cloudflarestorage.com: attempt + run record art:b9ebfdfc28c5cd41e2a705e9e19437c2eae6b8c73890bbeb7e12e0525ed0a477 (6 file(s))
06:34:25Z r20260923-071035-664d r20260923-071035-664d: custody on s3://verity-dev @ https://1d4dfa0a7dc0639e19f5d0125f14a634.r2.cloudflarestorage.com: attempt + run record art:63ebcafc83cda53fbf7d49a8b76f7899e22df98c206725db5029eea15cb7195e (6 file(s))
06:34:29Z r20260923-012511-8f54 r20260923-012511-8f54: custody on s3://verity-dev @ https://1d4dfa0a7dc0639e19f5d0125f14a634.r2.cloudflarestorage.com: attempt + run record art:3a2e2637210a5f4407158e15eed10549312eb060d1921a25aa1ceee4ffedf7b3 (6 file(s))
06:34:33Z r20260924-190646-2eca r20260924-190646-2eca: custody on s3://verity-dev @ https://1d4dfa0a7dc0639e19f5d0125f14a634.r2.cloudflarestorage.com: attempt + run record art:4c396fb4affac4ec4a3e611e2a76c06eda350bfb1e8458e340e958359e91eb45 (6 file(s))
06:34:37Z r20260924-192555-fa70 r20260924-192555-fa70: custody on s3://verity-dev @ https://1d4dfa0a7dc0639e19f5d0125f14a634.r2.cloudflarestorage.com: attempt + run record art:88f4c51db1c5d8c6ed4af6fed973ce2be03ddd3a10c96868e600c427148cd489 (6 file(s))
06:34:40Z r20260924-191618-90f6 r20260924-191618-90f6: custody on s3://verity-dev @ https://1d4dfa0a7dc0639e19f5d0125f14a634.r2.cloudflarestorage.com: attempt + run record art:318173acbf5be4de04eb79b41fae36f78d710d6acb7e5afd52b0f53ca2c2d43f (6 file(s))
06:34:45Z r20260923-063025-0223 r20260923-063025-0223: custody on s3://verity-dev @ https://1d4dfa0a7dc0639e19f5d0125f14a634.r2.cloudflarestorage.com: attempt + run record art:6289d921e69a7985fbfe9d0145151fdc4a5ab086714953684cba192b7c2e5942 (5 file(s))
06:34:49Z r20260923-012733-59ff r20260923-012733-59ff: custody on s3://verity-dev @ https://1d4dfa0a7dc0639e19f5d0125f14a634.r2.cloudflarestorage.com: attempt + run record art:a7842e4f22c904951d3a35bcf24b9246e6a9fa21f517a16488226a1e9001bed6 (5 file(s))
06:34:53Z r20260924-220743-d6bb research data custody: r20260924-220743-d6bb: attempt not published: FileNotFoundError: /Users/danielreuter/.research/runs/r20260924-220743-d6bb: no readable job.json (not fetched yet, or refused before it ran)
06:34:53Z r20260924-221355-7d7c research data custody: r20260924-221355-7d7c: attempt not published: FileNotFoundError: /Users/danielreuter/.research/runs/r20260924-221355-7d7c: no readable job.json (not fetched yet, or refused before it ran)
06:34:53Z r20260923-074520-2541 research data custody: r20260923-074520-2541: attempt not published: FileNotFoundError: /Users/danielreuter/.research/runs/r20260923-074520-2541: no readable job.json (not fetched yet, or refused before it ran)
06:34:53Z r20260923-080651-6a36 research data custody: r20260923-080651-6a36: attempt not published: FileNotFoundError: /Users/danielreuter/.research/runs/r20260923-080651-6a36: no readable job.json (not fetched yet, or refused before it ran)
06:34:53Z r20260923-072954-438a research data custody: r20260923-072954-438a: attempt not published: FileNotFoundError: /Users/danielreuter/.research/runs/r20260923-072954-438a: no readable job.json (not fetched yet, or refused before it ran)
06:34:53Z r20260923-080058-965f research data custody: r20260923-080058-965f: attempt not published: FileNotFoundError: /Users/danielreuter/.research/runs/r20260923-080058-965f: no readable job.json (not fetched yet, or refused before it ran)
06:34:53Z r20260924-232815-12c1 research data custody: r20260924-232815-12c1: attempt not published: FileNotFoundError: /Users/danielreuter/.research/runs/r20260924-232815-12c1: no readable job.json (not fetched yet, or refused before it ran)
06:34:53Z r20260923-093414-69fa research data custody: r20260923-093414-69fa: attempt not published: FileNotFoundError: /Users/danielreuter/.research/runs/r20260923-093414-69fa: no readable job.json (not fetched yet, or refused before it ran)
06:34:53Z r20260924-230041-91f8 research data custody: r20260924-230041-91f8: attempt not published: FileNotFoundError: /Users/danielreuter/.research/runs/r20260924-230041-91f8: no readable job.json (not fetched yet, or refused before it ran)
06:34:53Z r20260925-011824-1c9a research data custody: r20260925-011824-1c9a: attempt not published: FileNotFoundError: /Users/danielreuter/.research/runs/r20260925-011824-1c9a: no readable job.json (not fetched yet, or refused before it ran)
06:34:54Z r20260924-222928-d816 research data custody: r20260924-222928-d816: attempt not published: FileNotFoundError: /Users/danielreuter/.research/runs/r20260924-222928-d816: no readable job.json (not fetched yet, or refused before it ran)
06:34:54Z r20260924-213746-991e research data custody: r20260924-213746-991e: attempt not published: FileNotFoundError: /Users/danielreuter/.research/runs/r20260924-213746-991e: no readable job.json (not fetched yet, or refused before it ran)
06:34:54Z r20260924-215357-5d5b research data custody: r20260924-215357-5d5b: attempt not published: FileNotFoundError: /Users/danielreuter/.research/runs/r20260924-215357-5d5b: no readable job.json (not fetched yet, or refused before it ran)
06:34:54Z r20260924-235249-e9b9 research data custody: r20260924-235249-e9b9: attempt not published: FileNotFoundError: /Users/danielreuter/.research/runs/r20260924-235249-e9b9: no readable job.json (not fetched yet, or refused before it ran)
06:34:54Z r20260924-210735-2990 research data custody: r20260924-210735-2990: attempt not published: FileNotFoundError: /Users/danielreuter/.research/runs/r20260924-210735-2990: no readable job.json (not fetched yet, or refused before it ran)
06:34:54Z r20260924-224933-3cce research data custody: r20260924-224933-3cce: attempt not published: FileNotFoundError: /Users/danielreuter/.research/runs/r20260924-224933-3cce: no readable job.json (not fetched yet, or refused before it ran)
06:34:54Z r20260924-224457-402c research data custody: r20260924-224457-402c: attempt not published: FileNotFoundError: /Users/danielreuter/.research/runs/r20260924-224457-402c: no readable job.json (not fetched yet, or refused before it ran)
06:34:54Z r20260924-220550-61cb research data custody: r20260924-220550-61cb: attempt not published: FileNotFoundError: /Users/danielreuter/.research/runs/r20260924-220550-61cb: no readable job.json (not fetched yet, or refused before it ran)
06:34:54Z r20260924-212431-6acc research data custody: r20260924-212431-6acc: attempt not published: FileNotFoundError: /Users/danielreuter/.research/runs/r20260924-212431-6acc: no readable job.json (not fetched yet, or refused before it ran)
06:34:54Z r20260924-235230-b0e9 research data custody: r20260924-235230-b0e9: attempt not published: FileNotFoundError: /Users/danielreuter/.research/runs/r20260924-235230-b0e9: no readable job.json (not fetched yet, or refused before it ran)
06:34:54Z r20260924-085702-d2e3 research data custody: r20260924-085702-d2e3: attempt not published: FileNotFoundError: /Users/danielreuter/.research/runs/r20260924-085702-d2e3: no readable job.json (not fetched yet, or refused before it ran)
06:34:55Z r20260924-085749-2570 research data custody: r20260924-085749-2570: attempt not published: FileNotFoundError: /Users/danielreuter/.research/runs/r20260924-085749-2570: no readable job.json (not fetched yet, or refused before it ran)
06:34:55Z r20260924-101839-ef1b research data custody: r20260924-101839-ef1b: attempt not published: FileNotFoundError: /Users/danielreuter/.research/runs/r20260924-101839-ef1b: no readable job.json (not fetched yet, or refused before it ran)
06:34:55Z r20260925-004904-c8a2 research data custody: r20260925-004904-c8a2: attempt not published: FileNotFoundError: /Users/danielreuter/.research/runs/r20260925-004904-c8a2: no readable job.json (not fetched yet, or refused before it ran)
06:34:55Z r20260922-101240-8f71 research data custody: r20260922-101240-8f71: attempt not published: FileNotFoundError: /Users/danielreuter/.research/runs/r20260922-101240-8f71: no readable job.json (not fetched yet, or refused before it ran)
06:34:55Z r20260924-014810-6fea research data custody: r20260924-014810-6fea: attempt not published: FileNotFoundError: /Users/danielreuter/.research/runs/r20260924-014810-6fea: no readable job.json (not fetched yet, or refused before it ran)
06:34:55Z r20260924-213455-3ee4 research data custody: r20260924-213455-3ee4: attempt not published: FileNotFoundError: /Users/danielreuter/.research/runs/r20260924-213455-3ee4: no readable job.json (not fetched yet, or refused before it ran)
06:34:55Z r20260923-031323-9951 research data custody: r20260923-031323-9951: attempt not published: FileNotFoundError: /Users/danielreuter/.research/runs/r20260923-031323-9951: no readable job.json (not fetched yet, or refused before it ran)
06:34:55Z r20260923-031348-bc72 research data custody: r20260923-031348-bc72: attempt not published: FileNotFoundError: /Users/danielreuter/.research/runs/r20260923-031348-bc72: no readable job.json (not fetched yet, or refused before it ran)
06:34:55Z r20260923-031413-e31b research data custody: r20260923-031413-e31b: attempt not published: FileNotFoundError: /Users/danielreuter/.research/runs/r20260923-031413-e31b: no readable job.json (not fetched yet, or refused before it ran)
06:34:55Z r20260923-031438-12a9 research data custody: r20260923-031438-12a9: attempt not published: FileNotFoundError: /Users/danielreuter/.research/runs/r20260923-031438-12a9: no readable job.json (not fetched yet, or refused before it ran)
06:34:55Z r20260923-031503-2862 research data custody: r20260923-031503-2862: attempt not published: FileNotFoundError: /Users/danielreuter/.research/runs/r20260923-031503-2862: no readable job.json (not fetched yet, or refused before it ran)
06:34:56Z r20260923-031528-8b78 research data custody: r20260923-031528-8b78: attempt not published: FileNotFoundError: /Users/danielreuter/.research/runs/r20260923-031528-8b78: no readable job.json (not fetched yet, or refused before it ran)
06:34:56Z r20260924-012910-784d research data custody: r20260924-012910-784d: attempt not published: FileNotFoundError: /Users/danielreuter/.research/runs/r20260924-012910-784d: no readable job.json (not fetched yet, or refused before it ran)
06:34:56Z r20260924-021402-69d8 research data custody: r20260924-021402-69d8: attempt not published: FileNotFoundError: /Users/danielreuter/.research/runs/r20260924-021402-69d8: no readable job.json (not fetched yet, or refused before it ran)
06:34:56Z r20260923-093610-07e9 research data custody: r20260923-093610-07e9: attempt not published: FileNotFoundError: /Users/danielreuter/.research/runs/r20260923-093610-07e9: no readable job.json (not fetched yet, or refused before it ran)
06:34:56Z r20260923-093635-dbd1 research data custody: r20260923-093635-dbd1: attempt not published: FileNotFoundError: /Users/danielreuter/.research/runs/r20260923-093635-dbd1: no readable job.json (not fetched yet, or refused before it ran)
06:34:56Z r20260923-111140-abb7 research data custody: r20260923-111140-abb7: attempt not published: FileNotFoundError: /Users/danielreuter/.research/runs/r20260923-111140-abb7: no readable job.json (not fetched yet, or refused before it ran)
06:34:56Z r20260923-093659-50b1 research data custody: r20260923-093659-50b1: attempt not published: FileNotFoundError: /Users/danielreuter/.research/runs/r20260923-093659-50b1: no readable job.json (not fetched yet, or refused before it ran)
06:34:56Z r20260923-111235-3942 research data custody: r20260923-111235-3942: attempt not published: FileNotFoundError: /Users/danielreuter/.research/runs/r20260923-111235-3942: no readable job.json (not fetched yet, or refused before it ran)
06:34:56Z r20260923-093724-6594 research data custody: r20260923-093724-6594: attempt not published: FileNotFoundError: /Users/danielreuter/.research/runs/r20260923-093724-6594: no readable job.json (not fetched yet, or refused before it ran)
06:34:56Z r20260924-213835-480e research data custody: r20260924-213835-480e: attempt not published: FileNotFoundError: /Users/danielreuter/.research/runs/r20260924-213835-480e: no readable job.json (not fetched yet, or refused before it ran)
06:34:56Z r20260924-213846-dbe3 research data custody: r20260924-213846-dbe3: attempt not published: FileNotFoundError: /Users/danielreuter/.research/runs/r20260924-213846-dbe3: no readable job.json (not fetched yet, or refused before it ran)
06:34:57Z r20260924-213858-077c research data custody: r20260924-213858-077c: attempt not published: FileNotFoundError: /Users/danielreuter/.research/runs/r20260924-213858-077c: no readable job.json (not fetched yet, or refused before it ran)
06:34:57Z r20260924-213909-4a1f research data custody: r20260924-213909-4a1f: attempt not published: FileNotFoundError: /Users/danielreuter/.research/runs/r20260924-213909-4a1f: no readable job.json (not fetched yet, or refused before it ran)
06:34:57Z r20260925-012509-86d4 research data custody: r20260925-012509-86d4: attempt not published: FileNotFoundError: /Users/danielreuter/.research/runs/r20260925-012509-86d4: no readable job.json (not fetched yet, or refused before it ran)
06:34:57Z r20260923-030340-bf77 research data custody: r20260923-030340-bf77: attempt not published: FileNotFoundError: /Users/danielreuter/.research/runs/r20260923-030340-bf77: no readable job.json (not fetched yet, or refused before it ran)
06:34:57Z r20260923-030442-7aed research data custody: r20260923-030442-7aed: attempt not published: FileNotFoundError: /Users/danielreuter/.research/runs/r20260923-030442-7aed: no readable job.json (not fetched yet, or refused before it ran)
06:34:57Z r20260923-030529-ab1d research data custody: r20260923-030529-ab1d: attempt not published: FileNotFoundError: /Users/danielreuter/.research/runs/r20260923-030529-ab1d: no readable job.json (not fetched yet, or refused before it ran)
06:34:57Z r20260925-005745-dac6 research data custody: r20260925-005745-dac6: attempt not published: FileNotFoundError: /Users/danielreuter/.research/runs/r20260925-005745-dac6: no readable job.json (not fetched yet, or refused before it ran)
06:34:57Z r20260923-110354-7d03 research data custody: r20260923-110354-7d03: attempt not published: FileNotFoundError: /Users/danielreuter/.research/runs/r20260923-110354-7d03: no readable job.json (not fetched yet, or refused before it ran)
06:34:57Z r20260923-110843-2710 research data custody: r20260923-110843-2710: attempt not published: FileNotFoundError: /Users/danielreuter/.research/runs/r20260923-110843-2710: no readable job.json (not fetched yet, or refused before it ran)
06:34:57Z r20260923-110652-bd38 research data custody: r20260923-110652-bd38: attempt not published: FileNotFoundError: /Users/danielreuter/.research/runs/r20260923-110652-bd38: no readable job.json (not fetched yet, or refused before it ran)
06:34:57Z r20260923-110057-e57f research data custody: r20260923-110057-e57f: attempt not published: FileNotFoundError: /Users/danielreuter/.research/runs/r20260923-110057-e57f: no readable job.json (not fetched yet, or refused before it ran)
06:34:58Z r20260923-090750-e2b4 research data custody: r20260923-090750-e2b4: attempt not published: FileNotFoundError: /Users/danielreuter/.research/runs/r20260923-090750-e2b4: no readable job.json (not fetched yet, or refused before it ran)
06:34:58Z r20260923-090822-42fe research data custody: r20260923-090822-42fe: attempt not published: FileNotFoundError: /Users/danielreuter/.research/runs/r20260923-090822-42fe: no readable job.json (not fetched yet, or refused before it ran)
06:34:58Z r20260923-110613-2500 research data custody: r20260923-110613-2500: attempt not published: FileNotFoundError: /Users/danielreuter/.research/runs/r20260923-110613-2500: no readable job.json (not fetched yet, or refused before it ran)
06:34:58Z r20260923-090855-4627 research data custody: r20260923-090855-4627: attempt not published: FileNotFoundError: /Users/danielreuter/.research/runs/r20260923-090855-4627: no readable job.json (not fetched yet, or refused before it ran)
06:34:58Z r20260923-214447-851b research data custody: r20260923-214447-851b: attempt not published: FileNotFoundError: /Users/danielreuter/.research/runs/r20260923-214447-851b: no readable job.json (not fetched yet, or refused before it ran)
06:34:58Z r20260923-222000-c58e research data custody: r20260923-222000-c58e: attempt not published: FileNotFoundError: /Users/danielreuter/.research/runs/r20260923-222000-c58e: no readable job.json (not fetched yet, or refused before it ran)
06:34:58Z r20260923-090121-5e11 research data custody: r20260923-090121-5e11: attempt not published: FileNotFoundError: /Users/danielreuter/.research/runs/r20260923-090121-5e11: no readable job.json (not fetched yet, or refused before it ran)
06:34:58Z r20260924-214910-0c80 research data custody: r20260924-214910-0c80: attempt not published: FileNotFoundError: /Users/danielreuter/.research/runs/r20260924-214910-0c80: no readable job.json (not fetched yet, or refused before it ran)
06:34:58Z r20260924-212719-3ca3 research data custody: r20260924-212719-3ca3: attempt not published: FileNotFoundError: /Users/danielreuter/.research/runs/r20260924-212719-3ca3: no readable job.json (not fetched yet, or refused before it ran)
06:34:58Z r20260924-080613-6000 research data custody: r20260924-080613-6000: attempt not published: FileNotFoundError: /Users/danielreuter/.research/runs/r20260924-080613-6000: no readable job.json (not fetched yet, or refused before it ran)
06:34:58Z r20260924-210403-36a1 research data custody: r20260924-210403-36a1: attempt not published: FileNotFoundError: /Users/danielreuter/.research/runs/r20260924-210403-36a1: no readable job.json (not fetched yet, or refused before it ran)
06:34:59Z r20260924-211712-d36f research data custody: r20260924-211712-d36f: attempt not published: FileNotFoundError: /Users/danielreuter/.research/runs/r20260924-211712-d36f: no readable job.json (not fetched yet, or refused before it ran)
06:34:59Z r20260925-012537-0076 research data custody: r20260925-012537-0076: attempt not published: FileNotFoundError: /Users/danielreuter/.research/runs/r20260925-012537-0076: no readable job.json (not fetched yet, or refused before it ran)
06:34:59Z r20260922-093936-cc8a research data custody: r20260922-093936-cc8a: attempt not published: FileNotFoundError: /Users/danielreuter/.research/runs/r20260922-093936-cc8a: no readable job.json (not fetched yet, or refused before it ran)
06:34:59Z r20260925-012506-f660 research data custody: r20260925-012506-f660: attempt not published: FileNotFoundError: /Users/danielreuter/.research/runs/r20260925-012506-f660: no readable job.json (not fetched yet, or refused before it ran)
06:34:59Z r20260923-100414-301a research data custody: r20260923-100414-301a: attempt not published: FileNotFoundError: /Users/danielreuter/.research/runs/r20260923-100414-301a: no readable job.json (not fetched yet, or refused before it ran)
06:34:59Z r20260923-104036-2789 research data custody: r20260923-104036-2789: attempt not published: FileNotFoundError: /Users/danielreuter/.research/runs/r20260923-104036-2789: no readable job.json (not fetched yet, or refused before it ran)
06:34:59Z r20260923-214232-d6d7 research data custody: r20260923-214232-d6d7: attempt not published: FileNotFoundError: /Users/danielreuter/.research/runs/r20260923-214232-d6d7: no readable job.json (not fetched yet, or refused before it ran)
06:34:59Z r20260923-225232-4ac7 research data custody: r20260923-225232-4ac7: attempt not published: FileNotFoundError: /Users/danielreuter/.research/runs/r20260923-225232-4ac7: no readable job.json (not fetched yet, or refused before it ran)
06:34:59Z r20260923-210814-bd47 research data custody: r20260923-210814-bd47: attempt not published: FileNotFoundError: /Users/danielreuter/.research/runs/r20260923-210814-bd47: no readable job.json (not fetched yet, or refused before it ran)
06:34:59Z r20260922-225950-6812 research data custody: r20260922-225950-6812: attempt not published: FileNotFoundError: /Users/danielreuter/.research/runs/r20260922-225950-6812: no readable job.json (not fetched yet, or refused before it ran)
06:35:00Z r20260924-070246-361e research data custody: r20260924-070246-361e: attempt not published: FileNotFoundError: /Users/danielreuter/.research/runs/r20260924-070246-361e: no readable job.json (not fetched yet, or refused before it ran)
06:35:00Z r20260924-073110-41cb research data custody: r20260924-073110-41cb: attempt not published: FileNotFoundError: /Users/danielreuter/.research/runs/r20260924-073110-41cb: no readable job.json (not fetched yet, or refused before it ran)
06:35:00Z r20260924-065225-185b research data custody: r20260924-065225-185b: attempt not published: FileNotFoundError: /Users/danielreuter/.research/runs/r20260924-065225-185b: no readable job.json (not fetched yet, or refused before it ran)
06:35:00Z r20260924-072715-1793 research data custody: r20260924-072715-1793: attempt not published: FileNotFoundError: /Users/danielreuter/.research/runs/r20260924-072715-1793: no readable job.json (not fetched yet, or refused before it ran)
06:35:00Z r20260924-072723-6a27 research data custody: r20260924-072723-6a27: attempt not published: FileNotFoundError: /Users/danielreuter/.research/runs/r20260924-072723-6a27: no readable job.json (not fetched yet, or refused before it ran)
06:35:00Z r20260925-011026-ec41 research data custody: r20260925-011026-ec41: attempt not published: FileNotFoundError: /Users/danielreuter/.research/runs/r20260925-011026-ec41: no readable job.json (not fetched yet, or refused before it ran)
06:35:00Z r20260924-073604-222f research data custody: r20260924-073604-222f: attempt not published: FileNotFoundError: /Users/danielreuter/.research/runs/r20260924-073604-222f: no readable job.json (not fetched yet, or refused before it ran)
06:35:00Z r20260922-093941-aebe research data custody: r20260922-093941-aebe: attempt not published: FileNotFoundError: /Users/danielreuter/.research/runs/r20260922-093941-aebe: no readable job.json (not fetched yet, or refused before it ran)
06:35:00Z r20260923-214647-0ffe research data custody: r20260923-214647-0ffe: attempt not published: FileNotFoundError: /Users/danielreuter/.research/runs/r20260923-214647-0ffe: no readable job.json (not fetched yet, or refused before it ran)
06:35:00Z r20260923-210130-56a7 research data custody: r20260923-210130-56a7: attempt not published: FileNotFoundError: /Users/danielreuter/.research/runs/r20260923-210130-56a7: no readable job.json (not fetched yet, or refused before it ran)
06:35:00Z r20260923-022217-873e research data custody: r20260923-022217-873e: attempt not published: FileNotFoundError: /Users/danielreuter/.research/runs/r20260923-022217-873e: no readable job.json (not fetched yet, or refused before it ran)
06:35:00Z r20260923-022831-e786 research data custody: r20260923-022831-e786: attempt not published: FileNotFoundError: /Users/danielreuter/.research/runs/r20260923-022831-e786: no readable job.json (not fetched yet, or refused before it ran)
06:35:01Z r20260923-022916-0a7b research data custody: r20260923-022916-0a7b: attempt not published: FileNotFoundError: /Users/danielreuter/.research/runs/r20260923-022916-0a7b: no readable job.json (not fetched yet, or refused before it ran)
06:35:01Z r20260923-103825-7f12 research data custody: r20260923-103825-7f12: attempt not published: FileNotFoundError: /Users/danielreuter/.research/runs/r20260923-103825-7f12: no readable job.json (not fetched yet, or refused before it ran)
06:35:01Z r20260923-212005-747b research data custody: r20260923-212005-747b: attempt not published: FileNotFoundError: /Users/danielreuter/.research/runs/r20260923-212005-747b: no readable job.json (not fetched yet, or refused before it ran)
06:35:01Z r20260923-214839-0dc3 research data custody: r20260923-214839-0dc3: attempt not published: FileNotFoundError: /Users/danielreuter/.research/runs/r20260923-214839-0dc3: no readable job.json (not fetched yet, or refused before it ran)
06:35:01Z r20260923-214127-b5b5 research data custody: r20260923-214127-b5b5: attempt not published: FileNotFoundError: /Users/danielreuter/.research/runs/r20260923-214127-b5b5: no readable job.json (not fetched yet, or refused before it ran)
06:35:01Z r20260922-232918-54dc research data custody: r20260922-232918-54dc: attempt not published: FileNotFoundError: /Users/danielreuter/.research/runs/r20260922-232918-54dc: no readable job.json (not fetched yet, or refused before it ran)
06:35:01Z r20260923-001230-f1c8 research data custody: r20260923-001230-f1c8: attempt not published: FileNotFoundError: /Users/danielreuter/.research/runs/r20260923-001230-f1c8: no readable job.json (not fetched yet, or refused before it ran)
06:35:01Z r20260923-022508-051c research data custody: r20260923-022508-051c: attempt not published: FileNotFoundError: /Users/danielreuter/.research/runs/r20260923-022508-051c: no readable job.json (not fetched yet, or refused before it ran)
06:35:01Z r20260923-104644-22d1 research data custody: r20260923-104644-22d1: attempt not published: FileNotFoundError: /Users/danielreuter/.research/runs/r20260923-104644-22d1: no readable job.json (not fetched yet, or refused before it ran)
06:35:01Z r20260924-231812-75f4 research data custody: r20260924-231812-75f4: attempt not published: FileNotFoundError: /Users/danielreuter/.research/runs/r20260924-231812-75f4: no readable job.json (not fetched yet, or refused before it ran)
06:35:01Z r20260925-055640-377f r20260925-055640-377f: custody on s3://verity-dev @ https://1d4dfa0a7dc0639e19f5d0125f14a634.r2.cloudflarestorage.com: attempt + run record art:7270173fdfc81c0f085449496289cae47013c33b6f323800aaddadc846915922 (6 file(s))
06:35:06Z r20260925-054757-19a4 research data custody: r20260925-054757-19a4: attempt not published: FileNotFoundError: /Users/danielreuter/.research/runs/r20260925-054757-19a4: no readable job.json (not fetched yet, or refused before it ran)
06:35:06Z r20260925-012601-e354 research data custody: r20260925-012601-e354: attempt not published: FileNotFoundError: /Users/danielreuter/.research/runs/r20260925-012601-e354: no readable job.json (not fetched yet, or refused before it ran)
06:35:06Z r20260925-013036-0815 research data custody: r20260925-013036-0815: attempt not published: FileNotFoundError: /Users/danielreuter/.research/runs/r20260925-013036-0815: no readable job.json (not fetched yet, or refused before it ran)
06:35:06Z r20260925-005858-6faf research data custody: r20260925-005858-6faf: attempt not published: FileNotFoundError: /Users/danielreuter/.research/runs/r20260925-005858-6faf: no readable job.json (not fetched yet, or refused before it ran)
06:35:06Z r20260925-012247-e20f research data custody: r20260925-012247-e20f: attempt not published: FileNotFoundError: /Users/danielreuter/.research/runs/r20260925-012247-e20f: no readable job.json (not fetched yet, or refused before it ran)
06:35:06Z r20260924-232328-71ad research data custody: r20260924-232328-71ad: attempt not published: FileNotFoundError: /Users/danielreuter/.research/runs/r20260924-232328-71ad: no readable job.json (not fetched yet, or refused before it ran)
06:35:06Z r20260925-003838-9df2 research data custody: r20260925-003838-9df2: attempt not published: FileNotFoundError: /Users/danielreuter/.research/runs/r20260925-003838-9df2: no readable job.json (not fetched yet, or refused before it ran)
06:35:06Z r20260925-004029-acbd research data custody: r20260925-004029-acbd: attempt not published: FileNotFoundError: /Users/danielreuter/.research/runs/r20260925-004029-acbd: no readable job.json (not fetched yet, or refused before it ran)
06:35:06Z r20260925-002010-55ea research data custody: r20260925-002010-55ea: attempt not published: FileNotFoundError: /Users/danielreuter/.research/runs/r20260925-002010-55ea: no readable job.json (not fetched yet, or refused before it ran)
06:35:06Z r20260925-000446-6b38 research data custody: r20260925-000446-6b38: attempt not published: FileNotFoundError: /Users/danielreuter/.research/runs/r20260925-000446-6b38: no readable job.json (not fetched yet, or refused before it ran)
06:35:07Z r20260925-000846-639d research data custody: r20260925-000846-639d: attempt not published: FileNotFoundError: /Users/danielreuter/.research/runs/r20260925-000846-639d: no readable job.json (not fetched yet, or refused before it ran)
06:35:07Z r20260925-001832-e0ce research data custody: r20260925-001832-e0ce: attempt not published: FileNotFoundError: /Users/danielreuter/.research/runs/r20260925-001832-e0ce: no readable job.json (not fetched yet, or refused before it ran)
06:35:07Z r20260924-234548-cd34 research data custody: r20260924-234548-cd34: attempt not published: FileNotFoundError: /Users/danielreuter/.research/runs/r20260924-234548-cd34: no readable job.json (not fetched yet, or refused before it ran)
06:35:07Z r20260925-001624-3ad8 research data custody: r20260925-001624-3ad8: attempt not published: FileNotFoundError: /Users/danielreuter/.research/runs/r20260925-001624-3ad8: no readable job.json (not fetched yet, or refused before it ran)
06:35:07Z r20260924-222307-ffd5 research data custody: r20260924-222307-ffd5: attempt not published: FileNotFoundError: /Users/danielreuter/.research/runs/r20260924-222307-ffd5: no readable job.json (not fetched yet, or refused before it ran)
06:35:07Z r20260924-225318-93f4 research data custody: r20260924-225318-93f4: attempt not published: FileNotFoundError: /Users/danielreuter/.research/runs/r20260924-225318-93f4: no readable job.json (not fetched yet, or refused before it ran)
06:35:07Z r20260924-215206-fe12 research data custody: r20260924-215206-fe12: attempt not published: FileNotFoundError: /Users/danielreuter/.research/runs/r20260924-215206-fe12: no readable job.json (not fetched yet, or refused before it ran)
06:35:07Z r20260923-080250-0a90 research data custody: r20260923-080250-0a90: attempt not published: FileNotFoundError: /Users/danielreuter/.research/runs/r20260923-080250-0a90: no readable job.json (not fetched yet, or refused before it ran)
06:35:07Z r20260924-214248-558a research data custody: r20260924-214248-558a: attempt not published: FileNotFoundError: /Users/danielreuter/.research/runs/r20260924-214248-558a: no readable job.json (not fetched yet, or refused before it ran)
06:35:07Z r20260924-220654-f52d research data custody: r20260924-220654-f52d: attempt not published: FileNotFoundError: /Users/danielreuter/.research/runs/r20260924-220654-f52d: no readable job.json (not fetched yet, or refused before it ran)
06:35:07Z r20260924-222027-446d research data custody: r20260924-222027-446d: attempt not published: FileNotFoundError: /Users/danielreuter/.research/runs/r20260924-222027-446d: no readable job.json (not fetched yet, or refused before it ran)
06:35:07Z r20260924-223018-177d research data custody: r20260924-223018-177d: attempt not published: FileNotFoundError: /Users/danielreuter/.research/runs/r20260924-223018-177d: no readable job.json (not fetched yet, or refused before it ran)
06:35:08Z r20260924-214339-5f96 research data custody: r20260924-214339-5f96: attempt not published: FileNotFoundError: /Users/danielreuter/.research/runs/r20260924-214339-5f96: no readable job.json (not fetched yet, or refused before it ran)
06:35:08Z r20260924-232920-39e4 research data custody: r20260924-232920-39e4: attempt not published: FileNotFoundError: /Users/danielreuter/.research/runs/r20260924-232920-39e4: no readable job.json (not fetched yet, or refused before it ran)
06:35:08Z r20260924-072455-eac0 research data custody: r20260924-072455-eac0: attempt not published: FileNotFoundError: /Users/danielreuter/.research/runs/r20260924-072455-eac0: no readable job.json (not fetched yet, or refused before it ran)
06:35:08Z r20260925-013442-992e research data custody: r20260925-013442-992e: attempt not published: FileNotFoundError: /Users/danielreuter/.research/runs/r20260925-013442-992e: no readable job.json (not fetched yet, or refused before it ran)
06:35:08Z r20260924-230535-4c97 research data custody: r20260924-230535-4c97: attempt not published: FileNotFoundError: /Users/danielreuter/.research/runs/r20260924-230535-4c97: no readable job.json (not fetched yet, or refused before it ran)
06:35:08Z r20260924-225935-088d research data custody: r20260924-225935-088d: attempt not published: FileNotFoundError: /Users/danielreuter/.research/runs/r20260924-225935-088d: no readable job.json (not fetched yet, or refused before it ran)
06:35:08Z r20260924-225425-c973 research data custody: r20260924-225425-c973: attempt not published: FileNotFoundError: /Users/danielreuter/.research/runs/r20260924-225425-c973: no readable job.json (not fetched yet, or refused before it ran)
06:35:08Z r20260924-230115-f00d research data custody: r20260924-230115-f00d: attempt not published: FileNotFoundError: /Users/danielreuter/.research/runs/r20260924-230115-f00d: no readable job.json (not fetched yet, or refused before it ran)
06:35:08Z r20260924-223849-2fc2 research data custody: r20260924-223849-2fc2: attempt not published: FileNotFoundError: /Users/danielreuter/.research/runs/r20260924-223849-2fc2: no readable job.json (not fetched yet, or refused before it ran)
06:35:08Z r20260924-225615-c587 research data custody: r20260924-225615-c587: attempt not published: FileNotFoundError: /Users/danielreuter/.research/runs/r20260924-225615-c587: no readable job.json (not fetched yet, or refused before it ran)
06:35:08Z r20260922-094202-4023 research data custody: r20260922-094202-4023: attempt not published: FileNotFoundError: /Users/danielreuter/.research/runs/r20260922-094202-4023: no readable job.json (not fetched yet, or refused before it ran)
06:35:09Z r20260923-170001-6ee9 research data custody: r20260923-170001-6ee9: attempt not published: FileNotFoundError: /Users/danielreuter/.research/runs/r20260923-170001-6ee9: no readable job.json (not fetched yet, or refused before it ran)
06:35:09Z r20260923-092349-c341 research data custody: r20260923-092349-c341: attempt not published: FileNotFoundError: /Users/danielreuter/.research/runs/r20260923-092349-c341: no readable job.json (not fetched yet, or refused before it ran)
06:35:09Z r20260924-224720-6412 research data custody: r20260924-224720-6412: attempt not published: FileNotFoundError: /Users/danielreuter/.research/runs/r20260924-224720-6412: no readable job.json (not fetched yet, or refused before it ran)
06:35:09Z r20260925-005609-c18d research data custody: r20260925-005609-c18d: attempt not published: FileNotFoundError: /Users/danielreuter/.research/runs/r20260925-005609-c18d: no readable job.json (not fetched yet, or refused before it ran)
06:35:09Z r20260924-222117-64e7 research data custody: r20260924-222117-64e7: attempt not published: FileNotFoundError: /Users/danielreuter/.research/runs/r20260924-222117-64e7: no readable job.json (not fetched yet, or refused before it ran)
06:35:09Z r20260924-225549-2526 research data custody: r20260924-225549-2526: attempt not published: FileNotFoundError: /Users/danielreuter/.research/runs/r20260924-225549-2526: no readable job.json (not fetched yet, or refused before it ran)
06:35:09Z r20260923-015229-168e research data custody: r20260923-015229-168e: attempt not published: FileNotFoundError: /Users/danielreuter/.research/runs/r20260923-015229-168e: no readable job.json (not fetched yet, or refused before it ran)
06:35:09Z r20260924-232512-1fea research data custody: r20260924-232512-1fea: attempt not published: FileNotFoundError: /Users/danielreuter/.research/runs/r20260924-232512-1fea: no readable job.json (not fetched yet, or refused before it ran)
06:35:09Z r20260924-225734-a42a research data custody: r20260924-225734-a42a: attempt not published: FileNotFoundError: /Users/danielreuter/.research/runs/r20260924-225734-a42a: no readable job.json (not fetched yet, or refused before it ran)
06:35:09Z r20260924-230858-8e36 research data custody: r20260924-230858-8e36: attempt not published: FileNotFoundError: /Users/danielreuter/.research/runs/r20260924-230858-8e36: no readable job.json (not fetched yet, or refused before it ran)
06:35:09Z r20260924-232243-f42b research data custody: r20260924-232243-f42b: attempt not published: FileNotFoundError: /Users/danielreuter/.research/runs/r20260924-232243-f42b: no readable job.json (not fetched yet, or refused before it ran)
06:35:10Z r20260924-225542-83fe research data custody: r20260924-225542-83fe: attempt not published: FileNotFoundError: /Users/danielreuter/.research/runs/r20260924-225542-83fe: no readable job.json (not fetched yet, or refused before it ran)
06:35:10Z r20260924-220247-85c6 research data custody: r20260924-220247-85c6: attempt not published: FileNotFoundError: /Users/danielreuter/.research/runs/r20260924-220247-85c6: no readable job.json (not fetched yet, or refused before it ran)
06:35:10Z r20260924-231826-b39a research data custody: r20260924-231826-b39a: attempt not published: FileNotFoundError: /Users/danielreuter/.research/runs/r20260924-231826-b39a: no readable job.json (not fetched yet, or refused before it ran)
06:35:10Z r20260924-215841-a74a research data custody: r20260924-215841-a74a: attempt not published: FileNotFoundError: /Users/danielreuter/.research/runs/r20260924-215841-a74a: no readable job.json (not fetched yet, or refused before it ran)
06:35:10Z r20260924-210944-5e35 research data custody: r20260924-210944-5e35: attempt not published: FileNotFoundError: /Users/danielreuter/.research/runs/r20260924-210944-5e35: no readable job.json (not fetched yet, or refused before it ran)
06:35:10Z r20260923-165846-c068 research data custody: r20260923-165846-c068: attempt not published: FileNotFoundError: /Users/danielreuter/.research/runs/r20260923-165846-c068: no readable job.json (not fetched yet, or refused before it ran)
06:35:10Z r20260924-213015-626a research data custody: r20260924-213015-626a: attempt not published: FileNotFoundError: /Users/danielreuter/.research/runs/r20260924-213015-626a: no readable job.json (not fetched yet, or refused before it ran)
06:35:10Z r20260924-214905-44a7 research data custody: r20260924-214905-44a7: attempt not published: FileNotFoundError: /Users/danielreuter/.research/runs/r20260924-214905-44a7: no readable job.json (not fetched yet, or refused before it ran)
06:35:10Z r20260924-224038-0e37 research data custody: r20260924-224038-0e37: attempt not published: FileNotFoundError: /Users/danielreuter/.research/runs/r20260924-224038-0e37: no readable job.json (not fetched yet, or refused before it ran)
06:35:10Z r20260924-211526-7bf0 research data custody: r20260924-211526-7bf0: attempt not published: FileNotFoundError: /Users/danielreuter/.research/runs/r20260924-211526-7bf0: no readable job.json (not fetched yet, or refused before it ran)
06:35:10Z r20260924-212259-6423 research data custody: r20260924-212259-6423: attempt not published: FileNotFoundError: /Users/danielreuter/.research/runs/r20260924-212259-6423: no readable job.json (not fetched yet, or refused before it ran)
06:35:11Z r20260924-194656-c97c research data custody: r20260924-194656-c97c: attempt not published: FileNotFoundError: /Users/danielreuter/.research/runs/r20260924-194656-c97c: no readable job.json (not fetched yet, or refused before it ran)
06:35:11Z r20260922-232043-58e8 research data custody: r20260922-232043-58e8: attempt not published: FileNotFoundError: /Users/danielreuter/.research/runs/r20260922-232043-58e8: no readable job.json (not fetched yet, or refused before it ran)
06:35:11Z r20260922-181808-6192 research data custody: r20260922-181808-6192: attempt not published: FileNotFoundError: /Users/danielreuter/.research/runs/r20260922-181808-6192: no readable job.json (not fetched yet, or refused before it ran)
06:35:11Z r20260923-210032-123c research data custody: r20260923-210032-123c: attempt not published: FileNotFoundError: /Users/danielreuter/.research/runs/r20260923-210032-123c: no readable job.json (not fetched yet, or refused before it ran)
06:35:11Z r20260923-210731-1c99 research data custody: r20260923-210731-1c99: attempt not published: FileNotFoundError: /Users/danielreuter/.research/runs/r20260923-210731-1c99: no readable job.json (not fetched yet, or refused before it ran)
06:35:11Z r20260923-135135-3420 research data custody: r20260923-135135-3420: attempt not published: FileNotFoundError: /Users/danielreuter/.research/runs/r20260923-135135-3420: no readable job.json (not fetched yet, or refused before it ran)
06:35:11Z r20260923-134259-864a research data custody: r20260923-134259-864a: attempt not published: FileNotFoundError: /Users/danielreuter/.research/runs/r20260923-134259-864a: no readable job.json (not fetched yet, or refused before it ran)
06:35:11Z r20260923-135649-c242 research data custody: r20260923-135649-c242: attempt not published: FileNotFoundError: /Users/danielreuter/.research/runs/r20260923-135649-c242: no readable job.json (not fetched yet, or refused before it ran)
06:35:11Z r20260923-133629-34f1 research data custody: r20260923-133629-34f1: attempt not published: FileNotFoundError: /Users/danielreuter/.research/runs/r20260923-133629-34f1: no readable job.json (not fetched yet, or refused before it ran)
06:35:11Z r20260923-135520-1458 research data custody: r20260923-135520-1458: attempt not published: FileNotFoundError: /Users/danielreuter/.research/runs/r20260923-135520-1458: no readable job.json (not fetched yet, or refused before it ran)
06:35:11Z r20260922-130951-4a42 research data custody: r20260922-130951-4a42: attempt not published: FileNotFoundError: /Users/danielreuter/.research/runs/r20260922-130951-4a42: no readable job.json (not fetched yet, or refused before it ran)
06:35:12Z r20260922-132649-98ce research data custody: r20260922-132649-98ce: attempt not published: FileNotFoundError: /Users/danielreuter/.research/runs/r20260922-132649-98ce: no readable job.json (not fetched yet, or refused before it ran)
06:35:12Z r20260922-122310-cc19 research data custody: r20260922-122310-cc19: attempt not published: FileNotFoundError: /Users/danielreuter/.research/runs/r20260922-122310-cc19: no readable job.json (not fetched yet, or refused before it ran)
06:35:12Z r20260922-181832-271b research data custody: r20260922-181832-271b: attempt not published: FileNotFoundError: /Users/danielreuter/.research/runs/r20260922-181832-271b: no readable job.json (not fetched yet, or refused before it ran)
06:35:12Z r20260922-181855-d6b8 research data custody: r20260922-181855-d6b8: attempt not published: FileNotFoundError: /Users/danielreuter/.research/runs/r20260922-181855-d6b8: no readable job.json (not fetched yet, or refused before it ran)
06:35:12Z r20260922-182154-57d0 research data custody: r20260922-182154-57d0: attempt not published: FileNotFoundError: /Users/danielreuter/.research/runs/r20260922-182154-57d0: no readable job.json (not fetched yet, or refused before it ran)
06:35:12Z r20260924-212347-5115 research data custody: r20260924-212347-5115: attempt not published: FileNotFoundError: /Users/danielreuter/.research/runs/r20260924-212347-5115: no readable job.json (not fetched yet, or refused before it ran)
06:35:12Z r20260924-214459-15a4 research data custody: r20260924-214459-15a4: attempt not published: FileNotFoundError: /Users/danielreuter/.research/runs/r20260924-214459-15a4: no readable job.json (not fetched yet, or refused before it ran)
06:35:12Z r20260924-195136-defe research data custody: r20260924-195136-defe: attempt not published: FileNotFoundError: /Users/danielreuter/.research/runs/r20260924-195136-defe: no readable job.json (not fetched yet, or refused before it ran)
06:35:12Z r20260924-220116-78b9 research data custody: r20260924-220116-78b9: attempt not published: FileNotFoundError: /Users/danielreuter/.research/runs/r20260924-220116-78b9: no readable job.json (not fetched yet, or refused before it ran)
06:35:12Z r20260923-023001-a5e3 research data custody: r20260923-023001-a5e3: attempt not published: FileNotFoundError: /Users/danielreuter/.research/runs/r20260923-023001-a5e3: no readable job.json (not fetched yet, or refused before it ran)
06:35:12Z r20260924-194449-3370 research data custody: r20260924-194449-3370: attempt not published: FileNotFoundError: /Users/danielreuter/.research/runs/r20260924-194449-3370: no readable job.json (not fetched yet, or refused before it ran)
06:35:13Z r20260923-174328-34d4 research data custody: r20260923-174328-34d4: attempt not published: FileNotFoundError: /Users/danielreuter/.research/runs/r20260923-174328-34d4: no readable job.json (not fetched yet, or refused before it ran)
06:35:13Z r20260923-183136-5ad6 research data custody: r20260923-183136-5ad6: attempt not published: FileNotFoundError: /Users/danielreuter/.research/runs/r20260923-183136-5ad6: no readable job.json (not fetched yet, or refused before it ran)
06:35:13Z r20260923-090903-c9a0 research data custody: r20260923-090903-c9a0: attempt not published: FileNotFoundError: /Users/danielreuter/.research/runs/r20260923-090903-c9a0: no readable job.json (not fetched yet, or refused before it ran)
06:35:13Z r20260924-195111-5eab research data custody: r20260924-195111-5eab: attempt not published: FileNotFoundError: /Users/danielreuter/.research/runs/r20260924-195111-5eab: no readable job.json (not fetched yet, or refused before it ran)
06:35:13Z r20260924-214517-83de research data custody: r20260924-214517-83de: attempt not published: FileNotFoundError: /Users/danielreuter/.research/runs/r20260924-214517-83de: no readable job.json (not fetched yet, or refused before it ran)
06:35:13Z r20260922-222135-7f1d research data custody: r20260922-222135-7f1d: attempt not published: FileNotFoundError: /Users/danielreuter/.research/runs/r20260922-222135-7f1d: no readable job.json (not fetched yet, or refused before it ran)
06:35:13Z r20260923-180727-6439 research data custody: r20260923-180727-6439: attempt not published: FileNotFoundError: /Users/danielreuter/.research/runs/r20260923-180727-6439: no readable job.json (not fetched yet, or refused before it ran)
06:35:13Z r20260923-092534-a0f7 research data custody: r20260923-092534-a0f7: attempt not published: FileNotFoundError: /Users/danielreuter/.research/runs/r20260923-092534-a0f7: no readable job.json (not fetched yet, or refused before it ran)
06:35:13Z r20260923-202308-2f68 research data custody: r20260923-202308-2f68: attempt not published: FileNotFoundError: /Users/danielreuter/.research/runs/r20260923-202308-2f68: no readable job.json (not fetched yet, or refused before it ran)
06:35:13Z r20260923-090448-945a research data custody: r20260923-090448-945a: attempt not published: FileNotFoundError: /Users/danielreuter/.research/runs/r20260923-090448-945a: no readable job.json (not fetched yet, or refused before it ran)
06:35:13Z r20260923-182045-9b2e research data custody: r20260923-182045-9b2e: attempt not published: FileNotFoundError: /Users/danielreuter/.research/runs/r20260923-182045-9b2e: no readable job.json (not fetched yet, or refused before it ran)
06:35:14Z r20260923-183129-78b2 research data custody: r20260923-183129-78b2: attempt not published: FileNotFoundError: /Users/danielreuter/.research/runs/r20260923-183129-78b2: no readable job.json (not fetched yet, or refused before it ran)
06:35:14Z r20260924-215649-a2c4 research data custody: r20260924-215649-a2c4: attempt not published: FileNotFoundError: /Users/danielreuter/.research/runs/r20260924-215649-a2c4: no readable job.json (not fetched yet, or refused before it ran)
06:35:14Z r20260923-174822-2abd research data custody: r20260923-174822-2abd: attempt not published: FileNotFoundError: /Users/danielreuter/.research/runs/r20260923-174822-2abd: no readable job.json (not fetched yet, or refused before it ran)
06:35:14Z r20260923-175648-d62b research data custody: r20260923-175648-d62b: attempt not published: FileNotFoundError: /Users/danielreuter/.research/runs/r20260923-175648-d62b: no readable job.json (not fetched yet, or refused before it ran)
06:35:14Z r20260923-180117-1446 research data custody: r20260923-180117-1446: attempt not published: FileNotFoundError: /Users/danielreuter/.research/runs/r20260923-180117-1446: no readable job.json (not fetched yet, or refused before it ran)
06:35:14Z r20260923-040425-f798 research data custody: r20260923-040425-f798: attempt not published: FileNotFoundError: /Users/danielreuter/.research/runs/r20260923-040425-f798: no readable job.json (not fetched yet, or refused before it ran)
06:35:14Z r20260923-170813-e5d3 research data custody: r20260923-170813-e5d3: attempt not published: FileNotFoundError: /Users/danielreuter/.research/runs/r20260923-170813-e5d3: no readable job.json (not fetched yet, or refused before it ran)
06:35:14Z r20260923-103810-becd research data custody: r20260923-103810-becd: attempt not published: FileNotFoundError: /Users/danielreuter/.research/runs/r20260923-103810-becd: no readable job.json (not fetched yet, or refused before it ran)
06:35:14Z r20260923-091918-6d1f research data custody: r20260923-091918-6d1f: attempt not published: FileNotFoundError: /Users/danielreuter/.research/runs/r20260923-091918-6d1f: no readable job.json (not fetched yet, or refused before it ran)
06:35:14Z r20260923-025424-76a1 research data custody: r20260923-025424-76a1: attempt not published: FileNotFoundError: /Users/danielreuter/.research/runs/r20260923-025424-76a1: no readable job.json (not fetched yet, or refused before it ran)
06:35:14Z r20260923-025922-b0cc research data custody: r20260923-025922-b0cc: attempt not published: FileNotFoundError: /Users/danielreuter/.research/runs/r20260923-025922-b0cc: no readable job.json (not fetched yet, or refused before it ran)
06:35:15Z r20260923-183234-f3ce research data custody: r20260923-183234-f3ce: attempt not published: FileNotFoundError: /Users/danielreuter/.research/runs/r20260923-183234-f3ce: no readable job.json (not fetched yet, or refused before it ran)
06:35:15Z r20260923-183532-3be0 research data custody: r20260923-183532-3be0: attempt not published: FileNotFoundError: /Users/danielreuter/.research/runs/r20260923-183532-3be0: no readable job.json (not fetched yet, or refused before it ran)
06:35:15Z r20260923-104240-94ad research data custody: r20260923-104240-94ad: attempt not published: FileNotFoundError: /Users/danielreuter/.research/runs/r20260923-104240-94ad: no readable job.json (not fetched yet, or refused before it ran)
06:35:15Z r20260923-184144-e25d research data custody: r20260923-184144-e25d: attempt not published: FileNotFoundError: /Users/danielreuter/.research/runs/r20260923-184144-e25d: no readable job.json (not fetched yet, or refused before it ran)
06:35:15Z r20260922-214449-213b research data custody: r20260922-214449-213b: attempt not published: FileNotFoundError: /Users/danielreuter/.research/runs/r20260922-214449-213b: no readable job.json (not fetched yet, or refused before it ran)
06:35:15Z r20260923-105836-a247 research data custody: r20260923-105836-a247: attempt not published: FileNotFoundError: /Users/danielreuter/.research/runs/r20260923-105836-a247: no readable job.json (not fetched yet, or refused before it ran)
06:35:15Z r20260922-215410-0af3 research data custody: r20260922-215410-0af3: attempt not published: FileNotFoundError: /Users/danielreuter/.research/runs/r20260922-215410-0af3: no readable job.json (not fetched yet, or refused before it ran)
06:35:15Z r20260922-214443-8ca9 research data custody: r20260922-214443-8ca9: attempt not published: FileNotFoundError: /Users/danielreuter/.research/runs/r20260922-214443-8ca9: no readable job.json (not fetched yet, or refused before it ran)
06:35:15Z r20260922-220559-7f87 research data custody: r20260922-220559-7f87: attempt not published: FileNotFoundError: /Users/danielreuter/.research/runs/r20260922-220559-7f87: no readable job.json (not fetched yet, or refused before it ran)
06:35:15Z r20260922-220410-890f research data custody: r20260922-220410-890f: attempt not published: FileNotFoundError: /Users/danielreuter/.research/runs/r20260922-220410-890f: no readable job.json (not fetched yet, or refused before it ran)
06:35:16Z r20260922-231923-d915 research data custody: r20260922-231923-d915: attempt not published: FileNotFoundError: /Users/danielreuter/.research/runs/r20260922-231923-d915: no readable job.json (not fetched yet, or refused before it ran)
06:35:16Z r20260922-233214-4f5c research data custody: r20260922-233214-4f5c: attempt not published: FileNotFoundError: /Users/danielreuter/.research/runs/r20260922-233214-4f5c: no readable job.json (not fetched yet, or refused before it ran)
06:35:16Z r20260923-015003-e396 research data custody: r20260923-015003-e396: attempt not published: FileNotFoundError: /Users/danielreuter/.research/runs/r20260923-015003-e396: no readable job.json (not fetched yet, or refused before it ran)
06:35:16Z r20260923-182325-f860 research data custody: r20260923-182325-f860: attempt not published: FileNotFoundError: /Users/danielreuter/.research/runs/r20260923-182325-f860: no readable job.json (not fetched yet, or refused before it ran)
06:35:16Z r20260923-185950-40e8 research data custody: r20260923-185950-40e8: attempt not published: FileNotFoundError: /Users/danielreuter/.research/runs/r20260923-185950-40e8: no readable job.json (not fetched yet, or refused before it ran)
06:35:16Z r20260922-214127-1f90 research data custody: r20260922-214127-1f90: attempt not published: FileNotFoundError: /Users/danielreuter/.research/runs/r20260922-214127-1f90: no readable job.json (not fetched yet, or refused before it ran)
06:35:16Z r20260923-181250-5b48 research data custody: r20260923-181250-5b48: attempt not published: FileNotFoundError: /Users/danielreuter/.research/runs/r20260923-181250-5b48: no readable job.json (not fetched yet, or refused before it ran)
06:35:16Z r20260923-054044-88df research data custody: r20260923-054044-88df: attempt not published: FileNotFoundError: /Users/danielreuter/.research/runs/r20260923-054044-88df: no readable job.json (not fetched yet, or refused before it ran)
06:35:16Z r20260923-181635-242f research data custody: r20260923-181635-242f: attempt not published: FileNotFoundError: /Users/danielreuter/.research/runs/r20260923-181635-242f: no readable job.json (not fetched yet, or refused before it ran)
06:35:16Z r20260923-203359-97e0 research data custody: r20260923-203359-97e0: attempt not published: FileNotFoundError: /Users/danielreuter/.research/runs/r20260923-203359-97e0: no readable job.json (not fetched yet, or refused before it ran)
06:35:16Z r20260924-222445-6de0 research data custody: r20260924-222445-6de0: attempt not published: FileNotFoundError: /Users/danielreuter/.research/runs/r20260924-222445-6de0: no readable job.json (not fetched yet, or refused before it ran)
06:35:17Z r20260924-212919-b175 research data custody: r20260924-212919-b175: attempt not published: FileNotFoundError: /Users/danielreuter/.research/runs/r20260924-212919-b175: no readable job.json (not fetched yet, or refused before it ran)
06:35:17Z r20260924-213516-228f research data custody: r20260924-213516-228f: attempt not published: FileNotFoundError: /Users/danielreuter/.research/runs/r20260924-213516-228f: no readable job.json (not fetched yet, or refused before it ran)
06:35:17Z r20260924-223547-6b33 research data custody: r20260924-223547-6b33: attempt not published: FileNotFoundError: /Users/danielreuter/.research/runs/r20260924-223547-6b33: no readable job.json (not fetched yet, or refused before it ran)
06:35:17Z r20260923-202520-9bc2 research data custody: r20260923-202520-9bc2: attempt not published: FileNotFoundError: /Users/danielreuter/.research/runs/r20260923-202520-9bc2: no readable job.json (not fetched yet, or refused before it ran)
06:35:17Z r20260924-220405-c0f0 research data custody: r20260924-220405-c0f0: attempt not published: FileNotFoundError: /Users/danielreuter/.research/runs/r20260924-220405-c0f0: no readable job.json (not fetched yet, or refused before it ran)
06:35:17Z r20260924-221801-97bc research data custody: r20260924-221801-97bc: attempt not published: FileNotFoundError: /Users/danielreuter/.research/runs/r20260924-221801-97bc: no readable job.json (not fetched yet, or refused before it ran)
06:35:17Z r20260924-225506-d2ae research data custody: r20260924-225506-d2ae: attempt not published: FileNotFoundError: /Users/danielreuter/.research/runs/r20260924-225506-d2ae: no readable job.json (not fetched yet, or refused before it ran)
06:35:17Z r20260924-232923-8920 research data custody: r20260924-232923-8920: attempt not published: FileNotFoundError: /Users/danielreuter/.research/runs/r20260924-232923-8920: no readable job.json (not fetched yet, or refused before it ran)
06:35:17Z r20260924-232522-74d6 research data custody: r20260924-232522-74d6: attempt not published: FileNotFoundError: /Users/danielreuter/.research/runs/r20260924-232522-74d6: no readable job.json (not fetched yet, or refused before it ran)
06:35:17Z r20260924-232351-dd00 research data custody: r20260924-232351-dd00: attempt not published: FileNotFoundError: /Users/danielreuter/.research/runs/r20260924-232351-dd00: no readable job.json (not fetched yet, or refused before it ran)
06:35:17Z r20260922-092733-26d3 research data custody: r20260922-092733-26d3: attempt not published: FileNotFoundError: /Users/danielreuter/.research/runs/r20260922-092733-26d3: no readable job.json (not fetched yet, or refused before it ran)
06:35:18Z r20260922-093208-2b09 research data custody: r20260922-093208-2b09: attempt not published: FileNotFoundError: /Users/danielreuter/.research/runs/r20260922-093208-2b09: no readable job.json (not fetched yet, or refused before it ran)
06:35:18Z r20260923-092019-dfcc research data custody: r20260923-092019-dfcc: attempt not published: FileNotFoundError: /Users/danielreuter/.research/runs/r20260923-092019-dfcc: no readable job.json (not fetched yet, or refused before it ran)
06:35:18Z r20260924-225545-a854 research data custody: r20260924-225545-a854: attempt not published: FileNotFoundError: /Users/danielreuter/.research/runs/r20260924-225545-a854: no readable job.json (not fetched yet, or refused before it ran)
06:35:18Z r20260922-232852-60cc research data custody: r20260922-232852-60cc: attempt not published: FileNotFoundError: /Users/danielreuter/.research/runs/r20260922-232852-60cc: no readable job.json (not fetched yet, or refused before it ran)
06:35:18Z r20260923-102848-5606 research data custody: r20260923-102848-5606: attempt not published: FileNotFoundError: /Users/danielreuter/.research/runs/r20260923-102848-5606: no readable job.json (not fetched yet, or refused before it ran)
06:35:18Z r20260922-074308-eec7 research data custody: r20260922-074308-eec7: attempt not published: FileNotFoundError: /Users/danielreuter/.research/runs/r20260922-074308-eec7: no readable job.json (not fetched yet, or refused before it ran)
06:35:18Z DONE
