100644 0014903f704a99917be672969d936dcfee281896 packages/verity/tests/ml/fixtures/gemm-B1-b3eba618b1b5-20260907T1731Z/down_proj_prefill_1/out_row.u16
100644 0092b3495b6f949ce53d2d699a26bea133438757 fixtures/redteam/vu-battery/v1/a/a_epilogue_y32/epilogue.bin
100644 00bdfcb95e9003f0baa44a9a7a643bfca5ab7f36 fixtures/typed-obligation-v0/identity--mut--operand-order-width.json
100644 00be5ef8da7c4fb3e51d202da10d1c39a38efe8f backends/gkr/fixtures/babybear/vu_synth/epilogue.bin
100644 00c49f9a8287e50513fe1853605b24c8ef307071 backends/gkr/fixtures/babybear/negatives/align_product.wrong_r.bin
100644 00d7dee03ae6476c8c189fde53d8594072c6c514 integrations/vllm/tests/program/test_derive_stochastic.py
100644 00dc8b1d52440782483215f94f55bd1b9be8038d packages/verity/tests/ml/fixtures/gemm-B1-b3eba618b1b5-20260907T1731Z/sha256s.json
100644 00fabcd1fbb3f476b01037e90a56564f3e177e45 backends/gkr/fixtures/babybear/negatives/bf16.non_finite_ff80.bin
100644 015ec02dfa6bd045fdea53dd1a24945f05ca4d78 integrations/vllm/README.md
100644 016a0dbaed323980e26e82d9ea9fa5b0c9749de5 backends/shared/anchor_a100/results/tensor/stdout.log
100644 01882e9b6bdd7aa150f41b6deb7430e78508070b packages/verity/tests/ml/fixtures/tc-hopper-2026-09-07/kernel_identity.json
100644 0191076189cb76d5664d51051873f343648010b4 integrations/vllm/verity_vllm/correspondence/runtime_tree.py
100644 0192ba9b8b5ba859bf2b47e083cc29f737dc7330 backends/gkr/gpu/v2/epilogue_limbs.py
100644 0193b088156edc70fc9017206d4c4da270d52c5d fixtures/bench-instances/v1/seeds/lm_head_decode_1/x.u16
100644 0193b088156edc70fc9017206d4c4da270d52c5d packages/verity/tests/ml/fixtures/gemm-B1-b3eba618b1b5-20260907T1731Z/lm_head_decode_1/x.u16
100644 01b2bf070e44d366a60f179792a5fe268d9fa40a backends/sp1/python/verity_sp1/__init__.py
100644 01b59ad9114461f1db7bab0bc5de9f4f552f9258 backends/sp1/common/tests/vectors.rs
100644 01e35fd9e20719eee1723f1f312bb613c336e00e integrations/vllm/tests/commit/test_binding_moe_b2.py
100644 01e3b17079555f8d936c54181a838227de01316f backends/numerical/python/verity_numerical/checker/search.py
100644 01e558b9b736d7e2fbcff9294a32b21d1589a797 fixtures/tc/vectors/fp8-hopper-wgmma-k32.json
100644 021a4fdf3e705db74daea85892966e900a31391f integrations/vllm/tests/check/test_commit_verdict_selector_no_evaluator_gap.py
100644 021cf19fbdbd77f791f34c77827de57cbd5988c7 backends/ligero-verify/fixtures/fp8-ada/sub_00.stmt
100644 023df9237d73d6a1fd95645934be584569dca0f8 packages/verity/tests/ml/fixtures/gemm-B1-b3eba618b1b5-20260907T1731Z/down_proj_prefill_2/fixture.json
100644 023fad836a98a38d155d5414eabf9439062a8fa8 backends/direct/ligero/tool.py
100644 026b5e892f21c1f9defecd844f4f97cc05a449a8 integrations/vllm/docs/data/ref-prims/RoPEHeadGptJ_v1+RoPEGptJ_v1-bf16.json
100644 02716f19843810771887a6eacb0ac9ea2a59c762 fixtures/bench-instances/v1/seeds/gate_up_proj_decode_2/fixture.json
100644 02716f19843810771887a6eacb0ac9ea2a59c762 packages/verity/tests/ml/fixtures/gemm-B1-b3eba618b1b5-20260907T1731Z/gate_up_proj_decode_2/fixture.json
100644 027dbf7a7e1c6d78ace0f7cc78ea61f8033d3dbf fixtures/redteam-v2/gkr/neg/epilogue_ovf_flip/epilogue.bin
100644 028cde7eede66c89727e89cddfa91cffc0d79c82 integrations/vllm/workloads/workload_llama32_1b_32x16_1req.json
100644 02ca1b6becc4328cfef2f25b9587e6b4288723be integrations/vllm/tests/query/test_vu_conformance.py
100644 02d95eb5434002e7308bb0ca4e84f1bd94cc8645 fixtures/typed-obligation-v0/identity--tampered-output-rejects.json
100644 02f56515b5c1ec7624ad22c6bbd7d083da5e2bde integrations/vllm/tests/acquire/test_stage.py
100644 02f71479ebdf789b7aa7b5c8754a1a102e95fd90 backends/numerical/reports/ledger/b-zk.jsonl
100644 03038c5769bf505b88ce386476aeff8f3a317e8f integrations/vllm/tests/program/test_gateset_api.py
100644 03099f7d5f1ec1b93ba944e97dc3b24027efb6b4 packages/verity/tests/commitments/test_identity.py
100644 03570b4271f2409d23989093c75a93bcb092407e backends/sp1/common/src/kernel/relations.rs
100644 035f5a37915cb2dead3326e14a3b5853fb9f162a backends/gkr/fixtures/babybear/negatives/state_out.claim_zero.bin
100644 03658392de26e6997714b766be91cd7cb6abb4b3 integrations/vllm/verity_vllm/program/registry/quarantine/dense/bf16_mul_scalar_tensor.py
100644 03661e0d6a5ba0c1010c17a281fb81bb918f0a9c integrations/vllm/verity_vllm/check/fold_compare.py
100644 03703f95c54266ac55191b4f927815204dda2220 packages/verity/tests/ml/fixtures/tc-total-2026-09-07/a100/cvt_special.json
100644 0376e3153b77c81b6fc29f780e6220074d7ea995 packages/verity/src/verity/commitments/leaves.py
100644 0394bea1649d45628a8d49a5ffdb0135ca37f5a8 fixtures/typed-obligation-v0/identity--unsampled-input-mismatch-survives.json
100644 0399a492b54db66a1a609354a202246591cad8f3 backends/vole/bench.py
100644 044eef64eed89926480ee8a85fdb588fba3a009f integrations/vllm/verity_vllm/observe/engine_driver.py
100644 0469c27430574192e09b66ebda44b536212f32b2 fixtures/bench-instances/v1/seeds/gate_up_proj_decode_1/w_row.u16
100644 0469c27430574192e09b66ebda44b536212f32b2 packages/verity/tests/ml/fixtures/gemm-B1-b3eba618b1b5-20260907T1731Z/gate_up_proj_decode_1/w_row.u16
100644 047aacc5b91b889ebef8355e513876167cdb60a7 tools/research/tests/fixtures/job_v0.1.json
100644 04bc45a771c93b4473a187242f7d6d9bef61a828 integrations/vllm/tests/observe/test_gen_batch_engine_arg.py
100644 04ccb3311a576814499626c8a1a7b54c2523e181 packages/verity/tests/ml/fixtures/gemm-B1-b3eba618b1b5-20260907T1731Z/o_proj_prefill_0/out_row.u16
100644 04ebd6a43546f62e703de1d0bc07d321da052589 integrations/vllm/verity_vllm/commit/identity.py
100644 04ef6e8efc51faa4d52384dce6dd08dca215073e backends/numerical/reports/ledger/a-verifier-2.jsonl
100644 0517a7ff6b64562652c0c9039f28167d3536d26e tools/research/src/research/pods/guard.py
100644 051b8b31607c2b6d2ea3da0181a6fc87693f0eea tools/research/src/research/store/index.py
100644 051d1c7fb625d26b6608ebbb2b072ba9fc7a260c fixtures/redteam/babybear-battery/v1/wrap-34c52ee314.json
100644 051f2fd36aa4e7a1ff38ae8bc3fb50fc781ad186 tools/research/src/research/telemetry/__init__.py
100644 054babf0cce1936b180c385b0157167f6705feda integrations/vllm/verity_vllm/acquire/install.py
100644 056a1c13872a1ca9c8e75f00aa69d77192c8fc72 fixtures/typed-obligation-v0/identity--mut--root-qualification-inconsistent.json
100644 05736736ea6e1c0060e048b9704e296aa5951811 integrations/vllm/workloads/llama32-1b__bf16__l40s__tp1__b16__i256__o32__mixed__greedy__bi-eager.json
100644 05ac68d00bfc74c577e726f80a992ac2b133bde5 backends/direct/ligero/results/result_unit_b4096.json
100644 05bfa700f48838ce5aa9d1ed94fa8a8dcc3cf3aa integrations/vllm/verity_vllm/acquire/fa2_tap_src/build_ext.py
100644 05d125e702fe3b340aa16fcda2ca0a7b2a31bf13 packages/verity/tests/ml/fixtures/golden/ada_bf16_m16n8k16.json
100644 05ec8b9287d3717f197633e08fe9320d6c1d22fc backends/ligero-verify/fixtures/manifests/set_fiat-shamir_plain.manifest.json
100644 0636d3a755b012203b67380e3a9464f01605540c backends/numerical/python/verity_numerical/checker/v2/search.py
100644 0642f370abe495deee9d92d73c7356b18d5ca9b1 backends/ligero-verify/fixtures/systems/bf16-hopper-x4.system.bin
100644 065a8dcbde8b8dddaba564ab72ec9ff2d7a1d355 fixtures/redteam-v2/gkr/neg/chain_spec_stripped/public.bin
100644 065a8dcbde8b8dddaba564ab72ec9ff2d7a1d355 fixtures/redteam-v2/gkr/neg/epilogue_wrong_unit/public.bin
100644 06ce18e2d473adc071dbff657df9f61728a19382 integrations/vllm/workloads/workload_b1_sampling_topp09.json
100644 06cfb5cf767a3829f80f434e9137e46ac884345b fixtures/typed-obligation-v0/identity--mut--leaf-rank-beyond-count.json
100644 06db5d65b4744bf357732bccc94b0cc46272ee10 backends/numerical/reports/ledger/b-chain.jsonl
100644 06e9b94b5d0aafba63018faf320dff7aec63caf1 tools/tc_probe_fp4/model5.py
100644 070e29a8b83051760c7c03c3217b982c21328375 integrations/vllm/workloads/qwen3-30b-a3b__bf16__l40s__tp2__b2__i1024__o128__mixed__greedy__bi-eager.json
100644 07146da619b750f7e07282ac2b58cd3f0ea8de59 integrations/vllm/verity_vllm/check/stoch_recompute.py
100644 07579c99e138d8eed032074b236a64d7f74e0d2f integrations/vllm/workloads/workload_cov_b0_b1_c256.json
100644 0772407e7ea360f77e7f79e1e4c86156d1ffd76f backends/numerical/python/verity_numerical/redteam/leaf_v2_exhaustion.py
100644 07793f26c4422a5f43b08cc4d4c4bd1621ba0dd2 backends/ligero-verify/fixtures/steps-pin/fp8-ada-ajtai-n64-collide-P/sub_00.stmt
100644 07a8f441e3963a168a5d4829ea151fd78d105e2b integrations/vllm/verity_vllm/acquire/fa3_tap_src/fa3_stubs.cu
100644 07c7b120b23f0349f2ff2c097a721d0c72b4d97f integrations/vllm/tests/observe/test_gen_ovbatch.py
100644 0800c691ae9e4e1ac2a4dafaf2e88bbab0ac19c2 integrations/vllm/verity_vllm/observe/__init__.py
100644 080cb6df3583fcf701066a4506b856843e741946 integrations/vllm/workloads/workload_cov_b0_prefix_c256_cold.json
100644 0818f4a7c0cc7a6b08b04a66bbf063254af3afb6 integrations/vllm/verity_vllm/harness/card.py
100644 085d336a3b159ee2a2f46f703a22541bee042ef9 fixtures/typed-obligation-v0/identity--mut--width-incoming.json
100644 085fc236ac23585c18bd1feb542717a18934210d backends/ligero-verify/Cargo.toml
100644 08a1243c7089a6872be845d033e2fd1a613e8e63 fixtures/typed-obligation-v0/accept--packed-word-tampered-leaf.json
100644 08b33355af3d89b8c910685591dc1cc21f292161 backends/redteam/logup-b/Cargo.lock
100644 08d3f9a03b567804bde34ee8123bdfe2276d92bc backends/direct/PROTOCOL.md
100644 08dfc596d624e3132b9407fe4aef296640946c66 backends/ligero-verify/fixtures/bf16-hopper-ajtai-n128/sub_00.stmt
100644 08f3839ac38408840f6a34bf771b508947c7922d backends/ligero-verify/fixtures/rust_verdicts/wmut_interactive_zk.json
100644 08f3bdf06a17f68c4fed7bb53a23bc2a95bfec4b integrations/vllm/workloads/phi3-mini__bf16__a100__tp1__b1__i1024__o128__mixed__greedy__bi-eager.json
100644 0906285a7b69bef3d512ec1d6fad7e8d5e1bb7e9 packages/verity/tests/verification/test_discrepancy_log.py
100644 09234ae1633d89be95eda1adb0a7141bc711093e integrations/vllm/verity_vllm/program/numerics/relations.py
100644 0925410a4638029e73fd223fc201d826e0068067 tools/tc_probe/tool.py
100644 0927889b9a72423496cf86c192142f65615c498b backends/gkr/fixtures/v2_synth/circuit.txt
100644 0927889b9a72423496cf86c192142f65615c498b fixtures/redteam-v2/gkr/circuit.txt
100644 0927889b9a72423496cf86c192142f65615c498b fixtures/redteam-v2/gkr/neg/b1_honest/circuit.txt
100644 0927889b9a72423496cf86c192142f65615c498b fixtures/redteam-v2/gkr/neg/b1_wrong_word/circuit.txt
100644 0927889b9a72423496cf86c192142f65615c498b fixtures/redteam-v2/gkr/neg/chain_spec_stripped/circuit.txt
100644 0927889b9a72423496cf86c192142f65615c498b fixtures/redteam-v2/gkr/neg/epilogue_one_zero/circuit.txt
100644 0927889b9a72423496cf86c192142f65615c498b fixtures/redteam-v2/gkr/neg/epilogue_ovf_flip/circuit.txt
100644 0927889b9a72423496cf86c192142f65615c498b fixtures/redteam-v2/gkr/neg/epilogue_wrong_unit/circuit.txt
100644 0927889b9a72423496cf86c192142f65615c498b fixtures/redteam-v2/gkr/neg/honest/circuit.txt
100644 0927889b9a72423496cf86c192142f65615c498b fixtures/redteam-v2/gkr/neg/swap_vu_epilogues/circuit.txt
100644 0927889b9a72423496cf86c192142f65615c498b fixtures/redteam-v2/gkr/neg/unit0_noninitial_state/circuit.txt
100644 092b0afabfeedbf0972bf19d5c13eb8115971457 backends/numerical/python/verity_numerical/checker/v2/params.py
100644 0951025c01a450d5f3b529783757629b1ed46534 integrations/vllm/workloads/workload_cov_b0_prefix_c256.json
100644 095169837934b67406f4c20b7fe3f3a2a8cf82d9 integrations/vllm/workloads/workload_b7_32x16_1req.json
100644 096b0c3d2afd912747900860d2200b35bcddb5fb integrations/vllm/verity_vllm/query/compare.py
100644 096e7ea39500ea641f7f24b168490ce6e90d2735 backends/gkr/gpu/f1_diff.py
100644 097e2ae1a72ed067490caea34da02c12606ffcb8 packages/verity/src/verity/ir/__init__.py
100644 0984a9d4f9cb92415f9e59e9d6f38df609e377ba packages/verity/tests/ml/fixtures/tc-hopper-2026-09-07/summary.json
100644 098747cb71e6054760219cc810e134a2b7f3f282 integrations/vllm/workloads/llama32-1b__bf16__l40s__tp1__b64__i1024__o128__mixed__greedy__bi-eager.json
100644 09afdd1cc725f8abe63f4c89b2427f8abb4551eb fixtures/redteam-3/logup-union/cross_table/x_in_TB_not_TA_y_shares_it.bin
100644 09c71140621130d43c1e3dcd2914c488650b317e tools/research/tests/conftest.py
100644 09cf022dae74bb8e061a6658ab1b49c7326ba234 packages/verity/tests/ml/test_instructions.py
100644 09f5d193b10e73f2df7581cca08bfaef124de80d backends/gkr/fixtures/babybear/negatives/group_max.excessive_floor_selector.bin
100644 09fa2611553ef5cd98b99f0bde9151d48c21f103 fixtures/bench-instances/v1/seeds/o_proj_prefill_1/fixture.json
100644 09fa2611553ef5cd98b99f0bde9151d48c21f103 packages/verity/tests/ml/fixtures/gemm-B1-b3eba618b1b5-20260907T1731Z/o_proj_prefill_1/fixture.json
100644 0a072be098b3856c8a4ec04f149d5cfdec07c192 fixtures/typed-obligation-v0/reject--input-not-protected.json
100644 0a12c42a6cb5c15ee349d066c24a9148270f7bf5 tools/research/src/research/runs.py
100644 0a57951aaedaaaa6e45831ca63c4e847a3d583bb integrations/vllm/tests/check/test_compare_synthetic.py
100644 0a6536651b69724cf70a1f830321e93ba119dd8a packages/verity/tests/verification/test_target.py
100644 0a88296ec83a9b2fc2ce536c5f45d6e2992985de backends/numerical/tests/bench/test_latency.py
100644 0aaf309c8b979eacb1a635a84ab711739d9a6be5 backends/sp1/common/src/lib.rs
100644 0ad0ba174505129cd8acb0e3cf144ec12aa8719d backends/numerical/reports/ledger/a-gpu.jsonl
100644 0ad21843bf51713903d54a26b556c6c5434b984a backends/ligero-verify/README.md
100644 0ad9a5eb9150a4c9a19cdc8ac769f1c9a45d8513 tools/research/src/research/store/README.md
100644 0aef2212b0fecfd1fa445de8096b6004dbde7098 fixtures/typed-obligation-v0/accept--q7-single.json
100644 0b1cfd4061cffb541d99edf6a57032c4e4c841b6 integrations/vllm/verity_vllm/program/frontend/rules/vllm_moe.py
100644 0b4789b353a5e9e1246d3dfe151d191567455e9a backends/shared/anchor_a100/results/packed/result.json
100644 0b4a35e74dfd69c36c651865c0ed47f95d7f95e8 integrations/vllm/tests/commit/test_kernel_dump.py
100644 0b5fb446195e56cc44b2c0a850f641ea33c31cee integrations/vllm/workloads/workload_b0_sampling_topk50_topp09.json
100644 0b65db90db4d6f357d23b24c516a0fdf126437e8 backends/numerical/reports/ledger/a-logup-union.jsonl
100644 0b8789905f9cb29797845f9edd4ec4af5022b95d backends/numerical/python/verity_numerical/redteam/cases.py
100644 0be35d6c66b8ed325c39a9154b94b95669825c9f integrations/vllm/tests/program/test_gp01_moe_construction.py
100644 0bf8b464919671dfc4d5e1185f9c43103ea6c289 integrations/vllm/verity_vllm/observe/events.py
100644 0bfe1f539193a67bc2a56b8256d3ce2190dc7b05 integrations/vllm/tests/query/gate/row74_qwen3-4b-fp8_h100_b8.json
100644 0c3b539be9c1e57b8fdb1d2ce87056fc528eadc5 backends/gkr/fixtures/babybear/negatives/state_out.deny_overflow.bin
100644 0c47c3c62b79cea584a8481b03b562bd41e4eaf6 integrations/vllm/verity_vllm/program/registry/spec.py
100644 0c6b0b35b6617865d6a00af04ed9b64dc906c38e packages/verity/src/verity/verification/families.py
100644 0c6caaea0dafe591ca65345168483fa9ab2ef0e3 integrations/vllm/tests/input_provenance/__init__.py
100644 0c8250cd443a3321b685b89d5761fdb4c9c9a02c integrations/vllm/tests/harness/test_admit_r19_host_working_set.py
100644 0cb9b5de5aee93570960b2b474d31d6759590f43 backends/sp1/common/tests/embed_vectors.json
100644 0cdcb894aa767b34ad22dca7a01ea078feaf0c31 integrations/vllm/tests/acquire/test_gate.py
100644 0cdcf81d75b94f2e8a05bcb5a9cd3c66f4f0e442 integrations/vllm/tests/input_provenance/test_root_policy.py
100644 0d0dc9e09bbeeebcf225e91b6b123b67d46722da tools/tc_probe_fp4/probe.py
100644 0d4258c8b5779c342877498dd4d010fbf01a0a79 integrations/vllm/verity_vllm/program/numerics/cpu_model.py
100644 0d455bb59ad563af46c556d8b7c094a3e084aad9 integrations/vllm/verity_vllm/program/numerics/compiled_norm_literal.py
100644 0d58835c70702fd8c73b9b3d7c7c971d5361db2e fixtures/bench-instances/v1/seeds/gate_up_proj_prefill_2/x.u16
100644 0d58835c70702fd8c73b9b3d7c7c971d5361db2e packages/verity/tests/ml/fixtures/gemm-B1-b3eba618b1b5-20260907T1731Z/gate_up_proj_prefill_2/x.u16
100644 0d64e1c66bb3cfeadec2fa46c0592319bbb3ec99 backends/numerical/tests/gkr_export/test_babybear_export.py
100644 0d67adeffb914f9b2832a07eff199a826154b756 integrations/vllm/tests/program/test_fa3_launch_context.py
100644 0d7cbaa5b561f979a3d7b366a10d6524325007c2 integrations/vllm/verity_vllm/harness/research_outputs.py
100644 0dad4350578e91225a5412b8913b5a5c8b249667 integrations/vllm/tests/commit/fa2_prototype/encoding.py
100644 0ddcdf1b38fe54a801b0877874ba07e2f72ded51 backends/numerical/tests/gkr_export/test_v2_export.py
100644 0dffc805c7ad89396e4e30f119ec85c83b21c3f8 fixtures/typed-obligation-v0/identity--mut--packed-whole-leaf.json
100644 0e048c1533778cc011c156ce017859afbb993802 integrations/vllm/verity_vllm/observe/profiles/expected/derived_QWEN3_4B.json
100644 0e169aa9613ee32454bd7ec8f75d79b447ab9bf0 backends/gkr/gpu/run.py
100644 0e23cad72a9d588e4dbe0b0a9e2af958f6cd922e tools/research/src/research/store/cli.py
100644 0e2648aedf377500c035eee427edb151d7694b68 integrations/vllm/data/contract/ck-elem/argmax_rule/probe_pinned.py
100644 0e7b2f083f19fd6c558b09395a1d76a9c55b0b64 integrations/vllm/data/census/scaling/lp160_s8.json
100644 0e899fc6171b6cddb7d873a0ff839de2cb28340c integrations/vllm/verity_vllm/acquire/fa2_tap_src/fa2_torch_lib_verity.cpp
100644 0eaea4dd69192b5fa87fb66e981488a37fbaa49f fixtures/typed-obligation-v0/accept--tc-row-block-k16-hw.json
100644 0eecc43e02aadd3e4f91c5277e60567fb5376d54 backends/gkr/fixtures/babybear/negatives/state_out.claim_nonzero.bin
100644 0ef33be0e40657bb310a830d341b51f2e28b2bcd fixtures/typed-obligation-v0/reject--subcircuit-conflict.json
100644 0f207e072851d943a709befe9e61d1947912535c backends/shared/anchor_a100/results/ligero/ligero_unit_b4096.json
100644 0f2c0e15d030c0f4d5f988c21478c3846cc1872a backends/ligero-verify/fixtures/rust_verdicts/set_fiat-shamir_plain.json
100644 0f3464ff5b45c74f10abd64e35f8e68f7ce9461e packages/verity/tests/verification/test_conformance.py
100644 0f4db074c983ff9720b2b648002da2da98f35f35 benchmarks/judge.py
100644 0f664903996ab7b76983db196f51865c4d8b05d6 backends/ligero-verify/fixtures/steps-pin/fp8-ada-ajtai-n64-collide-Q/sub_00.stmt
100644 0f96558924a5904a0927d0e61467979656437a34 backends/vole/ASSUMPTIONS.md
100644 0f98b7ebebc273b7612bca15bf5c7a706e562439 integrations/vllm/verity_vllm/program/lifting/__init__.py
100644 0fb3e055ba8888a717d6fcb46e1fb0e5937e4623 backends/direct/ligero/privsel/relation_test.py
100644 0fe11bfd839f82f197fdeb5431ac4df5ead2f5ac fixtures/redteam-v2/gkr/neg/epilogue_one_zero/public.bin
100644 0fee9ce2b774cc4e95f3a7f25dbbaf7619793f9d backends/gkr/fixtures/vu_synth/units.bin
100644 0ff968e73a6646c406446fa7856615de882fd5d0 fixtures/redteam/babybear-battery/v1/z3-037e9295d4.json
100644 103b9c5265e3f45859c91d5934adea908e1aafeb fixtures/bench-instances/v1/seeds/o_proj_decode_2/x.u16
100644 103b9c5265e3f45859c91d5934adea908e1aafeb packages/verity/tests/ml/fixtures/gemm-B1-b3eba618b1b5-20260907T1731Z/o_proj_decode_2/x.u16
100644 1046c25fc83af833cdc95968c8371f7d4ba998f3 integrations/vllm/tests/acquire/test_security.py
100644 105b1b4c140f961da4b3261bf1cc119a67895b56 integrations/vllm/workloads/workload_cov_b0_b1_c256_t1.json
100644 1063194c6d050766c965ad89cb9689bed2479324 fixtures/typed-obligation-v0/identity--fine-grained.json
100644 106858c38fb8a50f78f2417807ec097e5253457b backends/direct/ligero/bench_vu_test.py
100644 10878bfb034dae21d0490e000ceafe17db96a543 integrations/vllm/workloads/workload_b0_conc4_mixed.json
100644 10a1bd3729efd4fc784773729d9579921d706fd5 integrations/vllm/verity_vllm/program/frontend/rules/padding.py
100644 10aee791897c14f0f4e175f8c8777141bfcd481a integrations/vllm/verity_vllm/observe/triton_adapter.py
100644 10b9b2e26041287935cfdb7b65f93428844f0f9e backends/gkr/gpu/kernels.py
100644 10c433b60f77ba0b746ca4d30be2f9fc0d645b73 integrations/vllm/workloads/mistral-7b__bf16__l40s__tp1__b1__i1024__o128__mixed__greedy__bi-eager.json
100644 10d2b8bac652fdd352df6a789636209edb76944d integrations/vllm/tests/observe/test_gen_llama.py
100644 10d9cd14ad988aa2818a3f850ca91ba2b729335a backends/shared/anchor_a100/results/ligero/ligero_vu_85.json
100644 10db97014bf8b5af4091ecf7fcef9b470235f354 backends/ligero-verify/fixtures/fp4-nvf4/system.bin
100644 10f707b888f1b6b59fd312a7575b33c4fce40e6e packages/verity/tests/ml/fixtures/gemm-B1-b3eba618b1b5-20260907T1731Z/down_proj_decode_0/fixture.json
100644 10fc5c0f6f2da55def0d123d91f76863f533a611 fixtures/discrepancy_log.json
100644 1103dd09cf6370f063178a5f1766024185f26035 backends/vole/profile_buckets.py
100644 1129566de0d7bc680dcd8b54d6c5e1f273c283af backends/gkr/gpu/prover.py
100644 112b4008d3c53c737c36d005813cc5295123e278 tools/research/tests/test_store_vocab.py
100644 112d2c57b801b927e6f01ab8d0144a1dae1bd837 backends/shared/hash_gpu/README.md
100644 1144783e65621009a0995679c139f3448a73ff79 backends/direct/encode/buckets_ref.py
100644 11bd725130e5c260f275e1d5069560e94130e7f4 backends/gkr/bench_result.py
100644 11c8219f71d7176c376c7e7e788d8dc43ffda9b6 integrations/vllm/verity_vllm/tp/capture.py
100644 1201baa7c4259a9700d298b68f1e8a6616c3ed14 integrations/vllm/docs/data/ref-prims/GeluRef_v1[APPROX=none]-f32.json
100644 124127deea5624dfb55dc558b4b90bbc256f9537 integrations/vllm/docs/data/ref-prims/RoPERef_v1-f32.json
100644 128a3f72bda664f1a3ce83637b2a798beb6483e8 integrations/vllm/workloads/workload_qwen05_32x16_1req.json
100644 129ba400f5cae795b61f960ed22d2926c7a2faf9 integrations/vllm/verity_vllm/correspondence/resolve_decomp.py
100644 12a96da4e732732c42c6c330f7f6e5bd7d36e6a8 fixtures/typed-obligation-v0/accept--empty.json
100644 12ae638ec9e1d9ae043a258a333e92a46871a685 backends/direct/ligero/bench_result.py
100644 12baba7f1c3bfc1e2bba58b27f14895d79b28a33 backends/gkr/src/gkr.rs
100644 12bf8a694c66a25b76b4ebf51d9c0694b5251996 backends/gkr/fixtures/circuit.txt
100644 12bf8a694c66a25b76b4ebf51d9c0694b5251996 backends/gkr/fixtures/vu_synth/circuit.txt
100644 12f5deee627f3ab735db29897e92b53132f0a3f6 integrations/vllm/tests/observe/test_views.py
100644 13010ee0a8ddc38db8e66e850bba4a48429221d5 backends/shared/anchor_a100/report.py
100644 13111476c4d536e9e2e27c27aa8c958ee8b5a242 integrations/vllm/tests/program/test_gemm_targets.py
100644 1322a74e338ec300ce6b76ca07ba2217a9154260 backends/shared/anchor_a100/results/packed/agreement_test.log
100644 132da2ad3348c8bd4da2666fc16250d91106018c backends/ligero-verify/fixtures/manifests/neg_fiat-shamir_zk.manifest.json
100644 134eedbcf71e1c5137af7f7ebc132a7dfa73cc65 backends/direct/ligero/auth.py
100644 135a8b66c0d00b25d22a00c54c2c9ef49e211640 integrations/vllm/verity_vllm/ops/fa3_row_negatives.sh
100644 137eca67ed46891d3c44de0fef70ae6398d9d46a backends/numerical/tests/redteam/test_redteam_v2_fixtures.py
100644 138e411f7c640528297a8fd9b15b29eef9d47eae backends/ligero-verify/fixtures/manifests/wmut_interactive_zk.manifest.json
100644 1392723b327a7c3b2d9783b8571397ca45389676 backends/direct/ligero/mask_sampler.py
100644 1392cd1efe9a42e5d5e505bf5c91aae1b46f9127 backends/numerical/reports/ledger/autoproof.jsonl
100644 13ea5cbfbdc9ddd3d6a1db30b481b684a6b1a842 integrations/vllm/tests/acquire/test_openings_after_release.py
100644 13ef8fe067563671326554b3fab79bfe222de40a backends/sp1/tests/test_relation_only.py
100644 13f337f2e0cdd6e7d63c900314ae9c77e75f43b7 fixtures/typed-obligation-v0/identity--mut--packed-overlapping-offsets.json
100644 13f4e58ed095681ff31595403a97580a3d068bef backends/direct/ligero/redteam/leaf3_blake3_frame.py
100644 14096b3a4649a83ab3a81b7c4e5a7d224ee48d3a tools/tc_probe_fp4/stage0_sm100.py
100644 141506237b9022c4ab3e01734cfafb9310b57d2d integrations/vllm/verity_vllm/observe/profiles/hf_configs/QWEN05.config.json
100644 141bcca5de87d94d54a683907f8080cb1edffeee integrations/vllm/data/rec/p1-b0-lp32s15-parts/p1-b0-run-L.log.gz
100644 14305f5efc59f7a9fd32cb0e4a1478abc352286f fixtures/redteam/babybear-battery/v1/z3-2f899e00e1.json
100644 143ade33cc9c19841e58c2b140ed72873922452e backends/direct/ligero/fp8/relation_test.py
100644 143edd45d9ffb4e9b5828833534e22db3825f798 backends/direct/ligero/redteam/run.py
100644 14459e93d37088bc0e047939e3a0a97d5cf848b2 integrations/vllm/tests/program/test_broadcast_bias_add.py
100644 144e7e59ffb6f24f53dbdb0f48316c84e4a86dd0 backends/numerical/python/verity_numerical/redteam/babybear.py
100644 1456164c619041b8bd96728da0759af5050e8513 integrations/vllm/tests/regression/checks/attempt_provenance.py
100644 14a68861a081fe484e24e350f4e7db20859e8d6b backends/direct/ligero/witness_device.py
100644 14cfa88c314dff2e51bae240c2128564df7a4418 backends/direct/ligero/pubsel/__init__.py
100644 14dc8fe666af482ba12b99e42cf4f2b543b4892c packages/verity/tests/ml/fixtures/gemm-B1-b3eba618b1b5-20260907T1731Z/lm_head_prefill_1/out_row.u16
100644 14f3a36e0e19496b8fcc241dd1c7fabd38a4e4e5 integrations/vllm/workloads/olmoe-1b-7b__bf16__l40s__tp1__b8__i256__o32__mixed__greedy__bi-eager.json
100644 14f4f3a0592659a03322efd9ae744c3025090c60 integrations/vllm/tests/dead_code_census.py
100644 14f796c0c3c89b32da26ea60d41fb204803cbdd6 backends/numerical/tests/reference/test_normalisation_d3.py
100644 14faf2c2f5c01f74090508b60522bcae234c0857 integrations/vllm/tests/program/test_lifted_tiny_padrev.py
100644 1515b4233ea5006ee55f4e26e31a78a0ea4f9350 integrations/vllm/tests/commit/stream_merkle.py
100644 151631ae85a2403aff9e924c844bbc9705ae321c backends/gkr/gpu/v2/__init__.py
100644 151753df407b48a678b4548d4ee4139b37498380 integrations/vllm/verity_vllm/acquire/native_tree.cu
100644 152e1e09be49161d41f365895dc48ebf5a544e99 integrations/vllm/tests/observe/test_ref_integrity.py
100644 1534bd15506d0658283d6f20e56709747f04c5f1 backends/gkr/fixtures/negatives/normalise.m_plus_one_wide.bin
100644 15354bc58938541771ebe1c62db3a901582c7bc4 backends/sp1/common/src/elem_silu_table.bin
100644 153d66c589fa5ea47188292bd60ef7f6c0a72b95 integrations/vllm/verity_vllm/acquire/hidden_gpu_src/hidden_gpu.py
100644 15419d510f3687e301914656208ac3fa7244d831 packages/verity/src/verity/ir/parts.py
100644 155097effcc37bcb1f2c93ef704b5ac381860aa5 fixtures/artifacts.json
100644 156158d0d7e133f8b946091fc4ce927cb6e315f3 fixtures/tc/README.md
100644 15761a3e3a927589ed9043eeea872a44c4d2193a backends/numerical/tests/redteam/test_redteam_harness.py
100644 1580e5ed6fd906190e531a14ebe5ef4979ecdced integrations/vllm/verity_vllm/program/numerics/fa2_relation.py
100644 1598176844932fe47af6c670642775f6bd899702 integrations/vllm/tests/observe/test_fold_group_part_event.py
100644 15b5e218d692aecc637f5ae81aba72717ea80afa tools/research/src/research/telemetry/run.py
100644 160fce5831485712a217787773263a0ceba8efd7 fixtures/typed-obligation-v0/identity--mut--projection-entry-type.json
100644 16120eb8872f35d795ec10f3dfa14e058dc4cf2e tools/research/src/research/store/credentials.py
100644 161bf7b55bb9bcc71ccb7ff3111386616a06d4e5 fixtures/redteam/babybear-battery/v1/wrap-6aae06fe83.json
100644 163ea51de4bea73efa9f4bc093856062afbe08a9 fixtures/bench-instances/v1/seeds/gate_up_proj_prefill_0/w_row.u16
100644 163ea51de4bea73efa9f4bc093856062afbe08a9 packages/verity/tests/ml/fixtures/gemm-B1-b3eba618b1b5-20260907T1731Z/gate_up_proj_prefill_0/w_row.u16
100644 165ff90a3381e0703b9ccb05822aa1089c4a2c71 integrations/vllm/verity_vllm/program/workload.py
100644 169cdb72f326e5430d6e6781439002a0b817c472 backends/direct/tests/lookup_statement.rs
100644 169d606d5cf502a5628a52381586679a6d0caaab integrations/vllm/verity_vllm/observe/profiles/hf_configs/B1.config.json
100644 169d781d113d6e2ad4160b4ee04662890aaa2499 integrations/vllm/verity_vllm/program/registry/rmsnorm_fused_sweep.py
100644 16a3ffa5c82f59265130ed486716b33bde092613 backends/numerical/reports/fused_sumcheck_4090.json
100644 16a58a92ce4ff500c6ef8acbb7de2a7959e1ab1f integrations/vllm/tests/check/test_flip_weight_negative.py
100644 16d5c562a6bea8b03f6d0f2822b1688415d84e0d integrations/vllm/tests/harness/test_engine_schedule.py
100644 16e38eb6f4e53886613b9294e4d39d108992eb34 integrations/vllm/data/contract/a56-coverage/records/forced_head_run-TINY-t3-L0-h0.json
100644 16fe5ccfbf0bfac2acca3724cd92268261191dab fixtures/bench-instances/v1/seeds/qkv_proj_decode_2/fixture.json
100644 16fe5ccfbf0bfac2acca3724cd92268261191dab packages/verity/tests/ml/fixtures/gemm-B1-b3eba618b1b5-20260907T1731Z/qkv_proj_decode_2/fixture.json
100644 17122f5e68da03e48980da9b49b987587962d8b1 fixtures/redteam/babybear-battery/v1/wrap-09e67b29f6.json
100644 172b1053366a789f0f466459e670a4cd2246f13b fixtures/typed-obligation-v0/accept--tc-row-block-relation-rejected.json
100644 17b1e04b986a6a7bf413d6ba0a6523eda8a6c59d integrations/vllm/verity_vllm/tp/rank_match.py
100644 17b65453aa0689f73b75970e6a6acadb8c2002d8 backends/redteam/logup-b/src/main.rs
100644 17bcbe0b409085662cd644969a3f33f4a01d2aca tools/research/tests/test_remote_version.py
100644 17c975cf56a31d0413e1411c7b697c2605d93e32 fixtures/redteam/babybear-battery/v1/wrap-fcf377dbdc.json
100644 17d27d68adb0bc50e85dd681352db76dc9af6c74 backends/direct/encode/results_r20260922-062016-6bdf.json
100644 17e2b96aa5f3153cf1438126457f131963ef6a70 backends/gkr/fixtures/babybear/negatives/bf16.sign_flip.bin
100644 17f0efb87f45524eed225e48cc36f1c7186f826a integrations/vllm/tests/ops/test_row_pod_commit_record_precheck.py
100644 17f74957e89b5f22d130fff816712230b276e408 integrations/vllm/tests/check/test_gen_adversarial.py
100644 18172e5bc7880e757a5291a727cc6b5056e9a9eb backends/sp1/python/verity_sp1/host.py
100644 1824197b504b9dee3223183eb13b82886b0f74f4 integrations/vllm/tests/acquire/test_install.py
100644 184171aae8d0527fe5aacf25181fbe96fffd5744 packages/verity/src/verity/ir/layout.py
100644 18468240864c466e269a220a0f624a912e33bf54 integrations/vllm/verity_vllm/program/registry/quarantine/dense/softcap.py
100644 1884149615dd204b4d8452689fd6ca7d747a30b7 fixtures/lean-vectors/tc-ampere-bf16.json
100644 188dca0c1e2b699c0175085988cc3b59489cefa7 fixtures/typed-obligation-v0/reject--tc-accumulator-width.json
100644 1896a16faeb085e2edf0d163d23016f716b9f1a9 backends/gkr/src/field_babybear.rs
100644 18c3e5e0a739e0e26e94e86fcacde0f04ace2bbc backends/shared/anchor_a100/results/microbench/microbench.json
100644 18d4bd9d3af9e52dea9e74d0be5557e68c354785 integrations/vllm/verity_vllm/acquire/moe_source.py
100644 18ee8f17b16c7bfa339aa129b91d7e3d48e36431 backends/numerical/tests/explore/test_authentication.py
100644 19102f237fcdb41d22ef05aedb07f7b05168d439 integrations/vllm/tests/check/test_sampled_replay.py
100644 1924b31aff4a06b50a3b5b06dd4eebea1c9bd45f integrations/vllm/tests/harness/fixtures/admission/fp8_b1_try5_bounded_none/verdict.json
100644 193908ce3779768c206f5050ec5c8b0640fb5f7a tools/research/src/research/telemetry/source_identity.py
100644 193e8097b507b1f7fe5c52a59a351a35f77aaa69 fixtures/typed-obligation-v0/binding--public-values-length.json
100644 19a7f6816dc2676b4cdce0b5338f52c1e0152cb8 backends/direct/ligero/witness_device_test.py
100644 19b5c1febd53c91a0f3f4fa4c674ae46633e394f fixtures/typed-obligation-v0/accept--packed-word-row.json
100644 19c4d96f51010ad21c73c1c40542978ed2903a1b fixtures/bench-instances/v1/seeds/lm_head_prefill_2/fixture.json
100644 19c4d96f51010ad21c73c1c40542978ed2903a1b packages/verity/tests/ml/fixtures/gemm-B1-b3eba618b1b5-20260907T1731Z/lm_head_prefill_2/fixture.json
100644 19d7055b85e3f27bf197aa2fa238de016011f4d1 integrations/vllm/tests/harness/test_admission_planner.py
100644 19dae6afbdbfb04ac97d54753c2fbc2f0ab99e19 integrations/vllm/tests/acquire/test_plan_key.py
100644 19dc19c9f25234d5f25748bc300cd488d423d47e backends/gkr/fixtures/babybear/negatives/group_max.false_selector.bin
100644 19e1113ded90b10d58bc6ee7fa5cd4870e34aa97 integrations/vllm/verity_vllm/acquire/leafhash.py
100644 19efdd839b60f9541e40750bbff6925bc8871b27 packages/verity/src/verity/ir/refs.py
100644 19fe858b23dc2fb3e796f29d9ca1c74dce40dec0 integrations/vllm/tests/check/__init__.py
100644 1a0d550f718cfcab6e91a5ffdb76dfb8e10d1dcb backends/ligero-verify/fixtures/rust_verdicts/small_fiat-shamir_plain.json
100644 1a0e82cda42da922cb904149a976e17dedc8a03d backends/gkr/fixtures/babybear/negatives/bf16.non_finite_7f81.bin
100644 1a133fec9183a188f65f427b56549ec486220325 fixtures/redteam/babybear-battery/v1/wrap-dd3e963fa0.json
100644 1a3cb1fba4909db135861e1dd30b72eb3444d07e backends/ligero-verify/DISCREPANCIES.md
100644 1a400d4dba13fa711cba53a4c1afb142c25e416d backends/sp1/common/src/tc_total.rs
100644 1a4b37a1642c336391223f1be1b25b492145b060 fixtures/redteam/vu-battery/v1/a/manifest.json
100644 1a73a4bc9c15df50ec2f17e3e697f7e97c0664e3 fixtures/redteam/vu-battery/v1/challenger_audit_r20260922-070024-e7d1.json
100644 1a8256ab4973f8942d07a987198d4b8b0734ba7f backends/gkr/fixtures/babybear/negatives/product.claim_nonzero.bin
100644 1a87956ba9ab8f0736f03176cb8cc2868380704f integrations/vllm/tests/acquire/test_p0_footprint.py
100644 1a90713f0e2cf13b8320cd576175ff9f0b587ea4 integrations/vllm/data/hf_configs/B7.config.json
100644 1a90713f0e2cf13b8320cd576175ff9f0b587ea4 integrations/vllm/verity_vllm/observe/profiles/hf_configs/B7.config.json
100644 1aba6ca0db1aeab82f124137161d83527a3a31c4 fixtures/tc/vectors/fp8-ada-mma-k32.json
100644 1ae7cf0a6cd7c845da6426a7d097f7598c49ce81 integrations/vllm/tests/tp/fixtures/tp2/collective_shard.steps03.rank1.json.gz
100644 1aee8194727bef0f7818bf95081959341c7ee4ab backends/ligero-verify/src/auth.rs
100644 1b02a121e806378b171b9e4a3acd3d0d3c0ca892 backends/direct/ligero/merkle.py
100644 1b0ace3482651662751b9c257b5c2ef4df6ec8b5 packages/verity/src/verity/ir/program.py
100644 1b3ef769a8f3eb8ae5dc7283390b49c994b58b8d backends/direct/vendor/p3-baby-bear/src/aarch64_neon/packing.rs
100644 1b50bb0bca27c62d038d0993fd434daf01c148da integrations/vllm/tests/check/test_sampled_replay_v2_addresses.py
100644 1b81de89e3d4d3d8fe72d22c4118ed03a835ee2c integrations/vllm/verity_vllm/check/compiled_kernel_check.py
100644 1ba2e56d3dfbfbe7c48ad749ff986628fae350f0 integrations/vllm/verity_vllm/query/manifest/format.py
100644 1bb4630d3182851e9a4135a8e504c348516a57ed integrations/vllm/docs/data/ref-prims/GeluRef_v1[APPROX=none]-bf16.json
100644 1bb4bb0dda1886a099b1ba2c88d469837ac48b1b packages/verity/tests/ml/fixtures/gemm-B1-b3eba618b1b5-20260907T1731Z/lm_head_decode_1/out_row.u16
100644 1c3fabb80a3fc0ae2fdfa0575bda59a88440268e packages/verity/tests/ml/fixtures/gemm-B1-b3eba618b1b5-20260907T1731Z/qkv_proj_decode_1/out_row.u16
100644 1c4a5d715fb7977137f30c83ff804977923dcc35 packages/verity/src/verity/ml/prims.py
100644 1ca04f624f5fb4af32836d070185bfc2542151fa integrations/vllm/workloads/workload_qwen15_conc4_mixed.json
100644 1cacf0f3f9c9a9e636c79d415a0084a3e6b0f3ec integrations/vllm/verity_vllm/acquire/fa3_tap_src/verity_tap_params.h
100644 1cc39e0fd9725793e863f5a3891d6fc5a331742f integrations/vllm/verity_vllm/__init__.py
100644 1cfd35e31d889d9aff7699568c3e22a2abf580f5 backends/gkr/verifier/src/transcript.rs
100644 1d019fdc3fcae2438d5974fad71bf4da3622f40a tools/research/src/research/pods/budget_cap.py
100644 1d5069345fa03fc151e6ae9828c4137295c5b3c3 packages/verity/tests/ml/fixtures/gemm-B1-b3eba618b1b5-20260907T1731Z/o_proj_prefill_1/out_row.u16
100644 1d580263592966c14e420eed5da8ac1bf5ee153b integrations/vllm/data/contract/a56-coverage/records/unsupported-census-32x15.json
100644 1db4248ddcdfced6f4fb220d2f7e89b36211826d backends/direct/ligero/redteam/leaf2_ajtai_decoy.py
100644 1db4e2e240ff41933849ae0c1263b639e7d731ff integrations/vllm/verity_vllm/observe/profiles/__init__.py
100644 1dd0b8793d89aaa9ef8f3dea0714f2fb4fbc356f packages/verity/src/verity/verification/query.py
100644 1dd555fb5cb69f6410eddec613663555e1716051 integrations/vllm/tests/harness/test_gc_tuning.py
100644 1ddbb1e9c2df1f63989818527af5c19dc8c036f4 backends/sp1/common/tests/model.rs
100644 1de8e958d4542ba9ce0aa48bcd6549cfee5e15b5 integrations/vllm/data/rec/p1-b0-lp32s15-parts/p1-b0-run-B13.log.gz
100644 1e052713012a4fca027e7e77b4b67394cbed47fb backends/numerical/python/verity_numerical/redteam/vu_forge_a.py
100644 1e0bc9aea91a5f6dd498de3cf0daed0acad75d6d backends/direct/src/stark.rs
100644 1e110ad18bb8536d25a6762254a0f24cf8d11bcd fixtures/typed-obligation-v0/identity--mut--coverage-input-unprotected.json
100644 1e2cfe4cdeabb433edcd7f88a70cb301873f72ea integrations/vllm/verity_vllm/acquire/fa2_tap_src/verity_tap_v7.patch
100644 1e2f6f3d90027cc49e5912a33213fe6691a36948 integrations/vllm/verity_vllm/query/v1_bridge.py
100644 1e48fdc16529a9a43f5f94dfad6a4d1d5dc6f430 backends/gkr/fixtures/babybear/negatives/overflow.zero.bin
100644 1e6594f523ed78156b196d221ab69d1aa417e35f integrations/vllm/tests/regression/fixtures.toml
100644 1e8da5f47a6925ad03dc26ab35b076aac0adeee8 fixtures/bench-instances/v1/seeds/lm_head_decode_1/w_row.u16
100644 1e8da5f47a6925ad03dc26ab35b076aac0adeee8 packages/verity/tests/ml/fixtures/gemm-B1-b3eba618b1b5-20260907T1731Z/lm_head_decode_1/w_row.u16
100644 1e99e4ddcf6ce359f8dde75823889b02df5f2469 integrations/vllm/verity_vllm/correspondence/emit.py
100644 1eacc84948cddf81e9b90dd41e7fc148b979471c integrations/vllm/verity_vllm/observe/profiles/expected/derived_QWEN3_4B_FP8.json
100644 1ead8cb7bfd3faf57be9f0d1073f73229453367f fixtures/redteam/babybear-battery/v1/wrap-adb8368eca.json
100644 1eba9d477c1f63c9ff81d0a4b0e5e8ff1c3993fe backends/numerical/python/verity_numerical/bench/plots.py
100644 1ec6ab6c2637b319e35c40f890da4d243900536f backends/numerical/python/verity_numerical/security/census.py
100644 1ecca61c0dc7e87a94f3c12791dae21df9ebcdb6 backends/gkr/fixtures/babybear/negatives/normalise.flip_clamp_subnormal.bin
100644 1f1404a45439e29d5feb968cd96f2ad7f87170ae backends/gkr/verifier/results_e2e_kernel.json
100644 1f1a6d0f5c80794a1b5373c77d311f235a0d9d24 integrations/vllm/tests/program/test_lifted_dense_b1.py
100644 1f1ab2f6dd81d31fe5f1e64ee968f29009fe6055 backends/ligero-verify/fixtures/fp8-ada-ajtai-n64-g1-decoy/manifest.json
100644 1f24c13ee50811cd23dc741936441200cbaa03be fixtures/redteam/babybear-battery/v1/z3-6c4f8ec6a3.json
100644 1f33412a6c180aefd138b8a868831a97e0cc6ec0 integrations/vllm/tests/query/test_partition_sweep.py
100644 1f3b39f80a03b2354812083a134c8b6103d00fa1 integrations/vllm/tests/commit/__init__.py
100644 1f5c2a94bab0e2486aaa0f96e1fd24bbe914ce04 backends/direct/ligero/redteam/zk2_dummy.py
100644 1fc308f5d6a2cd36f865dc900005bc0dcc7462a8 backends/ligero-verify/fixtures/fp8-ada-hash/sub_00.proof
100644 1fc99c7a2f5bd27607f556ceccf838ee73b23ef9 integrations/vllm/verity_vllm/program/registry/quarantine/dense/bf16_div_scalar.py
100644 1fff777278d8c7c2c0a19c29915222b801824122 fixtures/typed-obligation-v0/accept--packed-word-pinned-input.json
100644 20127b64d53e822071f930350560ecb528ab7411 integrations/vllm/docs/data/ref-prims/RoPEInterleavedRef_v1-bf16.json
100644 201289ad1465ce90e0c8b463249aa79f812095e1 integrations/vllm/workloads/smollm2-135m__bf16__l40s__tp1__b1__i32__o32__earlystop__greedy__bi-eager.json
100644 2017d134401de9b7098efbaff535e46a47bc77b1 tools/research/src/research/store/kinds.py
100644 20510d35b1c1ad58e8825e5c668c2dee04a585b2 backends/gkr/fixtures/negatives/normalise.flip_clamp.bin
100644 205751c2adf69df43246bd43b4b7ebcdd55419cf backends/ligero-verify/fixtures/systems/fp8-hopper-x4.system.bin
100644 2057b3149b7cbcae16d805f5492993adc296912c integrations/vllm/data/rec/p1-b0-lp32s15-parts/p1-b0-run.equalcount-aborted.log.gz
100644 20750fa723129daaa30ba0bf68f401fdd1304adf integrations/vllm/workloads/workload_cov_b0_b1_c256_ck64.json
100644 207635d48eb0e8071fc0a66ce8b85e73bc4ae9ee integrations/vllm/verity_vllm/program/frontend/rules/vllm_iface.py
100644 208c2ffced90a29f667c846eb24a034eeaaad522 fixtures/typed-obligation-v0/identity--mut--leaf-position-swap-equal-words.json
100644 20ae4142133ebb666b96200f3442abf92b045de9 integrations/vllm/verity_vllm/program/registry/quarantine/ov_moe/__init__.py
100644 20c62219ad592e4f0e8f079d2a6f371a89a89bc9 integrations/vllm/verity_vllm/query/manifest/compiled.py
100644 20e9f24ac459e52538c778edc79c2675fad71359 backends/numerical/pyproject.toml
100644 20ed117271488003c9cd0583996b0775556bacc9 backends/direct/ligero/pubsel/hints.py
100644 20f3cc3730d0e678cb79ab4865c7c0cd06d844be backends/numerical/tests/explore/test_auth_integration.py
100644 211ad9bdad9f87cb496c80f723905588fe8f2d6c fixtures/bench-instances/v1/seeds/qkv_proj_prefill_1/w_row.u16
100644 211ad9bdad9f87cb496c80f723905588fe8f2d6c packages/verity/tests/ml/fixtures/gemm-B1-b3eba618b1b5-20260907T1731Z/qkv_proj_prefill_1/w_row.u16
100644 21295d4e2078c3e69119605dd4d9d9362c492270 backends/direct/ligero/leaf_test.py
100644 21405d2dbc0cfdbb4ba5a930037c0601ee00f68b .agents/skills/authoring-skills/SKILL.md
100644 21470c4d717656533088c0aa033084681af20761 integrations/vllm/data/rec/p1-b0-lp32s15-parts/p1-b0-run.log.gz
100644 2159316913a41790f2b96f3deedc466190c8234c backends/numerical/python/verity_numerical/bench/contract.py
100644 215a9fa6803a57bb143c7e54b837784d9fb3d081 fixtures/typed-obligation-v0/identity--mut--leaf-rank-collision.json
100644 215b2da93352899862542314861d0cca1564a48e backends/gkr/fixtures/negatives/bf16.nz_set_on_zero.bin
100644 2173bddf6351e4f332709f8effe75d17d10ea755 integrations/vllm/tests/harness/fixtures/admission/fp8_b1_sizing.json
100644 21a95c0a6d07ea034008806d858ba6b3465670ff backends/gkr/gpu/circuit.py
100644 2208590d57a166ebc49fb30ce023ba60ce0f8c5d backends/direct/ligero/relations_test.py
100644 222449aa95f8279b73c2ee6297f12a5a5eba5358 integrations/vllm/data/hf_configs/PYTHIA160M.config.json
100644 223629357cd90542e302e9ef85bca5ecebb896f8 integrations/vllm/verity_vllm/ops/run_row_v2.sh
100644 2236ac14435be8f8b18d92532a37573db98b628a fixtures/redteam-3/logup-union/cross_table/manifest.json
100644 22396880cff17a9858cee625cd81c4f070208c21 backends/numerical/tests/security/test_zk_reference.py
100644 224cc71e5870db557a97e55902a8c7c2bc7e488f backends/gkr/src/ligero.rs
100644 22852b78e68a01d52daab23f4c66ff5e15a85097 backends/gkr/tensor/README.md
100644 22925bbf0d04f3ef7fcbeedad995448d7f8b27d8 integrations/vllm/verity_vllm/program/numerics/fa2_model.py
100644 22968dbab9b69fac6215c462862d1cdc6f8aeaf6 backends/ligero-verify/fixtures/steps-pin/fp8-ada-bare-steps32/sub_00.stmt
100644 22a0e85407ef96f1622ffbb389678101b324c936 integrations/vllm/data/rec/p1-b0-lp32s15-parts/p1-b0-lp32s15-D.plan.json
100644 22b59eaf8d4b933b0448d09139d36699d0eb399d packages/verity/tests/verification/test_fp8_targets.py
100644 22d3fd4f3e4c29950d7230fcb387f8e3338f36c6 backends/numerical/python/verity_numerical/explore/__init__.py
100644 22f04c6004ef354300d8f830385cd2fc6c51f477 backends/gkr/src/logup.rs
100644 22fe2687891dfb750f6bb5f637325fd0463f5171 integrations/vllm/verity_vllm/query/query_artifact.py
100644 230d0cc37b8dae76c8c9893b53f208e423f254be backends/numerical/tests/reference/exhaustive_pod.sh
100644 2319a656ebd0b4fe50fd19cdcc36a8d63a6bdcb5 integrations/vllm/tests/check/test_difftest.py
100644 232076152aa911e35c1cb82fda4d9e1071016cc4 integrations/vllm/workloads/llama32-1b__bf16__a100__tp1__b2__i1024__o128__mixed__greedy__bi-eager.json
100644 232bbea7908ae95d497ffe94765e8d933455b561 integrations/vllm/workloads/olmoe-1b-7b__bf16__l40s__tp1__b4__i256__o32__mixed__greedy__bi-eager.json
100644 233ca676577fed00767a8417844b4320d9c19eaf backends/direct/ligero/leaf/blake3_test.py
100644 234b61354b871e409831b136d4dbfd0128ae58e9 integrations/vllm/tests/program/serve3_authored.py
100644 2350c8638e23e2ec7c15410d3008d9b796839a06 integrations/vllm/verity_vllm/harness/hot_commit.py
100644 235b84dea493c6f32f3ba901ddb015fdac3b8d5b backends/gkr/tensor/fused/tests/test_fused.py
100644 239b031a65afd0afaf3387b2d0d6134b4f83d8cf integrations/vllm/data/hf_configs/TINYLLAMA.config.json
100644 23a96c9d6ef2867986c905ab71a2885307095a45 fixtures/bench-instances/v1/seeds/gate_up_proj_prefill_1/w_row.u16
100644 23a96c9d6ef2867986c905ab71a2885307095a45 packages/verity/tests/ml/fixtures/gemm-B1-b3eba618b1b5-20260907T1731Z/gate_up_proj_prefill_1/w_row.u16
100644 23c524f242509ca62922c8acd567fc5c84779cc3 integrations/vllm/verity_vllm/query/partition.py
100644 23cd44a5dfa8ebb6954060d258236cd28cd70059 integrations/vllm/verity_vllm/ops/row_pod.sh
100644 23db26f352fe7156be3d5116319050a9c64611eb integrations/vllm/verity_vllm/program/numerics/cuda/fa2_softmax_probe.cu
100644 23e52b9757e11824d986d0bfa12c025ef95c9f9c backends/gkr/fixtures/negatives/align_product.wrapped.bin
100644 23f0ca006e8c05c646de2fb4ec14789c1b124055 backends/gkr/fixtures/negatives/leading_bit.plus_one.bin
100644 2409809574301a87ca10723fa102d9f925b6dbcf fixtures/redteam/babybear-battery/v1/wrap-ab98159304.json
100644 24378d451a11a4994125b4476fff09d0c974db96 backends/direct/ligero/pipeline.py
100644 243b34a2ff7b5ccf6b5d217ec190c16dafa6a824 integrations/vllm/tests/acquire/test_fa2_tap_bounded.py
100644 244d2566743c038efa09b4bbab3fa971c04bcad3 packages/verity/tests/ml/fixtures/gemm-B1-b3eba618b1b5-20260907T1731Z/o_proj_decode_1/out_row.u16
100644 245903fd8794c6b1f7ea784048c3e51740cc2f91 integrations/vllm/tests/acquire/test_native_host_security.py
100644 245bd3f336fdf8696edce02feef02f092d9383d0 backends/ligero-verify/fixtures/rust_verdicts/time_interactive_zk_8T.json
100644 249e76f6295c277b766e18f5e8747c398f2b17fc integrations/vllm/tests/tp/__init__.py
100644 24b3dbae8a10dd9a99ffbe761b5893231e1ad6bf fixtures/typed-obligation-v0/reject--arity.json
100644 24d41f95583ebd8cac5ea45ad942cdce91a36c0b tools/research/src/research/__init__.py
100644 24df24fb3ea8abaa29d4a7d5171b97c1733dbb68 integrations/vllm/verity_vllm/program/registry/serve3.py
100644 24edc0428b760ab229371c214863419303e132bc packages/verity/src/verity/verification/int8.py
100644 25001be1d82771e63def3a79f00dcc858258c636 integrations/vllm/tests/query/test_compiled_manifest.py
100644 251b52dc84f0dd8b40bc3b08a56597d272ad099b fixtures/redteam/vu-battery/v1/vu_battery_b_r20260922-070024-e7d1.json
100644 2524d21545c78b54e1ca49fc0034ac59590e3604 packages/verity/tests/verification/test_gateset.py
100644 25258a40d64c4cf99676dcec51ee7ed52f6df0aa fixtures/redteam/vu-battery/v1/a/a_splice/public.bin
100644 252ff04a8d84b1978729980b147084a7280148e9 backends/sp1/common/src/packed.rs
100644 253f3ff11c84694bf257be999d6da15295607b3f integrations/vllm/verity_vllm/harness/launch_context.py
100644 25400ed33402dff854d90f7187e504e04a248263 integrations/vllm/workloads/workload_b1_sampling_topk50.json
100644 2548280189180c565d51c2e6bc40e3788e5aa8ae packages/verity/src/verity/verification/gateset.py
100644 254d58c161a4ab358856cae04c20c39d3126a44e backends/direct/encode/results_buckets_r20260922-065537-279b.json
100644 25563dacd9950e1c0fa95b48017eebfdb79a1c4e fixtures/typed-obligation-v0/accept--mixed-width.json
100644 256d78e0e0bdb8ad61796b1884dd020b2f7b7cae fixtures/typed-obligation-v0/identity--mut--domain-collide.json
100644 2587d3fb1fdc3ea7b096ac309a19a5a1e46554e5 integrations/vllm/workloads/qwen25-15b__bf16__h100__tp1__b8__i1024__o128__mixed__stoch-t0.8-p0.95__bi-eager.json
100644 259dece67159735db0b321d9c2c2161b2526da83 fixtures/redteam-3/logup-union/cross_table/y_out_of_TB.bin
100644 25c1f4bc1a55b6c7179109e3b9e0b65e032a5a2e backends/redteam/logup-b/Cargo.toml
100644 25c8fed4ba1c5d26af2e0a1b0b4a32f33133ae46 integrations/vllm/tests/program/test_derived_rows_fp8.py
100644 25cbe9bba2002843a21103d282d12fa3ab0ff987 fixtures/redteam/vu-battery/v1/a/a_public_word/public.bin
100644 25d8fe6c94a09617faa7e218dd7709b0bc902816 backends/numerical/tests/security/test_accounting.py
100644 25dc5413683f0b8f78d460e8c588f16fa0c3b21e backends/gkr/fixtures/negatives/fp32.wrapped_reconstruction.bin
100644 25e3b30a113c7ab935b227ae51783ad4cce8af33 backends/ligero-verify/fixtures/steps-pin/fp8-ada-poseidon2-steps32/sub_00.proof
100644 26423e3d28552474d9d831c2abd6840601f5fb1f backends/direct/ligero/hints_torch.py
100644 26511c2610ad2c1a8a69ef539b24e67afaae9848 integrations/vllm/data/rec/compact-probe-b0-nl1-v1024-lp2s1.json
100644 265e4eecbae72260c26db2e1ac738e479117b8ab integrations/vllm/workloads/llama32-1b__bf16__l40s__tp1__b1__i4096__o512__mixed__greedy__bi-eager.json
100644 267cef086f9d1efadf17006f6a8145798e7ccc06 integrations/vllm/verity_vllm/program/registry/b1_tp2.py
100644 268d5430f45fbcb9b4d53e3a5bbf23a1ce38d9f9 backends/gkr/packed/tests/test_logup_reference.py
100644 269778739ded39f7f96927d8a0cbc6d0872762d4 backends/shared/hash_gpu/__init__.py
100644 269965f9266dec0901deb7a8e4f5ed364602f228 integrations/vllm/tests/check/test_sampled_replay_aliased_module.py
100644 26a3667b8a5fc942a9f951bb0d48ad4ba78930e1 integrations/vllm/workloads/workload_cov_b0_b8-mixed_c256_t1.json
100644 26abda0141cd1d844dcfbb69c34505b83807c91d integrations/vllm/verity_vllm/query/manifest/__init__.py
100644 26b17ea39572301291664f7fa133b614082deaee backends/numerical/python/verity_numerical/checker/gadgets.py
100644 26c08213473a24e37b65d582ac4bf1d5fa5dca9d backends/gkr/fixtures/negatives/state_out.claim_zero.bin
100644 26c429b293918beecdf13479c7e64afc5337820b integrations/vllm/workloads/qwen3-4b-fp8__fp8__h100__tp1__b8__i1024__o128__mixed__greedy__bi-eager.json
100644 26d58e43972e695b3bbfacec638dae6484b1b9e5 integrations/vllm/tests/regression/expected/qwen3-4b__bf16__h100__tp1__b8__i1024__o128__mixed__greedy__bi-eager.json
100644 2703739b9cfc422a3a0a6c932140db18533a8d1a integrations/vllm/verity_vllm/observe/profiles/hf_configs/QWEN3_30B_A3B.config.json
100644 2758aede61ebf1a8fdd1e2c6eadf7b5d07faad10 fixtures/typed-obligation-v0/reject--root-not-listed.json
100644 27688b19ded597f944bb2c34f9722e3a36e1b112 integrations/vllm/verity_vllm/observe/profiles/quarantine/GEMMA2_2B.json
100644 276d41f7ab31ba9475dac683ab1fb6e9c1cfd2c6 integrations/vllm/workloads/llama32-1b__bf16__l40s__tp1__b1__i1024__o128__mixed__greedy__bi-eager.json
100644 279e1116b1b219b0ebff90c85bc0377e1447beac integrations/vllm/tests/query/test_partition_structural.py
100644 27a236c900f62395d5d110db63ebc6851e15ae2d integrations/vllm/verity_vllm/program/registry/sampling_rows.py
100644 27b338d11cb244c408e906ab38b777a6568e25b6 integrations/vllm/verity_vllm/acquire/compiled_source.py
100644 27b961f4d3aa734b8e7ed650f7e955d888718ac4 integrations/vllm/verity_vllm/observe/profiles/gen_dense_softcap_patterns.py
100644 27fa459b5610a9710ec729995cace608220c9887 backends/shared/anchor_a100/results/fused_logup/stdout.log
100644 27fb3229337ac013fadaf2e99ee0de6bfda76009 integrations/vllm/verity_vllm/harness/timeline.py
100644 27fd4c5edcf2822e45ed281ce9898d79dc04fc11 backends/numerical/reports/ledger/lattice-scout.jsonl
100644 2809981a4795f52db583b6cd4a5e92514c349cc9 integrations/vllm/tests/correspondence/test_tp_collective_site.py
100644 281e72e8e689f9e77e318f9dc2f37bd4c149f7d5 packages/verity/src/verity/ml/tc/__init__.py
100644 28460fa74bd87e81d69284a2951907878170e642 integrations/vllm/verity_vllm/check/value_check.py
100644 28825c7c49754326e92e6b5c1e6b7224b965ce60 fixtures/redteam/vu-battery/v1/vu_battery_b_r20260922-073904-7a6c.json
100644 28846d8ee745102b328a0c0848810e26cddd08e2 backends/numerical/reports/ledger/gate4-h100.jsonl
100644 28a4d69b5829b675301bad361b25af35a273b85d fixtures/redteam-zk/q_leak_fixed_l256_2vu.json
100644 28ab75546380e517d21fb84583632b1e794e6eac tools/tc_probe_fp4/tcgen05_fp4.cu
100644 28e7f99057f35414515b039f750a4ffedc776eea backends/gkr/verifier/results_e2e_a_protocol_diff.json
100644 28fdfeb139722fa6749b35a73acf7e195a46c54e integrations/vllm/verity_vllm/check/golden.py
100644 292c2ab264ce92cc75963e6f44754d4deca02359 integrations/vllm/verity_vllm/check/program_compare.py
100644 292fe499e3b25d42211661ba9c7fafe6120186ca backends/sp1/rust-toolchain.toml
100644 29371f70088cfeda619a1ecf0f7b56e4222282f9 integrations/vllm/tests/regression/expected/mistral-7b__bf16__l40s__tp1__b8__i1024__o128__mixed__greedy__bi-eager.json
100644 294bdcf17c8008634188d2d2c932240bc88aa077 integrations/vllm/tests/ops/__init__.py
100644 2984c890840902f6b7230994d0b7a9c14e729346 backends/gkr/fixtures/babybear/negatives/fp32.false_nonzero.bin
100644 2986acb9138efeaa0197a26b3044b8fba1b2e24c integrations/vllm/verity_vllm/observe/patterns_prefix.py
100644 298d8bf38ff132ae4c0b32a2e1725890594044ed integrations/vllm/tests/correspondence/test_correspondence_source_acquire.py
100644 29c78f0cb0a0624712c2ef4a98886145fce4f0cc backends/ligero-verify/fixtures/rust_verdicts/wmut_fiat-shamir_zk.json
100644 29cdae5e3e03ab4e77d051a4ae3de9a79242a1d1 integrations/vllm/verity_vllm/program/global_program.py
100644 29cf9e3ad8ad64ef2f67d5ac9798bf353846850a packages/verity/src/verity/ml/__init__.py
100644 29dfa3697800b46ebf8bea2268f35acac18a3e20 integrations/vllm/data/rec/population-v2-rows-b0-lp32s15-p1-cu-whole.json
100644 29ec71a28254882f7c5d5491a21c665cd87f791c integrations/vllm/data/hf_configs/PHI3_MINI.config.json
100644 2a003a86141910c7c3fed4102f7ccacda6aae827 backends/numerical/reports/ledger/a-packed2.jsonl
100644 2a292ccd05c7c9c6842d5b50dff9a60e9b6e5bcf integrations/vllm/data/rec/expected-work-v2-b0-lp32s15-q0.5-s4096.json
100644 2a31b73eeeca9d4803573e6336a62d0f3e8caf39 backends/sp1/common/tests/embed_vectors.rs
100644 2a5713c580aded5d6f7ac629a819ab6ffb276539 tools/research/src/research/telemetry/fixtures/hog.py
100644 2a58ef480b288936a7f0142090211efc2b27f674 backends/gkr/fixtures/negatives/overflow.max_finite.bin
100644 2a706793ca02a86fd4102ca885cebbfd747f28b5 integrations/vllm/workloads/smollm2-135m__bf16__l40s__tp1__b32__i1024__o128__mixed__greedy__bi-eager.json
100644 2a799a4b98d8aa13f4c1c1ae72676cced30652bd integrations/vllm/verity_vllm/query/vu_query.py
100644 2ac1dd6512f2ca7f3f581643446e4010e0c76673 tools/research/tests/test_pythonpath.py
100644 2ad19b8ba74153a4814268f56223bae67cb92719 backends/direct/vendor/p3-baby-bear/src/lib.rs
100644 2ad36b3a76ac58c74835d7cc9fc880711b117835 integrations/vllm/verity_vllm/acquire/stage.py
100644 2ad60dbd58703812ee50398d8357ce6829f844a9 backends/direct/encode/tests/test_commit_stream.py
100644 2ae1e898e204ad382d2238dd660648df0f2e10ac backends/direct/vendor/p3-baby-bear/build.rs
100644 2b21b30bb4c048546bd252ef517324ff45ae715c backends/gkr/fixtures/negatives/signed_sum.negative_zero.bin
100644 2b39aece40b4174573c27c398dc5eeb93e25d00d backends/direct/ligero/witness.py
100644 2b42a565f201085c5d3b86a8ca99f39195d02783 integrations/vllm/verity_vllm/program/frontend/rules/triton_iface.py
100644 2b70d56b3186484af61c1128df9c9edf3973207a tests/test_ligero_dump_artifacts.py
100644 2b7225805cb652492b0afb9fe75e7af8f559d1f9 backends/direct/encode/results_lintest_r20260922-072315-6497.json
100644 2b9028a77d0ecf4600eba6b29546664ffd88b0c1 integrations/vllm/verity_vllm/observe/profiles/expected/derived_PYTHIA160M.json
100644 2b9a25801054450d4395a0efb3af31d91208c59a integrations/vllm/tests/program/data/fp8_production_row_l0_qkv.npz
100644 2ba9a726cfc1a0a37b82312f42cc007a63326d22 integrations/vllm/verity_vllm/program/frontend/rules/reference.py
100644 2babbc73585b3ce9e30c5b186d3df10c415d2eb1 fixtures/redteam/babybear-battery/v1/zero_swap-b58ee3e1bf.json
100644 2bc15697582d4cde3bd65b8576d9772f054ad387 integrations/vllm/tests/check/test_oracle_compare_v2_producers.py
100644 2bc6e31f77e3fb8e20b2de4872416654e9ec23fe backends/gkr/fixtures/babybear/honest8.bin
100644 2be05b3aa7442fd3e2511a96f95b4bdfdc3465ee integrations/vllm/workloads/qwen3-4b-fp8__fp8__h100__tp1__b1__i1024__o128__mixed__greedy__bi-eager.json
100644 2c04df4de8d21f6492f4beba3003ea65332b3ac2 integrations/vllm/verity_vllm/correspondence/capture_identities.py
100644 2c111af0f7d9845b3b9910d3d18f7cdd94bf16c4 integrations/vllm/verity_vllm/observe/profiles/hf_configs/SMOL360.config.json
100644 2c21d4b67bd095d8b3611b731d94b8a43c016ae7 integrations/vllm/verity_vllm/program/numerics/beyond_gemm.py
100644 2c4ee1c3f7e3fff403b6d8443a25f69d70b2aca6 integrations/vllm/tests/tp/test_tp2_match_mid_module_rows.py
100644 2c7ce4a027974244504abd98489f517190023fef integrations/vllm/tests/check/test_replay_synthetic.py
100644 2c8f2c4f8d697c43d7cee2c3e9b72159a7c84774 backends/numerical/tests/bench/test_bench_judge.py
100644 2ca07c6a422c8905d954b207427159c5b9d943ef integrations/vllm/docs/data/ref-prims/SoftmaxRef_v1-f32.json
100644 2cac32dc57e6a7f405472dd4e3e4020f978f2a99 backends/gkr/verifier/src/verify.rs
100644 2cb36a44c2ef37f8a662b187f166c18c261a1734 integrations/vllm/tests/input_provenance/test_weights_of_record_routed_experts.py
100644 2cb51c4b3c09a545bef5f8477589469fe43f6fbd fixtures/redteam/babybear-battery/v1/wrap-50a0d4a385.json
100644 2cbbf6e92cbe5f30a546c2a44d5f013c4eb63947 backends/ligero-verify/fixtures/fp8-ada/sub_00.proof
100644 2cdade95f0cdffd655be1dfd9972a34618f8b136 integrations/vllm/verity_vllm/observe/fold.py
100644 2d19856ce4d172907c740d11e8127ce64f2e96f1 integrations/vllm/tests/program/data/topp_split_fixture/fstoch01_rows.npz.json
100644 2d352b05717537a74dc7d99258ccd6c8b3fc95a4 fixtures/bench-instances/v1/vu-k1536-neg.w.u16
100644 2d492808b6105157b458894cc31a8177594ece53 backends/numerical/tests/redteam/test_redteam_zk_fixtures.py
100644 2d5e41e40a13ede5c57c4f0b3efc0127518c0841 backends/numerical/tests/redteam/test_logup_union.py
100644 2d704d5cbba66543a056791f5264e6cdd1751803 integrations/vllm/data/contract/a56-coverage/for-a7-populations.json
100644 2d7296c8ce45a1b0b0d888358ead639215dfad11 integrations/vllm/workloads/smollm2-135m__bf16__l40s__tp1__b16__i1024__o128__mixed__greedy__bi-eager.json
100644 2d81eaacddfb72997d0e2d76b4e2c42dc3b4da70 packages/verity/tests/verification/test_tc_probe_families.py
100644 2da7865e1fe041c6b95223d35e4bc44511f573e2 backends/ligero-verify/fixtures/manifests/set_interactive_plain.manifest.json
100644 2db1c270675c358a98c9137324476e834ee437b6 integrations/vllm/tests/check/test_compiled_autotune.py
100644 2dc22f35df5d033b592935a3ff105e53facce0cb packages/verity/tests/ml/fixtures/gemm-B1-b3eba618b1b5-20260907T1731Z/down_proj_decode_1/x.u16
100644 2dc2eecb3907128ee10e15efff567602306b9c2d backends/numerical/tests/redteam/test_redteam_checker.py
100644 2dc9d271a7a84cddf563f6415b9663a5f130631d integrations/vllm/docs/data/ref-prims/SoftmaxRef_v1-bf16.json
100644 2dd4e916125acafedb3351e24b69d385b4aa3921 fixtures/bench-instances/v1/seeds/lm_head_decode_2/fixture.json
100644 2dd4e916125acafedb3351e24b69d385b4aa3921 packages/verity/tests/ml/fixtures/gemm-B1-b3eba618b1b5-20260907T1731Z/lm_head_decode_2/fixture.json
100644 2dd6ed80ab3a6afb7adea3b6697c7c794ba025cb integrations/vllm/workloads/llama32-1b__bf16__l40s__tp2__b1__i256__o32__mixed__greedy__bi-eager.json
100644 2e2e156306e1cdbef728ec702572cf66fdbe6cd2 backends/direct/ligero/hashchain.py
100644 2e388be196363d9e4813195902553c9e25187add backends/direct/ligero/redteam_zk.py
100644 2e53327947155af6414bab13d7221e3892444551 fixtures/redteam-3/gpu_a_forge.json
100644 2e71a2483611d18a1ac8f58bf080f61b04b674de backends/direct/encode/roofline.py
100644 2e97dd576bcd2fb11e953cc915704ddb35044a38 backends/sp1/Cargo.toml
100644 2eacfdd1a91e0e603f9f0f6130c1f0d6a8978462 backends/direct/ligero/vu.py
100644 2eb75c14a214cc9330862e87e4d4ada75c42013b integrations/vllm/data/rec/p1-b0-lp32s15-parts/p1-b0-nl2-v4096-lp8s3.json
100644 2ec1d351b0e9b1f5f6b19e03223fab1b493049e4 fixtures/typed-obligation-v0/reject--offset-not-one-word.json
100644 2ec7f31342e2a2c823f2cad7d4d46fb8c4e93d11 integrations/vllm/verity_vllm/program/registry/b1.py
100644 2ecdd14dd00b8d473ceebc3a327f539a51dd91fc backends/sp1/python/verity_sp1/relation_only.py
100644 2eddb17210a3baf282a9ed7ad4591a6b4de498c6 backends/direct/src/params.rs
100644 2f074bf9cba6c5f346d1b7c74c1c8d81b5ab9516 integrations/vllm/workloads/phi3-mini__bf16__l40s__tp1__b8__i1024__o128__mixed__greedy__bi-eager.json
100644 2f16038b40e921492cfa018f1b33d12093e42d79 fixtures/typed-obligation-v0/reject--declared-args-not-boundary.json
100644 2f22e2cdcd030e8b7b8991df783c65cd87e41fcc backends/gkr/fixtures/babybear/circuit.txt
100644 2f22e2cdcd030e8b7b8991df783c65cd87e41fcc backends/gkr/fixtures/babybear/vu_synth/circuit.txt
100644 2f455593d9b29317c4c95ee580275629f50875f0 fixtures/redteam-3/logup-union/README.md
100644 2f6980f547e81a6576678c4eeb047c32a75de67c integrations/vllm/data/census/scaling/lp192_s4.json
100644 2f741de4d5853cf360b242a435e3efc11956fc66 backends/numerical/python/verity_numerical/bench/ledger_to_store.py
100644 2f776a066d1c764da5d221018202a61dc659bb60 integrations/vllm/tests/program/test_compiled_norm_literal.py
100644 2f7896d1d1365eafb0da03d9fe456fac81408487 backends/gkr/.gitignore
100644 2f7896d1d1365eafb0da03d9fe456fac81408487 backends/ligero-verify/.gitignore
100644 2fbf817f3f675416b4ea5a8993754796d7a02788 tools/research/src/research/store/tools_registry.py
100644 2fcda6314dd970217fa85d4fbd0af120ee12107e integrations/vllm/verity_vllm/harness/__init__.py
100644 2ffa91f9e59b6aa2d660ff3d30f5def0acb2d76a backends/direct/encode/commit_bench.py
100644 30161e6f1e4e6c2b9c19b9f7609944e91052e99d integrations/vllm/workloads/workload_b0_sampling_n2.json
100644 30431efd8512bd8481303d33f768bfe32fde19c1 integrations/vllm/data/rec/expected-work-v2-b0-lp32s15-q0.5-s16384.json
100644 3049d3e3fbd3c8ba42fef495f8b0953df2327d81 integrations/vllm/verity_vllm/program/registry/derived_rows.py
100644 305a1bc312d8a42b9d448f7149490444783167d7 backends/direct/encode/tests/test_buckets.py
100644 3098ba9548e3f52d9b5924274891e8262de395b8 fixtures/redteam/babybear-battery/v1/wrap-2adcd1aaf7.json
100644 30c84207a8c7cd5c347ec972aa2cf096bb5ac171 backends/gkr/packed/kernels.py
100644 31087598d439427ec4e8640e63f7e412995164ae fixtures/bench-instances/v1/vu-k1536-neg.x.u16
100644 3109c6724bcc6da1fab4eefea82655e2769da6df backends/numerical/reports/ledger/checker-min.jsonl
100644 3109e71be048c23731d24e838d173ad47d98a0d3 backends/gkr/fixtures/vu_synth/negatives/units_broken_chain.bin
100644 310f88b1de420cd383baf4140665fe4eee1ffc92 fixtures/bench-instances/v1/manifest.json
100644 312b592276dc9463041206e080b5aa56f111e93e integrations/vllm/verity_vllm/program/registry/quarantine/dense/tanh_f32.py
100644 315b4a2c03ab2998c8fa6d18cbdf999491c14f5f fixtures/bench-instances/v1/seeds/o_proj_prefill_2/x.u16
100644 315b4a2c03ab2998c8fa6d18cbdf999491c14f5f packages/verity/tests/ml/fixtures/gemm-B1-b3eba618b1b5-20260907T1731Z/o_proj_prefill_2/x.u16
100644 316dc5f3c5e549edc648a2f844182c38877d6e2f integrations/vllm/data/rec/expected-work-v2-b0-lp32s15-q0.25-s65536.json
100644 319151e37dfcdde03e1d1fb4574cfcb0dadf644e backends/ligero-verify/fixtures/fp8-ada-ajtai-n64-g1-decoy/sub_00.proof
100644 31f2bbe83c492c1549207d98a9157ce65763917c backends/shared/hash_gpu/sha256_cuda.py
100644 31f664b801b16c7b0269ed8ec9cba685be1eeca1 backends/numerical/python/verity_numerical/checker/v2/__init__.py
100644 322361b9a0d61cf2b03c18dd456db691b5fd5e42 backends/numerical/python/verity_numerical/gkr_export/babybear.py
100644 3229f902bbedfef6f5d59d17f39313e6ec9d0fc7 integrations/vllm/docs/data/ref-prims/EagerAttentionHeadRef_v1[SCALE_OP=mul]-bf16.json
100644 322c2cafd54ef3e34e32d83d9c1eb29e54eebeb7 integrations/vllm/tests/program/test_topp_splits_operand.py
100644 32375a58b1de1500a037dfffee6303bbc76b9e9f integrations/vllm/tests/harness/fixtures/admission/fp8_b1_try5_bounded_none/steps.jsonl
100644 32420c1d7eea0029f70bc42fc396de7bd7f508f6 fixtures/redteam/babybear-battery/v1/wrap-2acccc0846.json
100644 324e08e1194e861a6c81771e7c68659faac8628e tools/research/src/research/telemetry/patches/deadman.sh-deadline.sh.cancel-intent.diff
100644 327d88852720cc707edce82897655d4e4ee4ed43 backends/numerical/python/verity_numerical/checker/v2/gadgets.py
100644 327fe4e34500ce002539b452933597fbfee11fca integrations/vllm/verity_vllm/query/__init__.py
100644 32d377970c064960cbcf12e9a40fc07b670f6b7e fixtures/bench-instances/v1/seeds/lm_head_prefill_0/w_row.u16
100644 32d377970c064960cbcf12e9a40fc07b670f6b7e packages/verity/tests/ml/fixtures/gemm-B1-b3eba618b1b5-20260907T1731Z/lm_head_prefill_0/w_row.u16
100644 330ba8fe198a7be9b65c5371afd05adab13ae41a backends/numerical/reports/ledger/b-air-v2.jsonl
100644 3317a5ed43973101d9fdaf6f22fb0a7a9267e701 tools/research/tests/test_pods_connect.py
100644 3319a26f480b2e3f26c339526edf1d394b91eaae backends/gkr/fixtures/negatives/bf16.wrapped_reconstruction.bin
100644 332699e6a3a60a4e02d27a46dbda393818c3ac07 integrations/vllm/verity_vllm/observe/profiles/expected/derived_QWEN05.json
100644 336a5c18f3af5df09104ffe1a2366821ac11903f integrations/vllm/verity_vllm/check/gates.py
100644 3372997137eff60ad5a58aa0d751dfadb2d5e22c backends/gkr/fixtures/babybear/manifest.json
100644 3374a29537970c56b05f916c101d751018759ea4 backends/gkr/fixtures/babybear-transcripts/transcript_vu4.json
100644 3389625023e0c908177b06b06b25d6f02db9a33e backends/gkr/fixtures/negatives/group_max.excessive.bin
100644 33aaf3dc8dd99793963c566587a5329a9f125ef4 integrations/vllm/data/census/scaling/lp4_s1.json
100644 33ccf4040aafb62207573655126d4f97e7813859 integrations/vllm/tests/program/test_topp_split_geometry.py
100644 33e2bdb42cf501aa41d8df577d2e27ef5d9d191f integrations/vllm/verity_vllm/observe/memory.py
100644 33e463157d66c9bbf9fa6fbcb2ac50639e8c81dd integrations/vllm/verity_vllm/program/frontend/__init__.py
100644 342c40619b143b92f9e0fe0e5a2ecce37e1353f6 backends/direct/ligero/encode_simt_test.py
100644 3437b63398dbf7b253c545989399056458540892 integrations/vllm/tests/check/test_gates_fixtures.py
100644 344a2cb0903d1d713ad89ba5c8810bb6e0a4ac42 fixtures/typed-obligation-v0/reject--declared-dangling.json
100644 346fb65c5f0c01258c883be28e959426db35ec01 fixtures/typed-obligation-v0/accept--tc-row-block-k16.json
100644 347036f60cc4b5cca328f1fd149d21e97e837530 backends/direct/ligero/redteam/linalg.py
100644 34a4a9ef2071598fb8fd026cbfcc9cf1eafa990f integrations/vllm/workloads/llama32-1b__bf16__h100__tp1__b8__i1024__o128__mixed__greedy__bi-eager.json
100644 34e9e94fc821371d111549bee562a79382ec1d1d integrations/vllm/tests/commit/test_roundtrip.py
100644 34f260f876329627e600d5c34ffa9785f3b42fb6 integrations/vllm/verity_vllm/check/executed_prefix.py
100644 351d48262806ec24c3a17bb76b6a43838bb05f18 integrations/vllm/tests/check/test_global_match.py
100644 352ad7a5be1e6702122e8bcd317736c27d105659 integrations/vllm/verity_vllm/program/frontend/rules/common.py
100644 354204580e821f489fe8da9aebe5025a54e4ad6b packages/verity/src/verity/commitments/poseidon2_babybear.py
100644 356e3b7e86738ebf363d86e6a6aa6b43ce21a3ad backends/direct/vendor/p3-fri/src/fold_even_odd.rs
100644 358f9140c57273fee182b93d33e47275932ab714 backends/ligero-verify/fixtures/steps-pin/bf16-hopper-ajtai-n128-collide-P/collide.json
100644 35ae95e8da9c804b3be14709afc398de72343595 backends/gkr/fixtures/negatives/bf16.sign_flip.bin
100644 35ca6c46909a8000522c5667dbef5086ed9879ba backends/gkr/fixtures/negatives/bf16.non_finite_7f80.bin
100644 35cdd7b24dd5609a74e064cbd4aa9ab6b25038ee fixtures/redteam/babybear-battery/v1/fractional-f71f2a571b.json
100644 35fead4346ffb3fab5d6a47494ad7448333bb593 integrations/vllm/workloads/olmoe-1b-7b__bf16__l40s__tp1__b2__i32__o32__mixedstop__greedy__bi-eager.json
100644 36285acf1c12f96f7a87d1b47c7c39c3991e6ce7 packages/verity/pyproject.toml
100644 364a1444fa51d552672b8efcf044b19f1ee575d9 integrations/vllm/tests/commit/fa2_prototype/fixtures/p0/p0_summary.json
100644 365a64bdcbfeebb94a02999b00f29699933637f6 integrations/vllm/tests/regression/test_rebaseline.py
100644 3679e16bb05a233ba8bd758aaaa9ab9c3e737cfe integrations/vllm/workloads/workload_b1_sampling_n2.json
100644 367f8860e78c5c0be699874d0293165109796d53 backends/ligero-verify/fixtures/systems/fp8-hopper-v2.system.bin
100644 36a49185e56d9f6b0ad0258e29da96edc4237e4b integrations/vllm/tests/harness/test_admission_hook.py
100644 36b95dcc83fe31d38049451aa7b69a20e1be17f5 integrations/vllm/verity_vllm/acquire/hidden_gpu_src/hidden_gpu_tree.cu
100644 36c011b70305a8af26882dd645a92aaf671ce0b9 integrations/vllm/tests/query/test_query_artifact.py
100644 37284dd2492d03351e3bf795ed1a0e83f93ac054 backends/direct/ligero/hashchain_test.py
100644 37376a926309c972f442912a8b70e5130fc537ad integrations/vllm/tests/regression/checks/coverage.py
100644 37432c25a515a02c8ef7f6b1e042ea0d4353a26c integrations/vllm/workloads/smollm2-135m__bf16__l40s__tp1__b1__i32__o32__earlystop2__greedy__bi-eager.json
100644 374cc982b1db416d3b96ff2f75e002f04654b513 backends/gkr/fixtures/negatives/product.claim_nonzero.bin
100644 37674143eb00498cfc90e17e1e5d9101659d59f1 backends/numerical/tests/explore/test_vole.py
100644 379c90618196907cddadc5aa40a9e75e68f8b95c backends/sp1/common/tests/typed_obligation_v0.rs
100644 37b0c987318cef8502e90314c4cef2b200d416ab integrations/vllm/verity_vllm/program/numerics/libdevice_sampling.py
100644 37be1b97df0e0497c88d97d3252c9781fded02b0 integrations/vllm/docs/data/ref-prims/GeluRef_v1[APPROX=tanh]-bf16.json
100644 37c0cf15ad36fa05cf4539ea42899173b67b048a backends/direct/ligero/redteam/simulator.py
100644 38078370806af30cd2857b005bc2284e4b7f4888 backends/numerical/tests/checker/test_negative.py
100644 38156ebe8816829b262903b5e1bc50648059301c integrations/vllm/verity_vllm/input_provenance/__init__.py
100644 382a3995b6b169f6b17d219979ad44a9a43deb24 backends/ligero-verify/fixtures/fp4-nvf4/sub_00.stmt
100644 383d2953e19255703f4b0cc46712b973001bead1 integrations/vllm/workloads/qwen25-15b__bf16__a100__tp1__b8__i1024__o128__mixed__greedy__bi-eager.json
100644 38677076c7087bb727e55a3d87aa06fd01b11d4f packages/verity/src/verity/verification/plan.py
100644 3876f5ec74dacfac94cd74b90045a14f5cb9da8e integrations/vllm/data/census/scaling/lp4_s2.json
100644 388270f673f1f48b2292f1b618b61bcae860d254 integrations/vllm/tests/regression/checks/replay_partition.py
100644 38a47eb24f9635a35dae9acdad00bf992be7ed7c integrations/vllm/tests/tp/fixtures/tp2/fold_gap.shard.rank0.json
100644 38be15d5d3fd0137be6eaf95ba8df8a5bc7fb7d5 backends/gkr/PROTOCOL.md
100644 38fcea7d54351d3b0e70bb69f6ea1b931c38e1da backends/gkr/fixtures/babybear/negatives/align_product.under_quotient.bin
100644 395d54e1ec7f0dab7eb05cc15b9cc10898ccc3d1 tools/research/src/research/store/preserved.py
100644 39627682ae32daf60b8883282608c62965d32100 integrations/vllm/verity_vllm/program/registry/targets.py
100644 39653f0e251cd9aa433dc622a18db803a1b24588 integrations/vllm/verity_vllm/program/frontend/derive.py
100644 39750dd1c74701168011daef65c8e685736488ac integrations/vllm/docs/data/ref-prims/EagerAttentionHeadRef_v1[SCALE_OP=mul]-f32.json
100644 39aeab9d45f9de66621fc393ae1f15e996d4321b integrations/vllm/verity_vllm/check/quarantine_lint.py
100644 39cd5fefa773d0d899230026e106253e9c05f227 integrations/vllm/tests/program/test_applicability.py
100644 39dab6020d02999e4ac66ca0d7ff8c0a48b31103 integrations/vllm/verity_vllm/ops/cov_pod.sh
100644 3a007bb83be50f5207e9718e876bffa308320a84 integrations/vllm/data/hf_configs/QWEN3_4B_FP8.config.json
100644 3a374dc58a65c8981944c5986f3ad0ee1dd6afee integrations/vllm/verity_vllm/program/registry/quarantine/collective/allreduce.py
100644 3a4e972dc9935f1d26bf9725ea7dc973bf15dab8 fixtures/typed-obligation-v0/reject--format-unknown-framing.json
100644 3a8a530cafd0b5ec1788ba4171ed0a72e44f5dca packages/verity/src/verity/verification/conformance.py
100644 3a946c42688d93a55c5b868b520533488a455198 backends/direct/ligero/redteam/q_leak.py
100644 3ac28ee6559cb0cae3679bc0d419798fa29d8180 backends/gkr/fixtures/babybear/negatives/bf16.non_finite_7f80.bin
100644 3af39aae32917fcdc0f52182dddd50aa13ee77cf backends/gkr/fixtures/negatives/align_state.r_plus_one.bin
100644 3b09bcb5a4a6793dce82189855a1006142c65862 fixtures/bench-instances/v1/seeds/gate_up_proj_prefill_1/x.u16
100644 3b09bcb5a4a6793dce82189855a1006142c65862 packages/verity/tests/ml/fixtures/gemm-B1-b3eba618b1b5-20260907T1731Z/gate_up_proj_prefill_1/x.u16
100644 3b28913e2a260536830917439bb11de7b8c6301c backends/gkr/fixtures/negatives/state_out.deny_overflow.bin
100644 3b410a7019cb7e886b21203cae08391892e086b8 integrations/vllm/docs/data/ref-prims/LayerNormRef_v1-f32.json
100644 3b526d3c8e62818ce9b82a4bd76c6e183f98bbe0 backends/ligero-verify/fixtures/systems/fp8-ada-v2x4.system.bin
100644 3b5b8d03b408df91bf5f05e7b28b551865f12a00 backends/gkr/verifier/src/lanes.rs
100644 3bc8691ddfd5755d66d84eb2c6e7fd2df8add77c backends/shared/hash_gpu/tests/test_hash_gpu.py
100644 3c50c0caa003eb5cee2f26a0ac2d0077f525db72 integrations/vllm/verity_vllm/program/registry/quarantine/dense/gelu_tanh_mul.py
100644 3c7e8907a78b5464ab36485367b29a43d41dd395 integrations/vllm/verity_vllm/observe/profiles/gen_dense2_patterns.py
100644 3ca04ceb1362c3825de531c5df1dd10b7be63ed9 integrations/vllm/verity_vllm/program/numerics/tables/W11-40f0cebeb670-20260907T1800Z/mufu_rcp_delta_int8.xz
100644 3ca04ceb1362c3825de531c5df1dd10b7be63ed9 integrations/vllm/verity_vllm/program/numerics/tables/W11C-40f0cebeb670-20260907T1900Z/mufu_rcp_delta_int8.xz
100644 3ca04ceb1362c3825de531c5df1dd10b7be63ed9 integrations/vllm/verity_vllm/program/numerics/tables/W11R-40f0cebeb670-20260907T1802Z/mufu_rcp_delta_int8.xz
100644 3ccb22bec529a31b18370f2c4a06d26a26c13c35 backends/sp1/common/tests/reduce_vectors.rs
100644 3ccc733877e3327b720ef9279ac6f7bf9cabb2e5 backends/ligero-verify/fixtures/rust_verdicts/set_interactive_zk.json
100644 3d092795962edbe11b3dffde0caee4e95ab0e868 packages/verity/src/verity/verification/wire.py
100644 3d1bd9849b02794d33b9c4366b5eedec362f52d6 fixtures/typed-obligation-v0/binding--byte-identical-mutation-distinguished.json
100644 3d4561100aebaeb35991b8375731f67e78423c2c backends/numerical/reports/ledger/b-zk-fix.jsonl
100644 3d8b826593300a19d64a0c54c73744a8d1406a0b integrations/vllm/verity_vllm/observe/profiles/gen_ov_sampling_patterns.py
100644 3d8d6bd2b8a4778d5db11d1a50f78caff5aca738 integrations/vllm/verity_vllm/program/descriptor_equivalence.py
100644 3da5dd46739a0235d0124840144ae8d6750679a3 backends/gkr/fixtures/negatives.txt
100644 3e044af7d61f3413359f14adc273008807952a69 backends/direct/encode/matdft_triton.py
100644 3e0ebbb7f14457572a7f7b249177bd3e53403f6e backends/direct/ligero/redteam/zk2.py
100644 3e19be4fd9938a8cdf197b694415a95de1d47f7f integrations/vllm/workloads/llama32-1b__bf16__l40s__tp1__b8__i1024__o128__mixed__greedy__bi-compiled.json
100644 3e1a78468382cacf726886cec2835e35dd993f46 integrations/vllm/tests/query/gate/row73_qwen3-4b_h100_b8.json
100644 3e2c6d160753044e50da3f257dfab745741d5cd2 backends/gkr/fixtures/negatives/state_out.claim_overflow.bin
100644 3e93af71d11e6a1e0e7c5a0fa59f8dcf6ad1063c packages/verity/tests/ml/fixtures/gemm-B1-b3eba618b1b5-20260907T1731Z/down_proj_decode_2/fixture.json
100644 3ea8dd18d78950892a0f1b30ce1466a2130e5127 integrations/vllm/workloads/llama32-1b__bf16__l40s__tp1__b32__i256__o32__mixed__greedy__bi-eager.json
100644 3ebddfd0f0897fd33b4ab0e0a3625d9f227e5128 integrations/vllm/data/census/scaling/lp72_s9.json
100644 3ee7f7f5e01ec72f1794828a95f30e52b8b83011 tools/research/src/research/telemetry/cli.py
100644 3efa80fe360bb096489a3fc56cf02909650ac0d5 fixtures/typed-obligation-v0/reject--dangling-value.json
100644 3efacd18996952720af5956ba86ab32faff440e3 integrations/vllm/verity_vllm/commit/__init__.py
100644 3f044ef20423f802359bc9525725195796b981ab fixtures/typed-obligation-v0/reject--leaves-unsorted.json
100644 3f053ac07166a4f40b7eb3a9365c1db6f1313cbe backends/gkr/fixtures/negatives/align_product.under_quotient.bin
100644 3f7b34146f28e29d79dc9fdbc7005db25b955db9 fixtures/lean-vectors/plan.json
100644 3f8578ba05265f144e26a261ff343fd14f2bb1a3 integrations/vllm/tests/observe/test_fold_synthetic.py
100644 3fa339b9f6dbcb9381e872749f8b771f1d2d0cc2 backends/numerical/python/verity_numerical/redteam/__init__.py
100644 3fa71005cd17742258396863b439ff9a3a635a66 integrations/vllm/workloads/qwen3-4b__bf16__h100__tp1__b1__i1024__o128__mixed__greedy__bi-eager.json
100644 3fd5bef04ed19be6f87ba1fc632ae2b0273c9eb0 fixtures/redteam/vu-battery/v1/a/a_epilogue_claim/public.bin
100644 3fd5bef04ed19be6f87ba1fc632ae2b0273c9eb0 fixtures/redteam/vu-battery/v1/a/a_epilogue_y32/public.bin
100644 404bb316803cad292c1e841bed74dbbc399addf0 integrations/vllm/verity_vllm/program/frontend/rules/vllm_bindings.py
100644 407892e09c25f93d2b858330c75160d9a2a34512 backends/direct/.gitignore
100644 40b0298ed6fb8357daa204547e65a88903d9aa5c integrations/vllm/verity_vllm/program/registry/quarantine/collective/__init__.py
100644 40d0f2d7b5aa0b516320c182d4467b7c559e6a8a backends/ligero-verify/fixtures/fp8-ada-hash/sub_00.coins
100644 40f03ea2f59b1c42269902f899936ed05fa66b18 fixtures/redteam/vu-battery/v1/a/a_swap_words/public.bin
100644 410d0fc5b1784acf09bed36c2f448e0c8efc2887 integrations/vllm/docs/data/ref-prims/F32TanhRn_v1-f32.json
100644 4110942f8923d0d20d5731e6b597e1e11b92a5e0 backends/gkr/fixtures/negatives/fp32.subnormal_hidden_bit.bin
100644 416860933230b49493cdc16e9ecd30c9dcc96387 packages/verity/tests/ml/fixtures/tc-total-2026-09-07/4090/cvt_special.json
100644 4172933ca2eec660da6b799794a8ab76870c9a95 integrations/vllm/tests/program/test_moe_pad_route_a3.py
100644 417c98ed92f343854eb94565cae3a929d7b13371 integrations/vllm/verity_vllm/program/__init__.py
100644 41c011b0b3a136dd172239a8f84a915228300859 fixtures/bench-instances/v1/seeds/o_proj_prefill_2/w_row.u16
100644 41c011b0b3a136dd172239a8f84a915228300859 packages/verity/tests/ml/fixtures/gemm-B1-b3eba618b1b5-20260907T1731Z/o_proj_prefill_2/w_row.u16
100644 41d3b36b0a7955983b98a99ad23585aa95654117 fixtures/hawkeye/PIN.json
100644 41d46a9d7f13130cb7b8d782626d967d9acc53f7 backends/ligero-verify/fixtures/manifests/mut_fiat-shamir_plain.manifest.json
100644 420592376226f83c248d2d55f5c712d683da7fa9 integrations/vllm/verity_vllm/harness/target_family.py
100644 4219db76f1854ce615ce22b8b3f24bea04a1555c backends/numerical/python/verity_numerical/reference/hawkeye_close.py
100644 4229439273720c6b4e160250c78645b88e3893eb backends/direct/ligero/fp8/census.py
100644 424d00d3985bc40c7ef031eeeae4dbc45e597eb0 integrations/vllm/.gitignore
100644 425ae739958b2e84b09ec46eff9e5c566d272a15 integrations/vllm/workloads/llama32-1b__bf16__l40s__tp1__b1__i256__o32__mixed__stoch-t0.8-p0.95__bi-eager.json
100644 42860be0c6620faafcc26a54b2ae0fd196003188 integrations/vllm/verity_vllm/harness/admission_planner.py
100644 428f4ebed231c5e5b6fbbb62f39a68794ed1da7b fixtures/redteam-3/logup-union/cross_table/x_out_of_both.bin
100644 42b3eb85b05259a9133bdf0d7bc528db80eccb9e backends/ligero-verify/fixtures/systems/bf16-ampere-v2.system.bin
100644 42d2c4c3c518264e353768c33c51179ded6efe8a packages/verity/tests/ml/fixtures/gemm-B1-b3eba618b1b5-20260907T1731Z/down_proj_prefill_2/out_row.u16
100644 42ebce7e1de60738a4db75d2a38c73af227b619a tools/research/src/research/telemetry/events.py
100644 42ff7851015d17cd623fb1e91a2920f155b42d3c fixtures/typed-obligation-v0/binding--object-digest-mismatch.json
100644 4327b3167282c99a33b85980b035ff9f6135f51d backends/gkr/gpu/ligero.py
100644 435cb94ddcff21617132dc177fe751be695549e0 backends/direct/encode/reprice.py
100644 438e221e974eef753bc0c3247c1d0e1b15ffc96a integrations/vllm/verity_vllm/check/commit_verdict.py
100644 43a469a5258cfa102743b98f18e33fd0751f46f0 packages/verity/tests/ml/fixtures/gemm-B1-b3eba618b1b5-20260907T1731Z/lm_head_decode_2/out_row.u16
100644 43d7209f049432ab9a36e14b6f9aee074d186ce8 fixtures/typed-obligation-v0/reject--dangling-leaf.json
100644 43eab6d5692123c989f22b847f8de639a1f54e50 backends/gkr/fixtures/babybear/negatives/align_product.steal_unshifted.bin
100644 43fd16204a9b2d48de8f46a5d72e12e8e162a39f integrations/vllm/verity_vllm/program/registry/ref_prims.py
100644 4401f5f72543bbe72cabbbfb1f294a0aa429fdec integrations/vllm/tests/program/test_descriptor_equivalence.py
100644 4410527606f1f80bd4436d47d7be44748ff2ac2d backends/ligero-verify/fixtures/steps-pin/fp8-ada-poseidon2-steps32/sub_00.stmt
100644 4438a4a9aa0c2fa088552b7a85fdf13b8b4f46d8 integrations/vllm/verity_vllm/correspondence/batch_decomp.py
100644 446bb646f8b073c7f7c2ccf20cc2d7d42c51834e backends/numerical/tests/redteam/test_redteam_z3.py
100644 449ac708b6ea170e74fc4871e681673663f64abb backends/ligero-verify/fixtures/steps-pin/fp8-ada-poseidon2-steps32/forge.json
100644 44a3b1f86bbb9eaccc78b99c8eb494384f0a8d87 integrations/vllm/workloads/qwen25-15b__bf16__h100__tp1__b1__i1024__o128__mixed__greedy__bi-eager.json
100644 44aac9e8a9e304458ac534624ed89e7460097ce9 integrations/vllm/workloads/phi3-mini__bf16__l40s__tp1__b8__i256__o32__mixed__greedy__bi-eager.json
100644 44cccb5d37b6c08ebd586efdfcd54203a190b82f packages/verity/tests/ml/fixtures/gemm-B1-b3eba618b1b5-20260907T1731Z/gate_up_proj_prefill_0/out_row.u16
100644 44ce7fa38cf00bc66e13f5d2c99a4e65a7a2bedf packages/verity/tests/ml/test_total.py
100644 44d3f1ca8b148defa2ddbfeb550a65e7646aed16 integrations/vllm/workloads/workload_b1_sampling_temp07.json
100644 44f76a6961333cc11c77429d12963ccffb283f22 integrations/vllm/tests/tp/test_tp2_match_provenance_digests.py
100644 4509ccae341d517c493f4de42449827c13b2af22 integrations/vllm/data/contract/ck-elem/argmax_rule/rec-p1-b0.json
100644 450f4762ede635448989905a3a4fae52bce084e2 fixtures/bench-instances/v1/seeds/lm_head_prefill_1/fixture.json
100644 450f4762ede635448989905a3a4fae52bce084e2 packages/verity/tests/ml/fixtures/gemm-B1-b3eba618b1b5-20260907T1731Z/lm_head_prefill_1/fixture.json
100644 453593c072dbd8a636f2f2d693d9ca00eca3ce84 integrations/vllm/verity_vllm/program/numerics/rms_triton_model.py
100644 4554cef25f02536f28fd6c22edc3c09fcc9ce002 integrations/vllm/workloads/llama32-1b__bf16__l40s__tp2__b8__i1024__o128__mixed__greedy__bi-eager.json
100644 45f1071dce493eebe50a1ecb57b79ac3d61e8fe4 backends/gkr/fixtures/v2_synth/epilogue.txt
100644 45f1071dce493eebe50a1ecb57b79ac3d61e8fe4 fixtures/redteam-v2/gkr/epilogue.txt
100644 45f1071dce493eebe50a1ecb57b79ac3d61e8fe4 fixtures/redteam-v2/gkr/neg/b1_honest/epilogue.txt
100644 45f1071dce493eebe50a1ecb57b79ac3d61e8fe4 fixtures/redteam-v2/gkr/neg/b1_wrong_word/epilogue.txt
100644 45f1071dce493eebe50a1ecb57b79ac3d61e8fe4 fixtures/redteam-v2/gkr/neg/chain_spec_stripped/epilogue.txt
100644 45f1071dce493eebe50a1ecb57b79ac3d61e8fe4 fixtures/redteam-v2/gkr/neg/epilogue_one_zero/epilogue.txt
100644 45f1071dce493eebe50a1ecb57b79ac3d61e8fe4 fixtures/redteam-v2/gkr/neg/epilogue_ovf_flip/epilogue.txt
100644 45f1071dce493eebe50a1ecb57b79ac3d61e8fe4 fixtures/redteam-v2/gkr/neg/epilogue_wrong_unit/epilogue.txt
100644 45f1071dce493eebe50a1ecb57b79ac3d61e8fe4 fixtures/redteam-v2/gkr/neg/honest/epilogue.txt
100644 45f1071dce493eebe50a1ecb57b79ac3d61e8fe4 fixtures/redteam-v2/gkr/neg/swap_vu_epilogues/epilogue.txt
100644 45f1071dce493eebe50a1ecb57b79ac3d61e8fe4 fixtures/redteam-v2/gkr/neg/unit0_noninitial_state/epilogue.txt
100644 464eae6adcdce6dd1074322f34c82764b475ec3d integrations/vllm/docs/data/ref-prims/I64ToI32_v1-i32.json
100644 468880a3d2a05b2c135b5d0357e19430948ca861 packages/verity/tests/ml/fixtures/golden/ada_e4m3_m16n8k32.json
100644 46966e277e3c63840c29454dca6512970d06d8e4 tools/research/src/research/pods/connect.py
100644 46b1e177f05d79ac04860300b3d84c7734b847e5 backends/numerical/tests/bench/test_ledger.py
100644 46e8fa5b5783057c9daf846f07717cc6dfccf40c integrations/vllm/workloads/qwen25-15b__bf16__l40s__tp2__b8__i1024__o128__mixed__greedy__bi-eager.json
100644 46e952ee7d0d622f57b27081e2fdcfee83975d36 backends/direct/ligero/live_test.py
100644 46f5d4afa81474b398f7e8c565b7ed0b3083a9e4 backends/numerical/python/verity_numerical/redteam/logup_union.py
100644 4704ea0d6ca438fcac5999810e492d4a171b05a3 backends/direct/vendor/p3-baby-bear/src/extension.rs
100644 4710dea4b22b8ca219150c026206119e517a4778 integrations/vllm/tests/harness/test_coverage_workloads.py
100644 47235210e607b31bab9345c50e76d8f9c328f542 backends/direct/vendor/p3-baby-bear/Cargo.toml
100644 47450ae5a5c621675a83762e508d9d593f5a8168 fixtures/typed-obligation-v0/accept--tc-nonfinite-operand.json
100644 475e27e33a59c97a207e8ba8aa7af589b011c648 integrations/vllm/verity_vllm/program/registry/quarantine/dense/gelu_tanh_mul_bf16.py
100644 476174614c070b8130194034ac11618d61668786 integrations/vllm/verity_vllm/program/numerics/tables/W11C-40f0cebeb670-20260907T1900Z/mufu_rsq_delta_int8.xz
100644 47752f5f7eb509ca97f308f86ac073a73514563f integrations/vllm/tests/tp/fixtures/tp2/tp2_body.summary.json
100644 47873d1ad522e0160761cb092f85089750929a2c backends/direct/ligero/commit_gpu_test.py
100644 4790df2f8a02568fbf5a6b5d38950e5a746a4d29 integrations/vllm/data/census/scaling/lp16_s8.json
100644 479776ad99c7d57cc7e16a4c5e819adf4a8e0edc integrations/vllm/tests/check/test_twins.py
100644 479accb998584535dcc78c73c22b5b6e29052b98 backends/numerical/python/verity_numerical/bench/ledger.py
100644 479bb5bf728f4f98ed7cd27b7df3321aba59b799 backends/ligero-verify/fixtures/manifests/forged_interactive_zk.manifest.json
100644 47ae72304a42bb4ff468bd383374f015bda85d43 fixtures/typed-obligation-v0/stage2--qkv-proj-decode-0-k1536.json
100644 47c9c694098cfc5b956b1882c31116a9ad505c44 tools/research/tests/test_pods_guard.py
100644 47d3de22b47b268d52dd778e133616f49b1710c5 backends/ligero-verify/fixtures/fp8-ada-hash/system.bin
100644 47ebbffc02ddfa0dcadff41908a38710aa52edbf backends/gkr/fixtures/babybear/vu_synth/public.bin
100644 47ebbffc02ddfa0dcadff41908a38710aa52edbf backends/gkr/fixtures/v2_synth/public.bin
100644 47ebbffc02ddfa0dcadff41908a38710aa52edbf backends/gkr/fixtures/vu_synth/public.bin
100644 47ed78882a483342e6de73d9b5dd429c651b961b integrations/vllm/verity_vllm/program/registry/moe.py
100644 4846d9b4096b691a92fcd950f4e7e0f0d27d5a04 packages/verity/tests/ml/fixtures/gemm-B1-b3eba618b1b5-20260907T1731Z/gate_up_proj_decode_2/out_row.u16
100644 48474b9609ca36439f5d299da87cc29f6754f406 integrations/vllm/data/census/census_frontier_a_prime.json
100644 485470435b60608303081dbc4d5d8181535155e3 packages/verity/tests/commitments/test_multiproof.py
100644 48a1c78e927307b993e7feed2ef4cfe37197d58d integrations/vllm/verity_vllm/acquire/gate.py
100644 48a4a74b78bcd3058225af4293143e066cab868e backends/gkr/tensor/fused/reprice.py
100644 48a7f8fb5426fb66a53b20d8b1f393cc78a1e8c8 integrations/vllm/tests/program/test_lifted_moe.py
100644 48c461c5e0b30d5cc62e5c718d0cd3ab32ee4e01 integrations/vllm/workloads/qwen25-15b__bf16__l40s__tp1__b128__i1024__o128__mixed__greedy__bi-eager.json
100644 48cfdc298273d40e216951799fc085b83469e140 backends/direct/encode/reprice_measured.py
100644 48de4f2c59cabd443325c2799d8e966517a8639a backends/shared/anchor_a100/results/packed/stdout.log
100644 48e04db3009cf16341691d063d0b5ad0a5ccfe1d integrations/vllm/tests/query/gate/row60_mistral-7b_b8.json
100644 49100bc04afa9def24243fc4b51f3cb6e64d6ebd tools/research/tests/test_undeclared_derivation.py
100644 492da2c04c66341d325f540e0660ddeea153899e backends/numerical/reports/ledger/a-protocol-diff.jsonl
100644 494f1cf2e4dfc03525ad1f8070eba6fea42b8bc7 packages/verity/tests/ml/test_codec_ml.py
100644 4952c8389a837c5c24bcd5bb365b3017cba0dd3a backends/shared/hash_gpu/poseidon2_ref.py
100644 497fa67d03ab48cb647ad76aad6940d0414807de integrations/vllm/tests/program/test_sampling_policy.py
100644 49b57c07312f5df9e6610df0a9c8e395a4640917 fixtures/bench-instances/v1/vu-k1536-neg.index.json
100644 49be1f9d93bd44452e48fdcd4543c00a7f1be370 integrations/vllm/tests/regression/expected/olmoe-1b-7b__bf16__l40s__tp1__b32__i1024__o128__mixed__greedy__bi-eager.json
100644 49c39da5895b070fca31ae365e0fb8162e18f181 backends/direct/ligero/fp4/witness.py
100644 49cac5a2e58f599d89fd74bc3d055a90a275c5c0 backends/gkr/gpu/gkr.py
100644 49d85dee74ab04568f17996fe1f91e7259c751bb backends/direct/tools/battery_adapter.py
100644 49efe61afd02eb6b2b7ec65e9c35b1e14b619c32 integrations/vllm/verity_vllm/observe/profiles/expected/derived_TINYLLAMA.json
100644 4a328ef472483d87817e6e3953cd1f013da29486 integrations/vllm/tests/regression/resolver.py
100644 4a3a024b50272f1a757ce684f5849bd7514e583e backends/direct/encode/results_lintest_r20260922-071843-ac9a.json
100644 4a789d8071f51f7326b390be98faf0bb2fd51607 integrations/vllm/verity_vllm/acquire/plan.py
100644 4a83d20ff08b48da248e75e62a98b8edfa341c1d integrations/vllm/tests/commit/fa2_prototype/fixtures/p0/p0_1x160_h1kv1.npz
100644 4ad9ecfe5de1df30a921980e58c98cd43dfbec74 fixtures/typed-obligation-v0/identity--input-inside-vu-rejects.json
100644 4afb7a725623a5031867ca1bd741fecb8c5c39f1 backends/ligero-verify/fixtures/rust_verdicts/small_interactive_plain.json
100644 4afcc2986ac2235a9a1a8431f63cf321ad89855e integrations/vllm/tests/regression/checks/program_digest.py
100644 4b2f32e3b6a336de4fc9c802dce4ad4e016a186d fixtures/bench-instances/v1/vu-k1536-neg.y.u16
100644 4b3a0a6281efeb17041e76a02d283ed2560bc473 backends/gkr/tensor/tests/test_reference_agreement.py
100644 4b4aa35f8bac3beba17ac6c1a7f418a7ab981774 integrations/vllm/workloads/smollm2-135m__bf16__a100__tp1__b1__i256__o32__mixed__greedy__bi-eager.json
100644 4b56d244d70714db48946cc76fd4f6a6eac222c6 fixtures/redteam-3/logup-union/cross_table/x_in_TB_not_TA.bin
100644 4b81269b26379cbe6a4416dadc1925fbbe3bab76 backends/gkr/tensor/sumcheck_int8.py
100644 4b902c6b93b37411a942fb65793c59cf1927b085 integrations/vllm/tests/program/data/fp8_saved_operands.npz
100644 4bb03d7260057f7825f7895dc36f36c5143f6781 integrations/vllm/tests/check/test_commit_verdict_replay_seed_of_record.py
100644 4bc12670e0b6d57146533df1ed49758c70234d79 integrations/vllm/workloads/workload_b0_sampling_temp07.json
100644 4bcc968440b895859bfd108deb90376dea4798d2 integrations/vllm/tests/program/test_profile_descriptor.py
100644 4bd8fba823664f1e6c5f390296c020f84ca249f6 backends/numerical/python/verity_numerical/checker/sweep.py
100644 4bfe0087199a85433e987c5573a22bd7cba40afa backends/direct/ligero/hints_fused_test.py
100644 4c10c47062a22a772de068689d4029f6e20fb06a backends/gkr/fixtures/negatives/state_out.claim_nonzero.bin
100644 4c1a95e3a7ad24383aa17380af19307a0fd1100d backends/direct/encode/V2_SHAPE.md
100644 4c52b437c40fbcca47ee76eecda3028c450e29b2 fixtures/redteam/babybear-battery/v1/chain-ee58639e62.json
100644 4c5f2819100b36c573d8caf7e0292e8d6c839fe1 fixtures/tc/vectors/nvfp4-sm120-mma-k64.json
100644 4c667a40add332b03434f9aaa37a008f83299800 integrations/vllm/data/rec/p1-b0-lp32s15-parts/p1-b0-lp32s15-merged-p1b.json
100644 4c75ebffa1a2bdd8c431be60e8237bdfe1c8c78e backends/direct/ligero/reverify_test.py
100644 4c82fcb7e012889afcf66b74ad998eaae43d2fdb integrations/vllm/tests/check/test_committed_store_aliases.py
100644 4c999c4936fa932f38da39754b0f792f9dc3a8ab fixtures/redteam/babybear-battery/v1/wrap-8e26824c9e.json
100644 4cab43ba9b1ea72e028948103da4e253db1d7585 integrations/vllm/data/rec/p1-b0-lp32s15-parts/slow-test-dense-vs-compact.log.gz
100644 4cb1375a6fac6282a4104c287db96d9bea520ba5 backends/direct/src/statement.rs
100644 4cc62955f13f3ea15e29e9c6afa55dda422f2d9e backends/direct/ligero/redteam_binding.py
100644 4ccd4d3db98c32d3fe65f38005f5381bf0d9c363 packages/verity/tests/ml/test_relation.py
100644 4ccdc1c50209aa05a247c9d17f4e9b544eb58498 backends/direct/ligero/redteam/__init__.py
100644 4cf2029c17a9cd85b8887ecf214cfe8cb208b12c backends/numerical/python/verity_numerical/checker/v2/step.py
100644 4cfe64565ae19befdca9d5ad4c295a4052e25458 integrations/vllm/verity_vllm/observe/profiles/hf_configs/GEMMA2_2B.config.json
100644 4cff00cda9c6e355fbeff7dea80d683298da6280 integrations/vllm/verity_vllm/program/frontend/liveness.py
100644 4d05f7e503ce812652e063e2f8e95b25334dddab integrations/vllm/verity_vllm/acquire/fa2_tap_src/apply_v8.py
100644 4d17acaf1c809bc430a910607592df95bc334f4f integrations/vllm/verity_vllm/observe/profiles/expected/derived_B1_tp2.json
100644 4d26c9039882f4e3ac968f8fcac3548c198b3f5c backends/direct/vendor/p3-baby-bear/Cargo.lock
100644 4d2cc29061831f9689fb851a28e2a9e0ee186695 packages/verity/tests/ml/fixtures/gemm-B1-b3eba618b1b5-20260907T1731Z/down_proj_prefill_1/x.u16
100644 4d3db66c06ce35b13469a2195c0ac2c370026945 fixtures/typed-obligation-v0/accept--input-gate-corrupted.json
100644 4d4787e00dff038502dc493225e1e18e096161c0 backends/gkr/fixtures/negatives/output.plus_one.bin
100644 4d4f384cadbe971a1d97bea1ce364840e7be9387 backends/numerical/python/verity_numerical/bench/store_tables.py
100644 4d5784f7fe5261623f80ea099c250bedf7fbd558 fixtures/typed-obligation-v0/reject--out-unsorted.json
100644 4d821a3f57ca75bc37731c99d870d0de8c410bfd fixtures/typed-obligation-v0/reject--format-wrong-format.json
100644 4dde6ea02ab4df7c12bbfbd2c0400c1886b00931 integrations/vllm/tests/program/test_moe_pad_stage2.py
100644 4df85af99e57e96b6d8986529ae56226b4a244fe benchmarks/dot_product/baselines.json
100644 4e01c45edc367ea407e643781c73be13e8253c0a tools/research/src/research/mem.py
100644 4e335155a4f67bfcb5c40c2b1958de881abdad57 backends/direct/ligero/redteam/zk2_run.py
100644 4e3e0680c0c507330a76fda8d1500e182f9994bb fixtures/typed-obligation-v0/accept--input-gate-unsampled.json
100644 4e771d2014db1c290e5431e983e431120d901989 backends/ligero-verify/fixtures/systems/bf16-ampere-v3x4.system.bin
100644 4e8502c949ed50ee6a614ce8e09fe5fc3a632b9e backends/sp1/common/src/kernel/mod.rs
100644 4e8c0882ba492930ae4c62b7438ffd58d720a9e6 integrations/vllm/verity_vllm/check/compiled_value_check.py
100644 4e9b723d8feb8118d0c155eadebfff6c74df45b4 tools/research/src/research/store/canon.py
100644 4ea05f1bc289d48ba9b92eea2f58ad8acd3dce5d integrations/vllm/verity_vllm/observe/profiles/hf_configs/TINYLLAMA.config.json
100644 4ea2ae7f14692eaec0b5f7ab467bdb47169bff66 integrations/vllm/tests/program/test_derived_rows.py
100644 4edf75c3cac2bc2e20de5f9b25dbd711dc9e74f9 fixtures/redteam/babybear-battery/v1/wrap-484a7233a1.json
100644 4f198b293aed298c586e5e4696ad70e3ebb23d61 backends/numerical/reports/ledger/a-fused.jsonl
100644 4f1a8294fbaeecdfee42c0a54746eba7b4b197b6 backends/direct/ligero/pipeline_race_test.py
100644 4f532fe50cfd020c9e4b5ee8e627d575e978b09f integrations/vllm/tests/commit/synthetic.py
100644 4f5b1d3e21d623d399284293068d8737944aa79d backends/direct/ligero/leaf/fixtures.py
100644 4f5df1cf4dcc49388011f680700c62603dc574ed backends/ligero-verify/fixtures/fp8-ada-ajtai-n64/manifest.json
100644 4fb10cb23aae17f08337f90cec65682820132959 fixtures/typed-obligation-v0/identity--mut--format-projection-unknown-key.json
100644 4fb260fdeb28543f70846300dcae9fbd4f92222f integrations/vllm/tests/observe/test_execution_label.py
100644 4fe44d3a9d4cda1a673b39024368880649c0eb09 integrations/vllm/tests/program/test_lowering.py
100644 5067d2f89f9fcff037b62782d770f4517de89c7e fixtures/redteam/babybear-battery/v1/wrap-0caf1c328f.json
100644 506b98f36fe03e0327dce07becd92eafbf06f3c6 tools/research/tests/test_remote_cwd.py
100644 5071532d0287e356aad17e8a190ff06ebce005a3 integrations/vllm/verity_vllm/query/manifest/verify.py
100644 5074479eb5a933217d646e911d57cb62275dcfd6 fixtures/redteam/babybear-battery/v1/z3-35e638a7c3.json
100644 507dc85adfbdbea6c29c5664ed2568133e2de182 integrations/vllm/workloads/qwen25-15b__bf16__a100__tp1__b1__i1024__o128__mixed__greedy__bi-eager.json
100644 50c7d21d07c20dc6ecf19d4703a441abe3ef3834 integrations/vllm/verity_vllm/program/frontend/rules/ref_kinds.py
100644 50ca7e4fad042c347a4b812da36faf1832c26af3 backends/numerical/python/verity_numerical/security/__init__.py
100644 50db5c7ee8996804c371948ec1817392f8ef439c integrations/vllm/data/rec/p1-b0-lp32s15-parts/gaps-p1b2.json
100644 50ddbc7126115e5bef42fb790ba813fedeb9f00c integrations/vllm/workloads/workload_b0_prefix64_2req.json
100644 51280bca81d45b0df87529de9a6acc1e369c16e9 tools/research/src/research/store/remote_s3.py
100644 5135746149d6de1d8dff62f114752f0862f58671 integrations/vllm/workloads/olmoe-1b-7b__bf16__l40s__tp2__b8__i1024__o128__mixed__greedy__bi-eager.json
100644 5147fac7c51c17e821c51efa86b1d1f492d42830 tools/research/src/research/store/vocab_check.py
100644 514cfe3881130379ac2f6ce4bb22aa2f304273f1 fixtures/typed-obligation-v0/reject--identity-conflict-leaf.json
100644 516fd11434c0f0805f09755cc7226d4270fd3f7b backends/gkr/fixtures/babybear-transcripts/README.md
100644 517fdbaaea3dd8e94d45ffe9ef349f4dcb6dc59b backends/gkr/packed/bench_fused.py
100644 51914ddec7d6f366b22754ae2bd5183e4e4bb892 fixtures/typed-obligation-v0/reject--dangling-root.json
100644 51971b0bfff70fd1c444629a1d4dd072cc191569 backends/sp1/common/tests/plan.rs
100644 5209ed20d14e072fde1248dc2b2bb8b8aa99e673 backends/gkr/fixtures/negatives/product.claim_zero.bin
100644 522d3098fa5d8dbabea1e682747bb27cff58bf58 backends/direct/ligero/v2/protocol.py
100644 5245ab4105c23b13bb382b6164219fee749032d8 backends/direct/vendor/p3-baby-bear/src/x86_64_avx2/poseidon2.rs
100644 5269431f834519978cb2080a41ef104dc46b70c9 fixtures/typed-obligation-v0/identity--mut--projection-length.json
100644 528b4bb7ff91a23a846793477ff1b946ee25ce28 benchmarks/dot_product/vector_run.py
100644 528e1694831304583dc772c2c96997bc565aebab backends/gkr/gpu/logup_packed.py
100644 52a315c6b4b6dfdc61edf24f00639094cd32ae12 backends/gkr/packed/tests/test_kernel_agreement.py
100644 52d0c652ad0ab68a0350a638b3108ca80cd5ccd5 backends/shared/anchor_a100/results/runs.json
100644 5308b5bd79133c104386eb1a03a7a6399e9515c3 integrations/vllm/verity_vllm/program/registry/gemm_targets.py
100644 5320e820816f98e2b8b065eb2951cb4020768feb backends/numerical/reports/ledger/b-verifier-2.jsonl
100644 532250f9bb65d5971ae6213c67c9db4c5528bbca backends/direct/ligero/fp4/census.py
100644 5385e98939f091bdc2f3d5d2aa83c3cf4d9f23ef backends/gkr/fixtures/babybear-transcripts/replay.py
100644 53bc562d20b113c1c399ef2dce036e0969de070b integrations/vllm/tests/regression/checks/stoch_value.py
100644 53ce2e2e523abd45731977016245b46462fa3380 fixtures/redteam/babybear-battery/v1/wrap-6754c9b543.json
100644 53d3140a90b4b39f252162cafd7034b3db040cf3 integrations/vllm/tests/commit/fa2_prototype/fixture.py
100644 53d74a43e35b817b1be0f4a9efacd19c565fd2b7 integrations/vllm/data/contract/a56-coverage/gpu/head/manifest.json
100644 53d8fa1a7767f96d9469bdd772ced7731114d500 fixtures/typed-obligation-v0/identity--input-inside-vu-product-rejects.json
100644 53e147a24a92b7e6d0b6c3c8928a8978d43588d2 backends/direct/ligero/tests_bench.py
100644 53e8564c77d27beb086996d17f002db05cc9f78c backends/gkr/fixtures/babybear/vu_synth/negatives/public_wrong_word.bin
100644 53e8564c77d27beb086996d17f002db05cc9f78c backends/gkr/fixtures/v2_synth/negatives/public_wrong_word.bin
100644 53e8564c77d27beb086996d17f002db05cc9f78c backends/gkr/fixtures/vu_synth/negatives/public_wrong_word.bin
100644 54076863b593630b4f297d0ba97c67fc031116ea fixtures/bench-instances/v1/seeds/o_proj_prefill_1/w_row.u16
100644 54076863b593630b4f297d0ba97c67fc031116ea packages/verity/tests/ml/fixtures/gemm-B1-b3eba618b1b5-20260907T1731Z/o_proj_prefill_1/w_row.u16
100644 5437712c94a180e7bf80d517c171a075b0433947 backends/numerical/tests/reference/hawkeye_harness.cpp
100644 549782daa6b6d180cd4d047c2b9ca9f60b0f6fa4 backends/direct/vendor/p3-baby-bear/.cargo_vcs_info.json
100644 54c1138da4ff4da0a40af672457a41e8250e50df backends/direct/ligero/redteam/leaf2_share_pair.py
100644 54c1ace9e44926475b4f765de596b52c0388612c integrations/vllm/tests/commit/fa2_prototype/fixtures/p0/p0_64x128_h1kv1.npz
100644 54cdf183aa5728e311565f6cddc69070f352e79e integrations/vllm/data/census/census_small_6500x1600.json
100644 54d80c12dc3e50c09ba13da1ec5e4454a23d62d7 packages/verity/tests/ml/fixtures/gemm-B1-b3eba618b1b5-20260907T1731Z/down_proj_decode_1/w_row.u16
100644 54e7c44483699385cf352e260dc94d459fa2abc1 integrations/vllm/tests/program/test_composition.py
100644 54eaad4140738138805c029555d6d456aa585a9e integrations/vllm/verity_vllm/observe/arrivals.py
100644 54f3f0828872b784ca2795f9c7b2c7ab4def1263 fixtures/typed-obligation-v0/reject--boundary-shape-in.json
100644 55067b6587f1c1d22c39a56e4a9af3b6c73e715c integrations/vllm/tests/harness/test_target_family.py
100644 55f93daa76378025702fd3b6b6fa903118101ac8 backends/direct/encode/results_inverse_r20260922-080235-765c.json
100644 5606c5dbaaf048b2df374e71efa8738e8bc877bc integrations/vllm/tests/program/data/topp_split_fixture/fstoch01_rows.npz
100644 560818929113257d60465f7859f1f1362f9d9a0e backends/direct/ligero/redteam/leaf3_g1_rust_only.py
100644 56121a5dd09c9a581e4e93a4e225ca9d393427c8 backends/numerical/python/verity_numerical/checker/params.py
100644 5612725c9782b09e57e359265f29e97148fad54b integrations/vllm/verity_vllm/harness/experiment.py
100644 56611782e6f972e2236d89e4baae239d6e652a3e fixtures/typed-obligation-v0/accept--repeated-copies.json
100644 5676ee037cd03eeb43a11c53a28a0079ec944cc9 backends/direct/ligero/serialize.py
100644 568b7f0a05fd558a181c823f2a199f74a35797bb tools/research/src/research/telemetry/fixtures/writer.py
100644 56a06a21fb28a3e6e237fae0453dc6962b77205a integrations/vllm/workloads/workload_b1_sampling_noseed.json
100644 56c6c2073ea25e618f26fb684889ffc15aac5035 packages/verity/tests/ml/test_cast.py
100644 56dada6ef9f7a16865db279ca76eef942d866252 tools/research/src/research/telemetry/__main__.py
100644 56f2dcaba6eb3d0260dc37047e91d8f39d395908 backends/direct/src/lib.rs
100644 57068fb292fda0ae319ca58341d3538b60abd4ef fixtures/typed-obligation-v0/reject--backend-source-as-gate.json
100644 570dfa85412cbbc0c2181dd85874ce574299297e integrations/vllm/verity_vllm/correspondence/__init__.py
100644 572e71c7141e5075b14cfb582e8339dc10503d64 fixtures/bench-instances/v1/README.md
100644 574c8b8e53f50335f8843cd35dc07a88a3b52fac backends/direct/V2_AIR.md
100644 57826232d7be6bf055d64061d6363060f05c6758 backends/gkr/gpu/__init__.py
100644 579343d24b40f785d6eedce694b8984be12fe1d5 backends/numerical/python/verity_numerical/bench/decision_tables.py
100644 57955de5b506d0b33bc746e44f6dc6de9b5bf3ff fixtures/typed-obligation-v0/reject--format-legacy-programs.json
100644 57a01d1b8cdd497d8e525fd9d0f32cfb5e85c6f9 integrations/vllm/tests/tp/test_tp_partial_match_oracle.py
100644 57a4296b41e3885d4c17a8de8f9dda1a2cae5853 backends/direct/ligero/fold_test.py
100644 57a9016cfc75ba00610e7ab77a67b33e3b3f39d8 fixtures/redteam/babybear-battery/v1/wrap-380cde6f87.json
100644 57b90d063887fae6db6a650ffcf5b5d4081ec3e9 backends/shared/anchor_a100/results/wave2_gkr/packed26/result.json
100644 57c647e47f2c61bb7661019f2b6568520a426608 backends/numerical/reports/ledger/a-v2.jsonl
100644 57d1685cab8df3a77b9df65ae3389cfa1d229c30 backends/gkr/README.md
100644 57da162e09c6a38c6b5e2a54aee433113a9544bb integrations/vllm/tests/check/test_oracle_compare_promoted_key.py
100644 57dbd5a31cddbb72e351a1e3a8777f2a5f1d321b integrations/vllm/tests/regression/expected/smollm2-135m__bf16__l40s__tp1__b16__i1024__o128__mixed__greedy__bi-eager.json
100644 57efa7a730da4f2cfaf9002af26f9274455211fd integrations/vllm/workloads/qwen25-15b__bf16__l40s__tp1__b1__i256__o32__mixed__greedy__bi-eager.json
100644 5810f203ad3de4d4b307728974ec8b8429d5b385 integrations/vllm/verity_vllm/program/numerics/__init__.py
100644 582dd24bc5b6d5fbb511b7a7be680fef9ec59bcc integrations/vllm/tests/test_imports_resolve.py
100644 584de72784c5554fbcc7d86f0220a96b61db02cb fixtures/typed-obligation-v0/identity--mut--operand-order-commutative.json
100644 584fd36d7f437ca24d18aea32eb04a07868c16cb backends/gkr/verifier/src/field.rs
100644 5859fb542fbe96baa166bb438329e3390b14fae8 backends/gkr/fixtures/babybear/negatives/leading_bit.zero_claims_bit.bin
100644 587464e6c7726a6df9e11f540a47ec9517eb99ce tools/research/src/research/pythonpath.py
100644 587dbeca9fb37a87abf8663151b3324afb59664f integrations/vllm/tests/program/test_lifted_r17.py
100644 58b325e4e2fc13236d246b404c472a5391ebfb78 integrations/vllm/tests/program/test_derive_negative.py
100644 58dd191b6c2f22b2a3ba620f185ec02e7820f931 backends/ligero-verify/fixtures/steps-pin/fp8-ada-ajtai-n64-steps32/sub_00.stmt
100644 58e784fe831c3becbb2c1a5ce37f5b890e4eaa98 backends/direct/ligero/compile.py
100644 5919a5af03223f7883aa1ab514ead0444f91147c backends/numerical/reports/ledger/a-verifier.jsonl
100644 592e123af999bc3f119a5a6fe25b98950c560887 integrations/vllm/manifests/semantic-profiles/llama-eager-batch-invariant-v1.json
100644 594847e45c79d7da27b4f3672cbf6a7784604500 integrations/vllm/tests/tp/test_tp2_commit_query_population.py
100644 594bdeedd32388c7792cd334b51319f723c3bd0e integrations/vllm/tests/tp/test_tp2_request_program_dirs.py
100644 595e3dd0164cf06b5dd840e7c319e7c08cbd742d fixtures/redteam-3/manifest.json
100644 595ff9dcf31bba1246961e49af7604b4adde8dbb backends/gkr/packed/logup_graph_bench.py
100644 5963f889afacfb8868c82b312133f24e6132b8ea fixtures/redteam/babybear-battery/v1/wrap-368e576e9c.json
100644 59883f950a6d8957dc96200f47f5f03827e1ee5d integrations/vllm/verity_vllm/commit/padding_steps.py
100644 59cf4da4e2c6b16c5848b50256f7eb0b86bac3fe backends/numerical/reports/b_measured_4090.json
100644 59d5d4f4fd3d712355bdb7efad21054dcc273336 fixtures/typed-obligation-v0/accept--tc-store-cast-nan-sw-rejects-hw-word.json
100644 59d8144a0a105da72ab97265cbf392b947a8d953 backends/ligero-verify/fixtures/systems/bf16-hopper-v2.system.bin
100644 59fde8c0a6d2dbd63c06d2362295728178f50f0a tools/research/tests/test_record_result.py
100644 5a0345c330aeecc47545a6c06e73502b861c1941 integrations/vllm/tests/tp/test_tp2_match_sites.py
100644 5a0cb45eaadecbb589f75732cafef05365e5f8d9 integrations/vllm/verity_vllm/acquire/native_gather.cu
100644 5a1b2dccb00dd1d9d7248a937d1e20df974bd2b0 backends/direct/ligero/fp4/hints_device.py
100644 5a2d8ab8e9af7fbed3bf03f60d28ced6773e2a1a backends/gkr/packed/logup_bench.py
100644 5a3b11ac9b3365b441d8766bd6536060664ee53a integrations/vllm/workloads/workload_b0_sampling_2req_seeds.json
100644 5a444b0fbff430807ef04d5346bfdd1e6113d765 backends/gkr/packed/results/r20260922-073439-1f15/logup_bench.json
100644 5a48c3f9e19f502bb69c34501ff86502c90789b3 integrations/vllm/verity_vllm/program/registry/conformance.py
100644 5a74dd02da582615d9dc5d772a0589b81344ed82 tools/research/store.pod.toml
100644 5a9743a15e7afcf379f82016c5bc8ac52c1c1685 backends/gkr/tensor/fused/README.md
100644 5a99f1f1d0ea357c8b1aed3495c253e1c82c5681 packages/verity/src/verity/ml/tc/instructions.py
100644 5aa697cd2cc7a3c42ad05ee49bb0b5c1dcfcbbce backends/shared/hash_gpu/poseidon2_cuda.py
100644 5ac4e2909f381ae4a3f28763869804ca87f66322 integrations/vllm/verity_vllm/check/twins.py
100644 5ad3c6308123c01929d492e99380ed46ae3dc273 integrations/vllm/workloads/llama32-1b__bf16__h100__tp1__b8__i1024__o128__mixed__greedy__bi-compiled.json
100644 5ae57982e1740adf91a4e5a1b2b0f0b2205b593f backends/sp1/common/tests/packed.rs
100644 5aeedd2056eac579d1511afc3219f0116c3616dc backends/sp1/guest/src/main.rs
100644 5af61b451738d93be41edccb226fa0f18604f5ef integrations/vllm/tests/program/test_spec.py
100644 5b012b255277e417abac891a5fe4ea341aab4a22 integrations/vllm/tests/check/test_provenance.py
100644 5b067913ee786a82033084f18c903267bfcc6330 fixtures/proof-format-v3/README.md
100644 5b24ad70ce5d78b1fe5d7324460050eff15baa7e backends/ligero-verify/fixtures/steps-pin/bf16-hopper-ajtai-n128-collide-Q/sub_00.stmt
100644 5b552bb8d254a994f8cea5dd85ee5e7d0c9ce6bc integrations/vllm/verity_vllm/program/frontend/vllm_meta.py
100644 5b57d05d5c5604a51f3da8d9c8319dd4f897ca41 backends/numerical/python/verity_numerical/gkr_export/__init__.py
100644 5b5b8cb0b430dd807fc2b6b2bd906f0d35096916 integrations/vllm/workloads/qwen25-15b__bf16__l40s__tp1__b8__i1024__o128__mixed__greedy__bi-eager.json
100644 5b9c84d24f52b34d3ae298cfed2c6cebb9b1fedd backends/gkr/fixtures/babybear/negatives/normalise.m_plus_one_wide.bin
100644 5ba17bd0d800222528500885d679ffdf9abb4265 backends/direct/ligero/relations.py
100644 5bb38c5e2588dc4c82ecdeacdecf32357bd23838 backends/direct/src/main.rs
100644 5bce79fc0315ec32d4b16e9d9aeec0220fa700ef backends/gkr/fixtures/babybear/negatives/pack.hidden_only.bin
100644 5be664ef1b95c892a2be09208a9c0ad8a562c106 backends/ligero-verify/fixtures/rust_verdicts/time_interactive_zk_1T.json
100644 5bfd24bdc2ddd2033ec59fa28a08514bfa8b06a5 integrations/vllm/data/census/census_frontier.json
100644 5c291dffc7eb86c40f2e35177d6cbc2122c9aba2 integrations/vllm/verity_vllm/program/registry/quarantine/dense/mul_vec_f32.py
100644 5c2a77190b2dba0ee96d78740531805b4bc20965 integrations/vllm/verity_vllm/program/numerics/cpp/rms_triton_model.cpp
100644 5c7c8fbd9b8dc0c92612b4d7025f019b804497df integrations/vllm/tests/commit/test_commit_fail_closed.py
100644 5cb5a304981c3bb367a6e5032bd8534b78678196 integrations/vllm/tests/by_name_allowlist.json
100644 5cb602aeb71ad276cd7e3ed0e207f76a340273a6 backends/numerical/tests/checker/conftest.py
100644 5ce2f0846d0f18e7b18a806068c81cb99431206d backends/ligero-verify/fixtures/systems/bf16-hopper-v3x4.system.bin
100644 5cee81df4e4ef21c5ca9b1d5bd9264ca6f507806 backends/gkr/packed/results/r20260922-065412-73be/bench.json
100644 5cfd12d8d2b89f005ca2cb7a5e31b86b4bbe9cdf integrations/vllm/tests/correspondence/test_runtime_correspondence.py
100644 5d39bb4498953b08f16f99aa56c1b7b595206fc7 integrations/vllm/tests/check/test_sampled_replay_fp8.py
100644 5d59b26f70aefdf597907db7d12f803ae9906634 tools/research/src/research/remote.py
100644 5d5c7b03425d357e33ec11223cf7789c09162a0c integrations/vllm/verity_vllm/tp/collective_pattern.py
100644 5d724e0e736220fb89740f24bbf116f3b8a2dc13 backends/numerical/python/verity_numerical/explore/pcs.py
100644 5dcc5f42df64100cf95cbddb751c68cbbf468dc3 backends/sp1/check-model/src/lib.rs
100644 5deaecc3fb7c2f28739c3516703e61c7354742c4 integrations/vllm/verity_vllm/check/verdict.py
100644 5df0b4a6dbbe4f3837bad0c722eee0d88ac10d3f backends/ligero-verify/fixtures/rust_verdicts/small_interactive_plain_127.5.json
100644 5df33bb3f89855239fde05ebbb36003e75eaef11 integrations/vllm/tests/regression/expected/olmoe-1b-7b__bf16__l40s__tp1__b32__i1024__o128__mixed-arrivals__greedy__bi-eager.json
100644 5df9e0066447af46be407e104157dd130fdef8da backends/gkr/fixtures/negatives/fp32.sign_flip.bin
100644 5e02b49ca835b1642b16343104b534be71c18672 fixtures/bench-instances/v1/seeds/lm_head_decode_0/x.u16
100644 5e02b49ca835b1642b16343104b534be71c18672 packages/verity/tests/ml/fixtures/gemm-B1-b3eba618b1b5-20260907T1731Z/lm_head_decode_0/x.u16
100644 5e08fbc8b5ea52826f201f2e28003b8ee98862cb integrations/vllm/tests/check/test_stoch_draw_ledger.py
100644 5e0dd9b058f119a47b673d3db8240e479f0f9058 integrations/vllm/workloads/workload_phi3_mini_32x16_1req.json
100644 5e7361e3e428285e21324fe4e1fdeb43c84242e3 fixtures/redteam/babybear-battery/v1/wrap-eb40cfaf41.json
100644 5e7f612e066c48e93b5592f38d5ba08473e651dd integrations/vllm/data/census/census_small.json
100644 5e8cedcdb4de512fd7e50c76249ae4862d03af8a backends/ligero-verify/fixtures/rust_verdicts/set_interactive_plain.json
100644 5e903b233e2c88f360d5dcbd0590ab94567a1b48 backends/direct/encode/lintest_structured.py
100644 5eb22cb99fe360cb7084253b36872df96882de32 integrations/vllm/verity_vllm/program/numerics/cuda/mufu_probe.cu
100644 5ebb27ca95c0c70c2156fdf0c8e211c29b1f9c44 integrations/vllm/tests/regression/expected/qwen25-15b__bf16__l40s__tp1__b1__i4096__o512__mixed__greedy__bi-eager.json
100644 5ed901942040bfda935acc4de7eeefa57193050a integrations/vllm/tests/harness/__init__.py
100644 5f07a5f31277b223eaaba758f34fe65e091ce510 integrations/vllm/tests/correspondence/test_batch_decomp_e2e.py
100644 5f2a20ab4219e9c3a57d954404147089f980b4e2 backends/direct/run_lookup.sh
100644 5f61cb3650d7f31a3c3809b065a160f532d0623f packages/verity/tests/ml/fixtures/gemm-B1-b3eba618b1b5-20260907T1731Z/qkv_proj_prefill_0/out_row.u16
100644 5f714428eb0c38aadebfca0b19344e67da924e0e backends/ligero-verify/fixtures/manifests/mut_fiat-shamir_zk.manifest.json
100644 5f78414ec61ab824e38322ae61ca13e19298535d integrations/vllm/manifests/semantic-profiles/qwen2-eager-batch-invariant-hopper-v1.json
100644 5f8d000f5ccdfea0c5b7d491aac8559b661379ef integrations/vllm/verity_vllm/correspondence/runtime.py
100644 5f8d4935e706b1447995cbf74b02759046f29bde packages/verity/tests/ml/fixtures/gemm-B1-b3eba618b1b5-20260907T1731Z/down_proj_prefill_1/w_row.u16
100644 5f9a1201242a93a5a9d08beb6d3b74354b259693 fixtures/redteam/babybear-battery/v1/wrap-3622b96394.json
100644 5fc75be044cfeabf1bc38a94043b94ed4fe785da fixtures/tc/vectors/fp8-hopper-wgmma-k1536.json
100644 600ae326974db78dcc326837647bed61acfea1ea integrations/vllm/workloads/llama32-1b__bf16__h100__tp1__b8__i1024__o128__mixed__stoch-t0.8-p0.95__bi-eager.json
100644 600bec13b5157c3ed6bf9b89da97a5fa3027feff integrations/vllm/verity_vllm/tp/export_ops.py
100644 600f7b6f93a7a00194f439bc7ec8efc33ad0c735 integrations/vllm/tests/harness/test_hot_commit.py
100644 60188e7a6fe75607fcbad2734dbc861679185a99 backends/numerical/reports/ledger/a-kernel-a100.jsonl
100644 602583bfd639a5af08a4ba8b8311ede8cd5d644c integrations/vllm/workloads/workload_b0_conc8_mixed.json
100644 6048ef5802cdb5fbec64403670e37553b3ac6f47 backends/direct/ligero/protocol.py
100644 60554b04eec0d4037e3d617d0f33d7f189012576 integrations/vllm/tests/program/__init__.py
100644 60615abc0a99e3d77a21e61f4b15a80c3d5f7331 backends/direct/ligero/leaf/conformance_test.py
100644 6079bca6193f244a419049a5e9db074c06cef805 backends/ligero-verify/fixtures/bf16-ampere-hash/manifest.json
100644 60ab06f3efa7c2148fc38019501d88ec321e5ab4 fixtures/redteam-3/logup-union/forged_epilogue_hint/units.bin
100644 60aed310a0087ed99b0cdfab7ca81369569bc8d2 fixtures/redteam/babybear-battery/v1/wrap-495a34997a.json
100644 60c0362d65a63612da9d00bf2e66993e209c190b fixtures/redteam-3/logup-union/cross_table/circuit.txt
100644 60dd77d23ed9f9d2cd07a3a42ec0cf547573c719 backends/ligero-verify/fixtures/bf16-ampere-hash/sub_00.stmt
100644 60e8259dc7a5d42440e1ea798ec48ac5a200b4b9 backends/direct/vendor/p3-baby-bear/src/poseidon2.rs
100644 60fe447200f8cf417782f958c214f7700687db75 integrations/vllm/data/rec/p1-b0-lp32s15-validated.2026-09-10T0545Z.json
100644 61194bfd74091aef1876c2319284260cfb228190 backends/ligero-verify/fixtures/rust_verdicts/forged_interactive_zk.json
100644 6137c52eba01c99b76cc229e7cb1c136372813b6 backends/gkr/fixtures/negatives/signed_sum.claim_zero.bin
100644 6167f6f26c0ed068848bec9fecd6f9e9b428c124 backends/direct/ligero/encode_simt.py
100644 6169bfc39f6894c728e87cbb8b9ff65b0a0e809f packages/verity/tests/ml/fixtures/gemm-B1-b3eba618b1b5-20260907T1731Z/down_proj_decode_1/fixture.json
100644 617be5c26fcbf4082b8d7c3052cdfc1654df9cbe integrations/vllm/manifests/semantic-profiles/qwen2-eager-batch-invariant-v1.json
100644 61963ca00dba7411ad9382a3ca9e54a67485ce8e integrations/vllm/tests/acquire/test_native_jit_keying.py
100644 61ddfcc2dbdd878c7e0923da75b190cfcf8ee27d backends/ligero-verify/fixtures/rust_verdicts/mut_interactive_zk.json
100644 6203670eede3c995778c73f3996d564c7617e226 integrations/vllm/verity_vllm/harness/research_result.py
100644 620b566228742cc6acb1bd8c44b3c68f3e3047dc integrations/vllm/workloads/gemma2-2b__bf16__l40s__tp1__b8__i1024__o128__mixed__greedy__bi-eager.json
100644 6246abd53c8dbdc67d70d525540e1717b61f4330 integrations/vllm/tests/program/test_lifted_request.py
100644 624dd8e9a9d9233905b7a5e7e1a89e1dba837993 backends/ligero-verify/fixtures/systems/fp8-hopper.system.bin
100644 627691208285c3e8160605c4c5374171238d48b2 fixtures/typed-obligation-v0/reject--subcircuit-digest.json
100644 6298de290eabfc8beb6293fbad223ac1ed73acce fixtures/typed-obligation-v0/identity--packed-boundary.json
100644 62a75c5296f81a1cd33b4ed09f406ef535162495 integrations/vllm/verity_vllm/check/difftest.py
100644 62d1ac6675addcf86ae97a8314b572ada39b2552 backends/sp1/Cargo.lock
100644 63072986ff797445b8702ceb47c6ce38bd0d9b35 tools/research/tests/test_store_vllm_tools.py
100644 630995f41c9314e27546f4955c86b372a9877627 integrations/vllm/workloads/workload_gemma2_2b_32x16_1req.json
100644 63468d04f2b194f9d6da2d3db24ece69a079a030 backends/direct/ligero/leaf/ajtai_g1_fixture.py
100644 634b32d4cb2f951eb67aa52c6b8005db00491e55 tools/research/tests/fixtures/run_v0.2/failure.json
100644 636759e1ea1f76ef9e2215960fa24b32e35a2e99 backends/numerical/tests/gkr_export/test_vu_export.py
100644 636df3f79c3cfd8cafbfd405d786a0a01d5ba7e2 integrations/vllm/tests/program/test_derive_hf5_heldout.py
100644 636f9221e95cad2d349ad92c53375f95f3d516e6 integrations/vllm/verity_vllm/observe/profiles/gen_llama_patterns.py
100644 6382301314d3c22215b45b68cbef413bc1760285 fixtures/bench-instances/v1/seeds/gate_up_proj_decode_2/w_row.u16
100644 6382301314d3c22215b45b68cbef413bc1760285 packages/verity/tests/ml/fixtures/gemm-B1-b3eba618b1b5-20260907T1731Z/gate_up_proj_decode_2/w_row.u16
100644 6388b0f83266d1388d95785da2422480962b711d backends/ligero-verify/fixtures/systems/fp8-hopper-v3x4.system.bin
100644 638c32368cc04fbf264de89c23385e76c79c2918 integrations/vllm/tests/observe/test_dense_generic.py
100644 63b12dd51df9088166a5ca3755476b00c945ac60 integrations/vllm/docs/data/ref-prims/EagerAttentionRef_v1-bf16.json
100644 63d2d72ee75fe10fa1f2e928102eae098b647f65 fixtures/typed-obligation-v0/identity--mut--format-noncontiguous-target.json
100644 63ea866ebdd95cf0ea3afb6d05721cb517c954c0 integrations/vllm/data/contract/a56-coverage/records/forced_head_run-TINY-t2-L1-h2-after-F2.json
100644 63ebaaca76cca7250fd072e52d5026af3a77408b fixtures/typed-obligation-v0/reject--dangling-incoming.json
100644 642137f7ec179ffb66e5278b7b7613187db40ecc integrations/vllm/verity_vllm/observe/vllm_adapter.py
100644 6429e3e55d48e1d0af00cc112acf2380fd52de14 backends/numerical/python/verity_numerical/redteam/z3_relation.py
100644 642d38a969bc477bfe4e531ca03e22797e604e98 fixtures/typed-obligation-v0/accept--packed-word-shifted-index.json
100644 64344730d7c550b26496220b75f8821ab23eaf75 integrations/vllm/tests/regression/lift_expected.py
100644 643cfb462a0d3ebc7eb5788ad73ccfd1c455ba98 backends/numerical/python/verity_numerical/checker/v2/tables.py
100644 64441eafe47067aa3b00bb2e5d4673f3eb1c0809 backends/gkr/src/circuit.rs
100644 644cfc68ec8077ced378a3ff0ada9e0f4ab67437 integrations/vllm/tests/program/test_codec.py
100644 6463b3b3f6cc5becf129cc9d92fb5777fcd94cef integrations/vllm/fixtures/B0-divergence-20260907T1604Z/layers.0.self_attn.rotary_emb/eager/in_q.npy
100644 648b723dbbdf0de0a7328f9c4998404b645d16ad tools/research/src/research/telemetry/job.py
100644 64ac748af1e804da32386d03538e90e4ce14bf8c integrations/vllm/workloads/olmoe-1b-7b__bf16__l40s__tp1__b32__i1024__o128__mixed-arrivals__greedy__bi-eager.json
100644 64c7268b9ad75ab9f90b1980abdfe6d69a668e14 backends/sp1/common/src/relation_only.rs
100644 64cd75913ad4c10622b3a32facda05aa132d7632 integrations/vllm/verity_vllm/tp/collective_link.py
100644 64e7590a11fcd9d030c75513d93f09d46ec93070 backends/gkr/verifier/scripts/perf_cpu2.sh
100644 64ff911c13e338fe276c52f1b9338139078ad4e3 backends/gkr/gpu/v2/tools/logup_diff.py
100644 650198de058ae64bd147d9a2eb7f5fd099667e28 integrations/vllm/tests/check/test_sampled_replay_tp_member_alias.py
100644 6571463d255dadef88a16817c7c7202403e4c3b1 integrations/vllm/workloads/workload_b1_sampling_mixed.json
100644 657fd900d4d40b23e1178ed236f048a19bcc80f2 backends/gkr/fixtures/babybear/negatives/normalise.wrapped.bin
100644 658217cd9350e1e6c8fce59908d1964f79bc84c2 integrations/vllm/data/contract/a56-coverage/o2_commit_cost.json
100644 6590b56e085486fbee1bdfbfe6657cde408fef21 backends/direct/ligero/wide.py
100644 65bcf768812fc494224f2c4dd9a600b4508ee25d backends/gkr/gpu/bb_export.py
100644 65c1600d0b7293b30a93c619069a0fcc730d7320 integrations/vllm/tests/acquire/test_native_collect_splits.py
100644 65c5b2afef95a631ea3749f8b8c57964bd502dfe fixtures/bench-instances/v1/seeds/gate_up_proj_decode_0/fixture.json
100644 65c5b2afef95a631ea3749f8b8c57964bd502dfe packages/verity/tests/ml/fixtures/gemm-B1-b3eba618b1b5-20260907T1731Z/gate_up_proj_decode_0/fixture.json
100644 65df7929a7c6e7591a7d6de2d1b30f6507d71989 tools/tc_probe_fp4/mma_fp4.cu
100644 65e1e84f09cdd57de56a8dcf34011783655ce2bb backends/numerical/reports/ledger/b-lintest.jsonl
100644 65e609c336d5945367f81b395a2c073d4fb2ee27 fixtures/bench-instances/v1/seeds/qkv_proj_prefill_2/x.u16
100644 65e609c336d5945367f81b395a2c073d4fb2ee27 packages/verity/tests/ml/fixtures/gemm-B1-b3eba618b1b5-20260907T1731Z/qkv_proj_prefill_2/x.u16
100644 65fa9282a7a250ba9067f11f5f0a29c80215838f integrations/vllm/data/l8-nan-scan-2026-09-07/B1.json
100644 662455f898d7e84b3d55edef45e691b20de15616 packages/verity/tests/ml/fixtures/gemm-B1-b3eba618b1b5-20260907T1731Z/qkv_proj_prefill_1/out_row.u16
100644 6645a0b2a03200302187fcf854eb1a311580ea99 backends/numerical/reports/ledger/b-encode.jsonl
100644 6664dd23ae6487c9214198df93648aedf1d5b8a3 integrations/vllm/verity_vllm/tp/commit.py
100644 6680b040fd9b000b5603560c7b65afb6cbbc6064 backends/direct/ligero/privsel/hints.py
100644 66820d1a1bc9c67e038bfadd82cbeac83eac535a backends/numerical/python/verity_numerical/explore/fields.py
100644 66aa0db410dd10882b1e1d86e4d92627b001f40a packages/verity/src/verity/verification/binding.py
100644 66be739767139b2112953284462d4dd65db9ffde backends/numerical/tests/gkr_export/test_export.py
100644 66bf30a997b732009e9ff2f11972d83c12ed6a45 backends/gkr/fixtures/babybear/negatives/align_state.wrapped_remainder.bin
100644 66de782b05274853f6b8665f627e6bb5e1618be1 backends/gkr/fixtures/negatives/leading_bit.minus_one.bin
100644 66e3970a0a90b31d243e2986ff4cca675e228e1a backends/gkr/fixtures/vu_synth/epilogue.txt
100644 66f260c5a80a9b2e7e8d2660134c57dbcf8ebce1 tools/research/tests/fixtures/run_v0.2/result.json
100644 6710aa6ba3b3d59203748209cb0b666650bbde50 backends/direct/ligero/tests_fused_test.py
100644 671bb7e05669afeed2cad1c8357e16c8a4cdf200 backends/numerical/tests/bench/test_instances.py
100644 671ec2c796cf907d81c1b12de5fb594b42b99377 integrations/vllm/data/census/scaling/lp16_s15.json
100644 672b02c300a9cabfd3862d5ab8d223e9426d4120 integrations/vllm/verity_vllm/observe/profiles/expected/derived_LLAMA32_1B_tp2.json
100644 673f53df056ba6e87bbd89c538b72354e6825cc5 integrations/vllm/verity_vllm/tp/fold_match.py
100644 6741ff2083f5b5801c6332f8b13006b0d0084d60 fixtures/typed-obligation-v0/identity--input-alone-rejects.json
100644 6756881e45ee171f3b99ffe03f7bcfbc778a50f6 backends/shared/anchor_a100/results/wave2_gkr/logup/logup_bench.json
100644 676ec71d6d3a4d77b95d7e6e616c72aae3139cee backends/sp1/common/Cargo.toml
100644 678941a18b2950710eb26addb23989af18f12eba integrations/vllm/tests/test_no_dead_modules.py
100644 679178723044aa4a755104be4fe48353b82a6d9f backends/ligero-verify/fixtures/fp8-ada-ajtai-n64-g1-decoy/system.bin
100644 67949ef2179d5162765c6a97fb68813d06a51e22 fixtures/bench-instances/v1/seeds/gate_up_proj_prefill_2/fixture.json
100644 67949ef2179d5162765c6a97fb68813d06a51e22 packages/verity/tests/ml/fixtures/gemm-B1-b3eba618b1b5-20260907T1731Z/gate_up_proj_prefill_2/fixture.json
100644 679dc9d79cf0fa5fa41bfd18fcfbb98dbec8b5bc fixtures/bench-instances/v1/.gitignore
100644 67b84db48c62301ef4230bf97b32dcf4ef75a635 backends/sp1/common/src/pad.rs
100644 67bc3fedb4537362e6052e08d5cd46ec8b3a4bda integrations/vllm/tests/observe/test_gen_ov_moe_padded.py
100644 682160c857c31f0a157673fceda6f75ebd825bc4 packages/verity/src/verity/ml/tc/relation.py
100644 684ffcc74008effb5e66da5df54b97545c53ded8 integrations/vllm/verity_vllm/program/registry/quarantine/dense/scale_row_bf16.py
100644 685afa4b97b9986d39470a5fe2011e5d5501a7df integrations/vllm/tests/harness/fixtures/admission/phi3b1.json
100644 68658de47fb2cb87b06930e8dad22369a34af368 backends/AGENTS.md
100644 688623e137a63e68e81c1ace6e7ca780ff621a3d integrations/vllm/tests/program/test_harden_guards.py
100644 68981fe18d81ae2cce50dd083473c67679f96995 backends/gkr/Cargo.toml
100644 689b7fc9454804dfcd30b98ee95f3da99e17d082 packages/verity/tests/ml/fixtures/gemm-B1-b3eba618b1b5-20260907T1731Z/down_proj_decode_2/w_row.u16
100644 68ab13b703d965a1808501b134e0e12ad540de53 fixtures/typed-obligation-v0/identity--base-honest.json
100644 68ac754a6b8f373cc7ecc5588f08db3137634cd5 integrations/vllm/tests/query/test_module_body.py
100644 68acfc31465256061db92f1e3c2a56b1aeaabf64 backends/ligero-verify/fixtures/fp8-ada-ajtai-n64/system.bin
100644 68af11b7c9c5343afb87e94352b7f0b3ceab68e7 integrations/vllm/verity_vllm/harness/coverage_workloads.py
100644 68c231d447ce4a17c3c455910eb328d0484471a2 backends/ligero-verify/fixtures/systems/fp8-ada-v3x4.system.bin
100644 68d082cae1f0a43b1d6a37b5b46734d80808f5ac backends/gkr/packed/logup_gpu.py
100644 68d42832cf7d6e361598024100bc934248273bfa integrations/vllm/verity_vllm/observe/profiles/expected/derived_QWEN3_30B_A3B.json
100644 691d05d04ae41857d11b06e9d2180cdc823a147e fixtures/redteam-v2/gkr/neg/epilogue_ovf_flip/public.bin
100644 693427c5267cf7d8404a672598d060a5fe625c7a integrations/vllm/tests/program/test_pad_prims.py
100644 6938660c992c5cf7a1ba5e8bbdfad95b2016177a backends/direct/encode/inverse_bench.py
100644 693b25bd85b48c7d09af73fbf0ba6defa203113c fixtures/bench-instances/v1/seeds/gate_up_proj_prefill_0/fixture.json
100644 693b25bd85b48c7d09af73fbf0ba6defa203113c packages/verity/tests/ml/fixtures/gemm-B1-b3eba618b1b5-20260907T1731Z/gate_up_proj_prefill_0/fixture.json
100644 694bfbee38f09f585c86e8b4d7ebdbcd77431544 fixtures/tc/vectors/fp8-ada-mma-k1536.json
100644 694f6a03b972dd562bc057106e12f1b3898ae14b backends/gkr/fixtures/babybear/negatives/fp32.subnormal_hidden_bit.bin
100644 696995485db64fccaed5d0b7c393bad05f410ae6 fixtures/typed-obligation-v0/reject--subcircuits-unsorted.json
100644 6988f134db143052042f2bd6e0c897bc6a605189 integrations/vllm/verity_vllm/observe/profiles/hf_configs/QWEN3_4B.config.json
100644 69988a4737e2f79b97c22217ec3000feed6f2db7 integrations/vllm/workloads/qwen25-15b__bf16__l40s__tp1__b1__i4096__o512__mixed__greedy__bi-eager.json
100644 69a9e1c0eb559977b159b8bff8a0ca992da92b82 AGENTS.md
100644 69af7c4b07ed1c9bdad4a406495b7f061aa11d06 integrations/vllm/verity_vllm/observe/capture_v1.py
100644 6a26a6f0391d36ef98dfd858b7f3b43caf137918 integrations/vllm/verity_vllm/observe/profiles/expected/derived_B1.json
100644 6a6098d2d1dcecb593a4bd80393952856f460b3d packages/verity/tests/ml/fixtures/gemm-B1-b3eba618b1b5-20260907T1731Z/down_proj_decode_0/w_row.u16
100644 6a8914370e50e7e0e7d6127a93e29de70f30c5d1 integrations/vllm/verity_vllm/program/frontend/rules/__init__.py
100644 6aa6316e215419541ad8928fc8defcbc22e546d2 backends/ligero-verify/fixtures/manifests/small_interactive_zk.manifest.json
100644 6ad0292fb35e94449013dde80c51ff60832b7fb4 backends/direct/vendor/p3-baby-bear/src/x86_64_avx2/packing.rs
100644 6ae0a6694692f86470fde4941e08b19008270035 integrations/vllm/verity_vllm/observe/tree.py
100644 6b20b5f3875043e3c57c0b9c4118ceebf3b3f32d packages/verity/src/verity/commitments/multiproof.py
100644 6b3321ac9a2ba76da8e631cecbd94465c55cb411 fixtures/redteam/babybear-battery/v1/z3-d10d002b7a.json
100644 6b426949f6c920b71b227dd80a52a41ea3579a05 backends/sp1/pod_bootstrap.sh
100644 6b68552c7a3cec72b6f1e1d8e24ce7eddfba4569 integrations/vllm/tests/harness/test_prescribed_input_linkage.py
100644 6ba4586da94af13a35b7f5a05c2522f3a91120e7 backends/gkr/fixtures/negatives/group_max.false_selector.bin
100644 6ba839ae9de28f1b5400aa1004be8d7784dd6362 backends/gkr/gpu/v2/tests/test_epilogue_limbs.py
100644 6ba9f14bc4fa98885dcee4960069695a669a6468 integrations/vllm/workloads/llama32-1b__bf16__l40s__tp1__b4__i256__o32__mixed__greedy__bi-eager.json
100644 6bf82d7cfaaab20d15615aae8924670c5ad8a3bf integrations/vllm/docs/data/ref-prims/LinearRef_v1-bf16.json
100644 6c2640489be2d5d9f047f3c2d50ef373503c9686 integrations/vllm/verity_vllm/acquire/fa3_tap_src/apply_fa3_tap.py
100644 6c54976fc17c7f6447f64aa36cbab3c069934040 integrations/vllm/tests/tp/test_tp_collective.py
100644 6c8612543714474c602a1734f7a51bf7b5b99652 backends/direct/src/air_v2.rs
100644 6c94cfa028286fa4a332e6d4eb687e9a6e40f3b5 backends/ligero-verify/fixtures/fp8-ada/sub_00.coins
100644 6ca1746540b2f9ed5dc4f3ee6f23e979caeb12b5 integrations/vllm/verity_vllm/tp/__init__.py
100644 6cc40590881da4cf5d19b670de941a781821d3d9 fixtures/bench-instances/v1/seeds/lm_head_prefill_1/x.u16
100644 6cc40590881da4cf5d19b670de941a781821d3d9 packages/verity/tests/ml/fixtures/gemm-B1-b3eba618b1b5-20260907T1731Z/lm_head_prefill_1/x.u16
100644 6cd0f12a9dbeb3d0f8cc48ff3ecea8d37a30658a integrations/vllm/tests/regression/__init__.py
100644 6cfaedc6ef18562e41c74bbfb360e042aee2491b backends/direct/Cargo.lock
100644 6d444109ab91bc019cd95f603cfc8282e0427044 fixtures/typed-obligation-v0/reject--format-bad-definition.json
100644 6d58a97be5de3298f1a9c8f40494db04ad1c5bf0 fixtures/typed-obligation-v0/identity--mut--gate-id-out-beyond-body.json
100644 6d81e13e8e6f059f7cc90e7422495b1708a6e74c tools/tc_probe/tc_probe.py
100644 6d8231d6e0d33a01e10ced0dcc6d945c177406e9 fixtures/bench-instances/v1/seeds/lm_head_decode_2/x.u16
100644 6d8231d6e0d33a01e10ced0dcc6d945c177406e9 packages/verity/tests/ml/fixtures/gemm-B1-b3eba618b1b5-20260907T1731Z/lm_head_decode_2/x.u16
100644 6d82b8df4c955a19c126645af6f191ff38adc44d backends/numerical/reports/ledger/a-packed.jsonl
100644 6d9009b79affd666347df5ec292e05b6eb1e1938 packages/verity/src/verity/verification/programs.py
100644 6da4569e253addf3e2b30e9d2b77c34bf290fc47 fixtures/redteam/babybear-battery/v1/wrap-f3c85d2f04.json
100644 6df880ab3934861f6e1696c3567de89208352217 backends/ligero-verify/fixtures/systems/fp8-hopper-v2x4.system.bin
100644 6dfececcd39a750af502a634849050ae582851ed backends/gkr/fixtures/babybear/vu_synth/negatives/units_broken_chain.bin
100644 6e14c56dd482d414ceca8139c00475086b0a6fc7 integrations/vllm/data/rec/compact-probe-p1-tiny.json
100644 6e177ba01ec8f67c739a9e644bfe9222e49a981d packages/verity/tests/ml/fixtures/gemm-B1-b3eba618b1b5-20260907T1731Z/down_proj_decode_0/out_row.u16
100644 6e279a1a2380b3b86281d8ed1d04cfbae8449817 backends/gkr/fixtures/babybear/negatives/group_max.excessive.bin
100644 6e35112526af21430c178cb056abef0f2b343034 integrations/vllm/tests/check/test_global_match_multi_weight_nodes.py
100644 6e521648ecc783445edd77bceeb1763833e8740d backends/sp1/check-model/Cargo.toml
100644 6e583eb64820f3868417e81366135a5bdd4a71c3 tests/test_ligero_batch_bound.py
100644 6e5fa25835e95aa075fd559b148dc29508672f75 backends/gkr/verifier/scripts/f1_run2.sh
100644 6ea166e5075d01e9b5170b6995646f711fd78a6e backends/ligero-verify/fixtures/b1.proof
100644 6eba27eea5570cdbf9307acf05ba567851650f5f integrations/vllm/verity_vllm/program/registry/quarantine/dense/mean_triton.py
100644 6ede2452a028c7b069aaa37bc133c5bb60eeaf4e integrations/vllm/tests/regression/expected/llama32-1b__bf16__l40s__tp1__b1__i4096__o512__mixed__greedy__bi-eager.json
100644 6f0fd82084fe9ff535c05a8fd5fc6877e77bf6de fixtures/redteam-3/logup-union/cross_table/honest.bin
100644 6f748cbba513eaee16fda23e34fac5d0d8e9ebc3 backends/numerical/python/verity_numerical/gkr_export/circuit.py
100644 6f7de1be18bf8beecdf1ac6367c94f25a85da79a integrations/vllm/tests/program/test_harden_moe.py
100644 6fa1b030c08fbde7a62342dd37b546272e6592cb packages/verity/src/verity/ml/tc/total_fp8.py
100644 6fac6a2cc7115a87a6488a9a4a15c23ad7dd2fb6 backends/gkr/gpu/gkr_packed.py
100644 704b1bbd25a179ec354452c943259374f4074a0f packages/verity/tests/ml/test_gemm.py
100644 7079748f810721750efe402d1446f33c2b05d9c8 integrations/vllm/workloads/gemma2-2b__bf16__l40s__tp1__b1__i256__o15__mixed__greedy__bi-eager.json
100644 707f3cd76f149b61c332295872550adace304b23 integrations/vllm/verity_vllm/program/registry/topp_split.py
100644 70e24152270cd437d98181dee860822d112dc6f0 integrations/vllm/data/hf_configs/GEMMA2_2B.config.json
100644 70ed50200fe25e080cb3da4b92397ae3747a6bfa tools/research/src/research/store/attempt.py
100644 70f386f32a863980e37e61e4fa486f1796a1b835 backends/gkr/verifier/results_e2e_agpu2.json
100644 70fdc1f9d67d2e3735c19c1e82178d26df99153e integrations/vllm/tests/observe/test_fold_ov_sampling.py
100644 7127e46870b7b8d2240f33f8bde262aee222b50b integrations/vllm/tests/program/test_lint.py
100644 713c05e60d3f0c3567d1088dc07c081502044c62 integrations/vllm/tests/regression/checks/decomp_hashes.py
100644 717a46de5e284cf82ece9bf31ed817affb88d395 fixtures/redteam/babybear-battery/v1/wrap-e656596dbf.json
100644 71e40ce13573f199061fa0a69f444415a774737a integrations/vllm/fixtures/B0-divergence-20260907T1604Z/layers.0.self_attn.rotary_emb/compiled/out_q.npy
100644 71e4528d974fc63674cbd4972135a6f00ea5427c integrations/vllm/fixtures/B0-divergence-20260907T1604Z/layers.0.self_attn.rotary_emb/compiled/out_k.npy
100644 722cabb4d7d35c99e65833982a87f6b3b040e9e9 integrations/vllm/verity_vllm/program/numerics/tables/W11C-40f0cebeb670-20260907T1900Z/mufu_sqrt_delta_int8.xz
100644 722cabb4d7d35c99e65833982a87f6b3b040e9e9 integrations/vllm/verity_vllm/program/numerics/tables/W11R-40f0cebeb670-20260907T1802Z/mufu_sqrt_delta_int8.xz
100644 722fd03f8bcf65137b33b4473d795d8f4f405760 integrations/vllm/tests/observe/test_gen_ov_moe_qwen3.py
100644 724560141df8825c11ffe26c33d7a80b09fff226 integrations/vllm/tests/program/test_nan_conversion.py
100644 72b46ead08eedade851e4499820d82a5e96d621b integrations/vllm/workloads/llama32-1b__bf16__a100__tp1__b1__i1024__o128__mixed__greedy__bi-eager.json
100644 72e0e95f790575b7c0bac0fcad746764efacb8c5 tools/research/src/research/telemetry/policy.py
100644 731e99211c8f4e20b7bdeb9476dcf96a251790a3 backends/ligero-verify/fixtures/fp8-ada-ajtai-n64/sub_00.proof
100644 733266e664f7a50c252c49f071ee9623f971f714 fixtures/redteam/babybear-battery/v1/wrap-e661dfe6f5.json
100644 733fee3d182649b3f39fb20e8d16159106249420 backends/sp1/common/src/codec.rs
100644 739642905496e5b94de5efb192c8fe244f4fea8e integrations/vllm/verity_vllm/correspondence/reader_for_acquire.py
100644 7429fc8df29c8521ecf15cc0daf99c3a4509955e backends/direct/src/program_v2.rs
100644 743a998e6efd7eec7a61d016800fd52f1a545546 backends/direct/ligero/fp4/hints_device_test.py
100644 746c0529a1ec4eeaffdc89f0eb2315dff16b9648 integrations/vllm/tests/observe/test_gen_dense_gemma2_patterns.py
100644 746e57d693b68bd06700311a9b02b9c6eb760e4a backends/numerical/python/verity_numerical/bench/instances_gen.py
100644 747d306913e02dbb07af50f5e9461351a77ff64d backends/gkr/packed/logup_graph.py
100644 74933fa2d491897ccd6a6e4aafc2b5cd35945f9b backends/sp1/guest/Cargo.toml
100644 74b3d31e13ffedacd94be38620abe72386df07b2 fixtures/bench-instances/v1/seeds/o_proj_decode_0/x.u16
100644 74b3d31e13ffedacd94be38620abe72386df07b2 packages/verity/tests/ml/fixtures/gemm-B1-b3eba618b1b5-20260907T1731Z/o_proj_decode_0/x.u16
100644 74c33b67095d2abf887c0bfd94ea7a76aaedef96 packages/verity/tests/ml/test_total_fp8.py
100644 74c85ef9e5da159bac6924f4ebea62afac1b588d integrations/vllm/data/rec/p1-b0-lp32s15-parts/p1-b0-run-D.log.gz
100644 7502bc05e297e562d807ece465f34a9b693acd42 backends/gkr/packed/sumcheck_packed.py
100644 750718c214616b0a816295621a1004101a4290d4 integrations/vllm/workloads/llama32-1b__bf16__l40s__tp1__b1__i256__o32__mixed__greedy__bi-eager.json
100644 7529da00cb03d1fd6ed1db8b43e3858229491259 fixtures/typed-obligation-v0/reject--boundary-shape-out.json
100644 7560893dabf72ee524379145a931d384a67ef932 fixtures/typed-obligation-v0/identity--mut--width-leaf-layout.json
100644 756a2a5b0df521727b3cd48a8d31c07d934efa5e backends/shared/anchor_a100/results/tensor/result.json
100644 75a992d85305d0a04126a2794a8d17d5871c3879 packages/verity/tests/ml/fixtures/gemm-B1-b3eba618b1b5-20260907T1731Z/down_proj_prefill_2/w_row.u16
100644 75b5f7d4f085105f352dff94852c92bacec04c3e backends/gkr/fixtures/negatives/align_state.wrapped_remainder.bin
100644 75d02a5d89bc57d6028a7e20db2a7dc55e5ace00 backends/ligero-verify/fixtures/steps-pin/fp8-ada-ajtai-n64-collide-Q/sub_00.proof
100644 75e429044b6e48a00db30a33f0e12043cad8fa7c integrations/vllm/data/rec/p1-b0-lp32s15-parts/gaps-p1b.json
100644 7608c0d61ba03886e28f1437b72e35c9d09e98b7 backends/gkr/fixtures/negatives/fp32.false_zero.bin
100644 7620076335c8b12b0bb2ee55da5e82b518e3f625 tools/research/src/research/store/evict.py
100644 7632c07d41a8440e01dad4012ff0f830165db1ff backends/gkr/gpu/field.py
100644 7640c0b74d5730620069c4bf11271a1b8a09d1e5 backends/gkr/src/field.rs
100644 764b798c6265a05992e14ffb9df3ebdf73126ee3 backends/direct/src/ctx.rs
100644 76aa1adc64f81bf493e564a4792e2b6bb3c40635 backends/ligero-verify/fixtures/systems/fp8-ada-x4.system.bin
100644 76e591ad3edd8c35d2f40e678e323495ac1d1c37 integrations/vllm/tests/input_provenance/test_weights_of_record.py
100644 771adb4e2760b2ac72cf0137dd173bdea312b5a9 fixtures/redteam/babybear-battery/v1/wrap-97c7486356.json
100644 7743e14c418c9e31bb38232f653edd83080c905f integrations/vllm/tests/commit/test_negatives.py
100644 7762a96ca742b705f07fd051862db0ba5c469822 tools/tc_probe/tiles_common.cuh
100644 7767948d61337db06d11c00e18cc453315c7ef6d backends/ligero-verify/fixtures/bf16-ampere-hash/sub_00.proof
100644 776a483f51a539e97b32bfb4548dde4d8d4f677e integrations/vllm/workloads/qwen25-15b__bf16__l40s__tp1__b4__i1024__o128__mixed__greedy__bi-eager.json
100644 77a636aeacb8716aa4d5efbbd87213daed9380f8 backends/direct/ligero/leaf/base.py
100644 77aceae287465b8ee2e29afdc3158d141fe6d0a3 backends/numerical/python/verity_numerical/checker/__init__.py
100644 77fef9989b6659ba421050a4f2813b81dfe055e6 fixtures/redteam/babybear-battery/v1/wrap-0725403454.json
100644 7829dd42809f5b496331ca95470b5e67dddbe320 integrations/vllm/verity_vllm/ops/stoch_negative_n3.sh
100644 78313797d3bb681d916c5bf46660ffdb51475b29 integrations/vllm/docs/data/ref-prims/GeluRef_v1[APPROX=tanh]-f32.json
100644 783c192b90dde636aacfb529dc44a36307d6174a backends/numerical/python/verity_numerical/reference/leaf_v2.py
100644 783d394809e10d9ec1a4b7e73fee73ba99201e3a backends/gkr/verifier/src/main.rs
100644 783d4c8225694bb41f94bc49ae6d9d93db2a19da fixtures/typed-obligation-v0/reject--width-mismatch-argument.json
100644 789cde38bb6c515cc26c53a7ed39bfc82a4b538b integrations/vllm/verity_vllm/query/module_body.py
100644 78a447536304f0a197cc545d77919895825ee05b integrations/vllm/verity_vllm/acquire/fa2_plane_classes.py
100644 78a4bf81513b695975ef27803fb8c153152ad512 fixtures/typed-obligation-v0/reject--offset-out-of-range.json
100644 78bd403521893ebdf3579872d84e283bb6f841c6 fixtures/redteam/babybear-battery/v1/wrap-285299f620.json
100644 78bfc8ef203ea711c4c80fa871197b1c30935df4 integrations/vllm/data/census/scaling/lp100_s5.json
100644 78cadd9e973f20325e2114d1ea2f6df72ffe2078 tools/tc_probe/canary.py
100644 78ecec1547bf3e0ef5fd0a9f2abea0dbf7ae92d3 fixtures/redteam/babybear-battery/v1/wrap-8b5979718f.json
100644 78f3fc5af78b42725c7015a6ccbc35a96c439174 integrations/vllm/tests/program/test_lifted_workload_padrev.py
100644 791e3a0217d17ac8d53b0e42822a45ec5ea0871e integrations/vllm/verity_vllm/program/numerics/cuda/mma_tiles_sm80.cu
100644 79487ce4adb07c47e12e1d5a8b49081d3a72cd1f packages/verity/tests/ml/fixtures/tc-hopper-2026-09-07/special.reduced.json.gz
100644 79618272827862da2c2f78ed0e4c5c88585018f5 fixtures/bench-instances/v1/seeds/qkv_proj_prefill_1/fixture.json
100644 79618272827862da2c2f78ed0e4c5c88585018f5 packages/verity/tests/ml/fixtures/gemm-B1-b3eba618b1b5-20260907T1731Z/qkv_proj_prefill_1/fixture.json
100644 7987a8a561a036a0fa5b5b5cfd73ce983977d175 fixtures/redteam/babybear-battery/v1/z3-d65d03b3ff.json
100644 798b2829af3980dcd8613344ee677752bfa49900 backends/shared/hash_gpu/merkle.py
100644 7994054743e100d6d9f5050c2de00381baace759 fixtures/redteam/babybear-battery/v1/wrap-ce94385ed7.json
100644 79c03cb9abafd39c55c8d554b20486156a91eebb tools/research/src/research/store/fixtures.py
100644 79e3ce1cb0bb14155dd06ea19a6b0b732d38cffc packages/verity/tests/ir/test_running_example.py
100644 7a117382a3788a1038450dc26414d232b2fef5b1 integrations/vllm/verity_vllm/program/numerics/cuda/rms_probe.cu
100644 7a2b3e4b476a2c433fbef0d9c09e6c0d15e66ca3 backends/gkr/fixtures/babybear/negatives/signed_sum.sign_flip.bin
100644 7a30a7d503d0f025b43bdcbd23c49a1a9497c4d1 packages/verity/src/verity/ir/query.py
100644 7a31ec977c6ecac45e4c4c4a4e060fea1a9a4d05 packages/verity/tests/ml/fixtures/gemm-B1-b3eba618b1b5-20260907T1731Z/down_proj_prefill_2/x.u16
100644 7a33fb994f9f836917e3715b02095035b152029d fixtures/redteam/babybear-battery/v1/wrap-89c3969a7b.json
100644 7a477d57f7373c564302021d9c0e72e6d3580dcf backends/direct/ligero/fp4/chain.py
100644 7a6a0e7b1b8bfac6d87d83a2a533b58e17d3418a backends/ligero-verify/fixtures/rust_verdicts/mut_fiat-shamir_zk.json
100644 7a8daeeba8a392c74b08806f07ad71c519aaa767 backends/direct/ligero/steps_pin_test.py
100644 7aa643f1c417eae9262385974fe6e933d76e5dcf backends/numerical/python/verity_numerical/redteam/TRANSCRIPT_CHECKLIST.md
100644 7abbf3ff62aece00db609d42f80e680d4640c26c fixtures/typed-obligation-v0/identity--gate-free-wrapper.json
100644 7ac8edc8e9c28c575e2b9e857cde39491eef1459 integrations/vllm/verity_vllm/observe/log.py
100644 7b0687ce559a91abb507ecaa0efe0a2473347159 fixtures/redteam-v2/gkr/neg/b1_wrong_word/public.bin
100644 7b18e8ef45800ef4e7ebbacb27e3b61329441c95 tools/research/src/research/store/__init__.py
100644 7b2c607e6587bb046157fb802a7ffa049a8fde48 backends/numerical/reports/ledger/a-gpu2.jsonl
100644 7b4212f83395f94615ec19555c2b5346dd254a93 integrations/vllm/data/hf_configs/QWEN3_4B.config.json
100644 7b5fa823e85046c23c3b14c3840dce75b2f0a9b2 backends/gkr/fixtures/negatives/normalise.m_plus_one.bin
100644 7b7ec5655b74e8a9229a5b9f81e8f92bd699636f integrations/vllm/verity_vllm/observe/profiles/expected/derived_QWEN3_30B_A3B_tp2.json
100644 7b8b3c7fab0ffc1d71447d9ad09fbeb0030a0c2d integrations/vllm/docs/data/ref-prims/EmbeddingRef_v1+AddRef_v1+MulRef_v1+ArgmaxRef_v1-bf16.json
100644 7bab76ebff96f11406da214b59d1d3af2c551992 packages/verity/tests/commitments/test_poseidon2.py
100644 7bbe14e980cca6968a5257b22bedb12ad94879b8 tools/research/tests/test_store_short_ids.py
100644 7bc658470528d5f70926c943aaaeaa4ae4d2ef21 tools/research/src/research/store/remote.py
100644 7c0dfcb3ced80c055fa7939c96242561401dfb17 backends/sp1/common/src/ftz.rs
100644 7c36664e4d9aed0486a9eef766898e28a78ee375 backends/shared/anchor_a100/results/fused/stdout.log
100644 7c51d64724981d76968fd3c3477ad907c9d0d3ba backends/gkr/fixtures/negatives/pack.hidden_only.bin
100644 7c52582299c7718e6932afedd2ef466daf0e9f26 integrations/vllm/docs/data/ref-prims/EmbeddingRef_v1+AddRef_v1+MulRef_v1+ArgmaxRef_v1-f32.json
100644 7c5736c65dfaab3aa9d3b3e6da503436171bcd51 fixtures/typed-obligation-v0/identity--mut--projection-boundary-marked-dead.json
100644 7c6cedd13310fcd5381caab8086c9d6869292186 backends/numerical/reports/ledger/b-e2e-v2.jsonl
100644 7c79ae31e7cae1f60b2c70dcc49f7d278e0a875d fixtures/typed-obligation-v0/reject--leaf-beyond-count.json
100644 7c9055a003db9f3d7a530ecf17eb6fe9a2734cfa backends/gkr/fixtures/babybear/vu_synth/units.bin
100644 7cab7a0e5f81f340d4b42598d40bf9593eb9cb49 fixtures/bench-instances/v1/seeds/o_proj_decode_1/x.u16
100644 7cab7a0e5f81f340d4b42598d40bf9593eb9cb49 packages/verity/tests/ml/fixtures/gemm-B1-b3eba618b1b5-20260907T1731Z/o_proj_decode_1/x.u16
100644 7cbb2e0b2e0c6af0f599a71b9d72c56ff49d850b backends/ligero-verify/fixtures/bf16-hopper-ajtai-n128/manifest.json
100644 7cc5367270ec7ae135000d01d914aeb080b109ac integrations/vllm/tests/program/test_padded_commit_tiny.py
100644 7cc76b2cd1d302ca33d4f9d3fa39d2be532166b9 integrations/vllm/data/rec/p1-b0-lp32s15-parts/p1-b0-lp32s15.plan.json
100644 7cd535f07625e0f3535c1f005564ff8cfda478ec backends/gkr/fixtures/negatives/leading_bit.zero_claims_bit.bin
100644 7ce2c5d60fc8d05a0f076d3c4fcd8bb02b848f2f backends/gkr/fixtures/negatives/normalise.flip_clamp_subnormal.bin
100644 7cf693f67d860dd7a1ffa67a75fed2e7ae9dbea8 integrations/vllm/data/census/scaling/lp8_s1.json
100644 7cfa58e3947fb1e8fe81dfb1dfa6b99b6c3b0b7f tools/research/src/research/store/ids.py
100644 7d224c131ed006e37b90bbd6de61a7288cbe7019 integrations/vllm/data/census/scaling/lp128_s3.json
100644 7d4ab727f509970a4b53186c1d00aa494231817d backends/numerical/python/verity_numerical/redteam/campaign.py
100644 7d4baea7f08a0c01872ebf16fad148bde6128cd0 fixtures/typed-obligation-v0/identity--mut--root-qualification-target.json
100644 7d4c3b5c9362f9ef125b73e12ef234e595b74264 backends/ligero-verify/fixtures/manifests/mut_interactive_plain.manifest.json
100644 7d5f8a405b79aaa8a8aceebe94d38de324a559b3 backends/shared/anchor_a100/microbench.py
100644 7d66679e6cd33391a2173ba33881cc7447d062de fixtures/bench-instances/v1/seeds/qkv_proj_decode_0/w_row.u16
100644 7d66679e6cd33391a2173ba33881cc7447d062de packages/verity/tests/ml/fixtures/gemm-B1-b3eba618b1b5-20260907T1731Z/qkv_proj_decode_0/w_row.u16
100644 7d68f9f22a111c14721b6aa0bdd8fe0328b2a6a9 integrations/vllm/verity_vllm/program/registry/quarantine/ov_moe/moe.py
100644 7d6e2117844260f40e14d47dffda5bec5431e030 backends/direct/vendor/p3-baby-bear/src/aarch64_neon/poseidon2.rs
100644 7d7a67621d918ce3aef5947c3e9222a8641de430 tools/research/src/research/telemetry/fixtures/forkshare.py
100644 7d7b4c5695e84dc5d76032a5e60191ea1fd3fe68 backends/ligero-verify/fixtures/rust_verdicts/neg_interactive_zk.json
100644 7d8a6e0a1bc8000cc179fd1c797bbd7721f680e0 backends/numerical/python/verity_numerical/redteam/ligero_q_leak.py
100644 7dc1d343229d2491e3a1e5b3a43f125dc79cac20 packages/verity/tests/ml/test_silicon.py
100644 7dd654a6185fcf3c4235f5f013a244b645bd835f integrations/vllm/workloads/qwen25-15b__bf16__l40s__tp1__b8__i1024__o128__mixed__stoch-t0.8-p0.95__bi-eager.json
100644 7df9f8c3cecee32264cfd75f78b7d0f94fdb391d packages/verity/tests/ml/fixtures/tc-total-2026-09-07/4090/mma_special.reduced.json.gz
100644 7e01b323b2018741923cc3106604bead0691fd32 fixtures/bench-instances/v1/seeds/o_proj_decode_2/w_row.u16
100644 7e01b323b2018741923cc3106604bead0691fd32 packages/verity/tests/ml/fixtures/gemm-B1-b3eba618b1b5-20260907T1731Z/o_proj_decode_2/w_row.u16
100644 7e1bc1a0f2adc2cc87a985126a1c6863fb321700 backends/sp1/common/tests/vectors.json
100644 7e228ef66e29e459ba38f1e19e64f742df0ff563 integrations/vllm/docs/data/ref-prims/EagerAttentionRef_v1-f32.json
100644 7e308ff1f328e36ce05a1a83f54f41a1e4588328 fixtures/lean-vectors/q7.json
100644 7e4424059f8f1d7e116f197fab44ea0721d71254 packages/verity/src/verity/ir/query_ast.py
100644 7e49f948728add7c10f3607d664139c6622f7c14 backends/direct/ligero/live.py
100644 7e4a23dc0c5dfd07c2a370ef469bd3870f83ebec fixtures/typed-obligation-v0/reject--dangling-gate.json
100644 7e5b4d817d7131c2ffc285bc3e344ff99fb0cda4 fixtures/redteam/babybear-battery/v1/wrap-b74da35474.json
100644 7e605e79eed849544eb50a4143ae75945a8daa56 integrations/vllm/verity_vllm/program/registry/quarantine/dense/square_bf16.py
100644 7ea00cab2fb81e54c32be0a460c64af00954c507 tools/research/tests/fixtures/run_v0.2/job.json
100644 7eb0da3234a2dc79848bb01775ffff25cae0098d tools/research/src/research/cli.py
100644 7eb81f92f4cd63857f0bde61cc2129f41da7281f integrations/vllm/tests/observe/test_hybrid_kv_groups.py
100644 7ecdc8a7432e6b7857dcb3c548e3e7bd0dfd3902 integrations/vllm/verity_vllm/program/registry/fp8.py
100644 7ed3bad9acaff5a63fc2325cfddb676d55bd4e02 packages/verity/tests/ml/fixtures/gemm-B1-b3eba618b1b5-20260907T1731Z/down_proj_prefill_0/fixture.json
100644 7ed9d60ddc65a8007aa2dfa0d6a7a87e5904cc6b integrations/vllm/tests/tp/test_tp2_sampled_replay_fold.py
100644 7eda08769700d7d8c622d21d96c24f1494e7e897 fixtures/bench-instances/v1/seeds/gate_up_proj_prefill_2/w_row.u16
100644 7eda08769700d7d8c622d21d96c24f1494e7e897 packages/verity/tests/ml/fixtures/gemm-B1-b3eba618b1b5-20260907T1731Z/gate_up_proj_prefill_2/w_row.u16
100644 7f4b317800a239bb502a638b18a2c6b7ea1adbe6 backends/numerical/tests/reference/wp1_cases.py
100644 7f4b3f94a1488149a7ef88ed94cd1d8e6a64da30 backends/direct/ligero/hashauth.py
100644 7f509be08a55c6aa97be156c3a662eeb860ccb63 integrations/vllm/tests/query/test_compare.py
100644 7f7421ecc803e2847c51a273ada0db0bcab239ae fixtures/typed-obligation-v0/accept--shared-leaf-many-obligations.json
100644 7f7547f7e1e3c2f67ebb282aea5043fd99f2c0a1 fixtures/typed-obligation-v0/reject--obligations-unsorted.json
100644 7fa38bbedbcedd88f5596f51487fe59dfa125151 backends/ligero-verify/fixtures/rust_verdicts/small_interactive_zk.json
100644 7fb40a47317594d3d336b530b22c01a4f19d6b7f backends/direct/ligero/leaf/__init__.py
100644 7fb43ae5f95e6ef2b98daae052178cbd0f9b248d backends/ligero-verify/fixtures/manifests/neg_interactive_zk.manifest.json
100644 7fd6ae409fb87149ac172e3222d16bf4a8f218d0 integrations/vllm/verity_vllm/check/golden/corpus.json
100644 7fdccaf6f7024fca690b6b17ad93b5a8abe1e74b fixtures/redteam-v2/gkr/neg/b1_honest/public.bin
100644 7fe8592d5948be2ec0670842afa32ae45290d627 fixtures/redteam-v2/gkr/neg/b1_honest/epilogue.bin
100644 7fe8592d5948be2ec0670842afa32ae45290d627 fixtures/redteam-v2/gkr/neg/b1_wrong_word/epilogue.bin
100644 7fedc862a542ef3415f4ec22b7ababeb99033bda integrations/vllm/tests/commit/fa2_prototype/reference.py
100644 7ff50671475b0bc6e5d90377c6202b864a5108c7 backends/gkr/fixtures/v2_synth/negatives/false_overflow_flag/epilogue.bin
100644 800beb7ef7b6aa6ca646f4a8aff6bbdcd7082f8f integrations/vllm/data/rec/p1-b0-lp32s15-parts/p1-b0-lp32s15-C.plan.json
100644 801bfe4723a8c18618ee51c2bd2b725ab946b056 integrations/vllm/workloads/qwen25-15b__bf16__h100__tp1__b8__i1024__o128__mixed__greedy__bi-compiled.json
100644 801e0d604f3b3f594d22c5103fbce835f524e517 backends/numerical/python/verity_numerical/explore/lattice.py
100644 8047388df8a5a41a7f1e9f628c4ff570ad8df5b2 integrations/vllm/verity_vllm/check/kernel_allowlist.py
100644 806b4a696426dc6e7041333a4f8e6082653d2d6b packages/verity/tests/test_boundaries.py
100644 808e7a03c0026fb748dca624c1ea3674bde4b239 tools/research/tests/fixtures/run_v0.2/events.jsonl
100644 808ffa435d7809acc7d8310194105bd64f9ba073 backends/gkr/tensor/fused/roofline.py
100644 809fe99d98e1d9c8a4ec5143da2c8c920d640418 fixtures/redteam/babybear-battery/v1/wrap-75c7ab830f.json
100644 80b49fe64be29829d28a4b055b3f65ef5813fd64 backends/direct/ligero/rtt_matrix.py
100644 80c5ea0327aa609b481f8483cacf834617b9d9f6 integrations/vllm/verity_vllm/program/registry/quarantine/__init__.py
100644 80d3e37a6e7e219f5898d2612df0d1523495cd1a backends/numerical/tests/reference/exhaustive_driver.py
100644 80d7d1d15732c9bb65e3e60c77b3aedcec67c46e fixtures/redteam/babybear-battery/v1/wrap-b1de2058ce.json
100644 812240ba90516489a46cf9bf372a1df0701887da backends/numerical/tests/redteam/test_redteam_forgeries.py
100644 8123db20ef6a7533a05cfe77c1fe8eb693633022 backends/direct/encode/buckets.py
100644 812acde48e55e271c82a35363f8749030ee8718f integrations/vllm/workloads/smollm2-135m__bf16__a100__tp1__b1__i1024__o128__mixed__greedy__bi-eager.json
100644 8166a65920bd1d01faf5a659a94ddbd1f7ebde65 integrations/vllm/tests/acquire/test_x03_plane_classes.py
100644 81720c516c1e0f85863ba2f622b2acdb412302c1 backends/sp1/common/tests/plan_vectors.rs
100644 817d94ef5f28454f608a79d56d0bca255deb9104 integrations/vllm/tests/program/test_compiled_replay_seed_source.py
100644 81be9e9bf58f3fe3eb17f69dce8be8b4512b48ba integrations/vllm/tests/program/test_serve3.py
100644 81c619ca41643c77bb944843d7c767061d3965d9 fixtures/bench-instances/v1/seeds/lm_head_prefill_1/w_row.u16
100644 81c619ca41643c77bb944843d7c767061d3965d9 packages/verity/tests/ml/fixtures/gemm-B1-b3eba618b1b5-20260907T1731Z/lm_head_prefill_1/w_row.u16
100644 81ccb03c3b739dfa782be7ce9ebc4132ebb6d45e integrations/vllm/verity_vllm/program/dtypes.py
100644 81e48001143dcb3e405e2ba722f6c58382185c38 integrations/vllm/tests/program/test_sampling_rows.py
100644 81e550e92adf7207b4868dc723281af487f8b3d2 integrations/vllm/verity_vllm/program/registry/quarantine/dense/scale_row_f32.py
100644 81e9eeae5169959fdefaab8b57ebbed6b8234c03 integrations/vllm/tests/harness/test_admission_telemetry.py
100644 81eef8b4d3047c51956a59c0d9827476d276a404 integrations/vllm/verity_vllm/tp/collective_sites.py
100644 8209b57ed10d4bdefa8c59e03dc6de4df132024a fixtures/tc/vectors/bf16-hopper-mma-k1536.json
100644 821702f3804137f51e516b2d86389c0713ec104f fixtures/tc/vectors/nvfp4-sm120-mma-k1536.json
100644 824785f4224e5ff13f58c20d35c238336a171652 integrations/vllm/tests/check/test_oracle_compare.py
100644 824d230dd653dfd0b7767207e168398afa2eec0a backends/numerical/tests/bench/test_tables.py
100644 827fc572e718ccb799049d061f63d0bb6d6256e9 tools/research/src/research/env.py
100644 82845e200662a1ba76153e8e0bd0e395371bd1a7 backends/sp1/common/src/binding.rs
100644 82b375b4cb2268f580760bbb204e874d111bbe78 fixtures/redteam/babybear-battery/v1/zero_swap-35277309a8.json
100644 82b9435f59cfacdf126ca20d5dd365fed64308f3 integrations/vllm/tests/regression/test_attempt_resolution.py
100644 82bc5629fbf05a36e3c3b4f021f1000c95827706 integrations/vllm/workloads/smollm2-135m__bf16__l40s__tp1__b8__i256__o32__mixed__greedy__bi-eager.json
100644 82c951b8d82402c4d2044bc850e3986c55c995d6 integrations/vllm/data/census/scaling/lp4_s8.json
100644 82ce56f6217b8ae8d0cd3ee056597b160029d639 integrations/vllm/docs/data/ref-prims/RMSNormRef_v1-f32.json
100644 82e2e2191b0e4792b9474969eb9113c57672063b backends/gkr/fixtures/manifest.json
100644 82e95cf661dae2307e10eeba96de0caa3beada6d backends/numerical/tests/checker/test_fp8.py
100644 83050585472c603144d14fefa87807f8d5e0d541 backends/gkr/fixtures/negatives/bf16.non_finite_7f81.bin
100644 830729640a6473d75831dd1974b0a297e39c4980 integrations/vllm/fixtures/B0-divergence-20260907T1604Z/layers.0.self_attn.rotary_emb/eager/in_k.npy
100644 8336bb6a9732f13dae2e5b3e9b111017d8381c79 fixtures/redteam-v2/gkr/neg/epilogue_one_zero/epilogue.bin
100644 834f8ae3375fd8766fe85ff6b71b6d7b9e3e5e5d integrations/vllm/verity_vllm/check/protected.py
100644 8358abf4c877b9ee61a874902ff2352cd293b582 integrations/vllm/tests/observe/test_compiled_execution_header.py
100644 835f328968a92aee3ca416fe6c49f7a8dbc8cb28 integrations/vllm/data/census/scaling/lp8_s4.json
100644 838ef4182f953adb9e741e8348b1c540f5359bc0 backends/gkr/fixtures/negatives/signed_sum.claim_nonzero.bin
100644 839267933f4787d774738f3acc38de9eaf82688f integrations/vllm/tests/commit/test_oracle.py
100644 83d2b0383a93c752ff058db9f04379c387897804 fixtures/typed-obligation-v0/reject--dangling-subcircuit.json
100644 83f91d481dec2452777c43a06d4694b563fb6bc9 integrations/vllm/docs/data/ref-prims/EagerAttentionHeadRef_v1[SCALE_OP=div]-bf16.json
100644 8416a946f0f1bd9f60abe6a996c77ef16a1f40e5 backends/gkr/Cargo.lock
100644 8416eca211ece71a6fa0b67b2bd98cf0536f2975 backends/ligero-verify/tests/relations.rs
100644 84430a480b92afc35bf51b54b17df0885ed01c37 packages/verity/tests/ml/fixtures/tc-total-2026-09-07/a100/mma_special.reduced.json.gz
100644 845e4ebba00f29cb393374b983ec0f10960db0f4 integrations/vllm/tests/program/test_padding_pod_consumer.py
100644 8467429951ee01ea5ceb18054b8bd665963dabd3 backends/gkr/fixtures/babybear/negatives/align_state.flushed_claims_quotient_keep_r.bin
100644 84a0cafef1c033a8f7c64cc7a367cb5361b9b2ec backends/direct/ligero/reverify.py
100644 84b30a9f3de93b2c91e7c36b50c3ddb0d9bcb576 integrations/vllm/workloads/llama32-1b__bf16__h100__tp1__b1__i1024__o128__mixed__greedy__bi-eager.json
100644 84bd98fd3ea105d58dd4cbf585f45353c9aa1707 backends/gkr/gpu/v2/tools/mmul_probe.py
100644 84bfb7d16df1dca87b2d4c024dc48ab64368c9ab tools/research/src/research/store/cli_prov.py
100644 84c181f0525fac1237a0ce0a33c33eefa759c56a backends/gkr/fixtures/v2_synth/negatives/false_overflow_flag/units.bin
100644 84c181f0525fac1237a0ce0a33c33eefa759c56a backends/gkr/fixtures/v2_synth/units.bin
100644 84c3bb9f901ca74d5f99feb860af1ab1178042af integrations/vllm/verity_vllm/check/operand_provenance.py
100644 84ee786e9bfd1ca9524fa24318f6ec4279b1758c integrations/vllm/tests/program/data/topp_split_fixture/b8_s_schedule_r15_attempt2.json
100644 8504687b6f47fceafe2717aef05fe272198c53aa backends/numerical/python/verity_numerical/redteam/gpu_a_forge.py
100644 8556649962f4f58c5a2edd2a8896faa91bdbffb3 backends/ligero-verify/fixtures/steps-pin/bf16-hopper-ajtai-n128-collide-Q/sub_00.proof
100644 8570e4e4d5ce5c669c481882982d3471fb5819d9 integrations/vllm/verity_vllm/program/registry/quarantine/dense/rsqrt_f32.py
100644 85767b5ab19254d854383004faf99db343537e4b integrations/vllm/data/census/scaling/lp2_s1.json
100644 85c37bc257a121d4d4e82ec50b1fc287367ee3e9 integrations/vllm/workloads/olmoe-1b-7b__bf16__l40s__tp1__b1__i256__o32__mixed__greedy__bi-eager.json
100644 85d4644fa855b7415ca9231320a39f017552f2ec backends/direct/src/lookup_stark.rs
100644 860d852530680fb718965f15985869a18a68d44f backends/ligero-verify/fixtures/systems/bf16-hopper-v2x4.system.bin
100644 860deab36269de00dea164325ce38c5adb8ece6a backends/numerical/python/verity_numerical/bench/latency.py
100644 861c1ee88eb7e9f91d8d9ef350978e41f99db5aa tools/research/src/research/pods/mem_guard.py
100644 862f5982129096a6e2ed40d10bec8e69bbd89f0e fixtures/bench-instances/v1/seeds/qkv_proj_decode_1/fixture.json
100644 862f5982129096a6e2ed40d10bec8e69bbd89f0e packages/verity/tests/ml/fixtures/gemm-B1-b3eba618b1b5-20260907T1731Z/qkv_proj_decode_1/fixture.json
100644 8648781233a31bdeeb63823d9b10ae705928554d fixtures/bench-instances/v1/seeds/gate_up_proj_decode_0/w_row.u16
100644 8648781233a31bdeeb63823d9b10ae705928554d packages/verity/tests/ml/fixtures/gemm-B1-b3eba618b1b5-20260907T1731Z/gate_up_proj_decode_0/w_row.u16
100644 865b011c580b68297446c6931863da8a39e4deb8 integrations/vllm/data/rec/p1-b0-lp32s15-parts/p1-b0-run-B.log.gz
100644 865d0e954e79294f5827be4ed380a48a5a39b6e3 integrations/vllm/data/census/scaling/lp64_s1.json
100644 8680dc452635eb0e9869b7c2a377794370edd5b5 tools/research/src/research/telemetry/patches/mem_guardian.py.cancel-intent.diff
100644 868fb2baf270cc97e1010805bcddeddb82b49f61 backends/direct/vendor/p3-fri/src/two_adic_pcs.rs
100644 869983e32c14dacee45f5f309919aa5d7b154db2 integrations/vllm/verity_vllm/tp/xrank_collectives.py
100644 86ac489cb60f992bdffc13576c201fed28d331e5 fixtures/redteam/vu-battery/v1/a/a_splice/epilogue.bin
100644 86bcfa9436c3238cff3998b802f4eec46b5927c8 integrations/vllm/tests/check/test_sampled_replay_stoch.py
100644 86caf99f8d4c3719379cde05321c8e20628028f1 backends/ligero-verify/fixtures/rust_verdicts/small_fiat-shamir_plain_127.5.json
100644 86d04b483a837b911dc5840e71f835009f7606a1 backends/sp1/common/src/elem.rs
100644 86d15033534604b9a6a76ea7bff3f732f05ad672 fixtures/typed-obligation-v0/reject--format-unknown-type.json
100644 86d9916c1e88265bb04b043bd309b2871e34b3a1 integrations/vllm/tests/correspondence/test_batch_decomp.py
100644 86e376e28a31bc67b0c1a7b4fb4f373f5c25747c integrations/vllm/verity_vllm/program/frontend/target_profile.py
100644 86f4b7d26be93eae3e37ca8c903d6e35b864333e backends/sp1/common/src/reduce.rs
100644 87052ed3cc31e82c3c777ce05bed6874064ff1af integrations/vllm/verity_vllm/check/global_match.py
100644 870e807b092e736394798c270f0ea71e944b083a backends/gkr/fixtures/honest8.bin
100644 87164dd942868f7649a7cb911c2a27520eacc9f8 integrations/vllm/verity_vllm/program/registry/dense.py
100644 873718d61705697ff675481a99aac710d9151bd2 integrations/vllm/tests/program/test_lifted_moe_padrev.py
100644 87490e88e8e40e866bf3a4812ffabd27120b27ef fixtures/redteam-3/logup-union/forged_epilogue_hint/epilogue.bin
100644 877b9a358c6114a155918c21aea33ca25ab79b01 integrations/vllm/verity_vllm/acquire/hidden_source.py
100644 87884f53f325a35f5720fcebdd6009c771ace4c1 integrations/vllm/data/census/census_frontier_a.json
100644 87889b58ded20495483f2dd51d50b38a838ebaf9 backends/ligero-verify/fixtures/system.bin
100644 879daae7186081556652748e92f49ea85a952f9f integrations/vllm/data/rec/p1-b0-lp32s15-parts/p1-b0-run-P1b2.log.gz
100644 87d5d2500d21c62870e8b95c9d3786eff3703e27 integrations/vllm/tests/check/test_commit_verdict_b2_attribution_note.py
100644 87dac1f2a6f9332084a107a8046b3aedc759f777 backends/direct/ligero/pubsel/relation_test.py
100644 87dd612205f471895def12b7fb7cc33eb8a66c24 fixtures/redteam/babybear-battery/v1/hint_swap-bc6bd10df3.json
100644 881f6d8511cd5376b21d4f497480de1114d232ad fixtures/typed-obligation-v0/reject--family-digest.json
100644 8822e6e64571a087b53a139fc93ca4d06facf343 integrations/vllm/tests/observe/test_resolve_m1.py
100644 8864e11e71908545019e358d832fb4a2a1ab7531 integrations/vllm/tests/ops/test_pod_bootstrap.py
100644 8871fa60e8c2b51c8400ed3a54a9574494b04402 .gitignore
100644 88c55340895c7ab6e9905125e5c04e4a3262a924 integrations/vllm/verity_vllm/observe/profiles/gen_ov_easy_family.py
100644 88e1d6b486af83bdb35be95b3e0499c8a47d1822 backends/sp1/common/src/frame.rs
100644 88e2ab1f4016d1230b4cab50473b406c9890c9ff backends/sp1/common/tests/tc_total_vectors.rs
100644 88fe4a71db51ef0262a9e1a38f3a5256dc922c7b integrations/vllm/tests/acquire/test_x03_identities.py
100644 890568ac5baf14f785789fb4e8e5616217a7817c integrations/vllm/tests/regression/test_regression.py
100644 891f2b82fd79189ccd95e5bb0fc73fa628d6a68d integrations/vllm/tests/ops/test_row_pod_policy_defaults.py
100644 896652f4d2f54372b453b835427d656607e629f6 integrations/vllm/verity_vllm/observe/resolver.py
100644 89a1fb2921b47c0acc879931b3570c83a89bb283 fixtures/bench-instances/v1/hardware/r20260922-022913-d462.probe_results.json
100644 89b447683d20a2faee733b8d97bf6a936f33666b fixtures/bench-instances/v1/seeds/qkv_proj_decode_0/fixture.json
100644 89b447683d20a2faee733b8d97bf6a936f33666b packages/verity/tests/ml/fixtures/gemm-B1-b3eba618b1b5-20260907T1731Z/qkv_proj_decode_0/fixture.json
100644 8a107a14c30514650dab299a28f1d67cf3ca4ddf backends/gkr/packed/reprice_v2.py
100644 8a1f640b8e1bfd60c1b50c164d245d5df694de33 packages/verity/tests/ml/fixtures/gemm-B1-b3eba618b1b5-20260907T1731Z/o_proj_decode_0/out_row.u16
100644 8a242bde7e3a865896acb803ebb6ad5f11065b00 integrations/vllm/tests/commit/test_binding_star_member_index.py
100644 8a31c126d7fe16066c36bdf39e1f8e49ec0c33c7 integrations/vllm/verity_vllm/observe/profiles/corpus_coverage.json
100644 8a48004c117a294ab3132906dfab83f68f7ec255 integrations/vllm/tests/program/test_heldout_codec_compose.py
100644 8a5974d85cda97be9b0d726c6d41990221890e86 integrations/vllm/verity_vllm/program/profile_descriptor.py
100644 8a6bd64eb5357238358f6894b152f0f065cab979 integrations/vllm/verity_vllm/program/registry/lifted.py
100644 8a9f0d065b899312506c5f2335b135c2788c13a1 integrations/vllm/verity_vllm/program/registry/crosscheck.py
100644 8ad529e3e9e0930b5aa15ed9b7dad519ba42e008 integrations/vllm/verity_vllm/program/numerics/tables/W11-40f0cebeb670-20260907T1800Z/mufu_ex2_delta_int8.xz
100644 8ae12df8507aeaa8b23361ebf5efb8f9002a546e integrations/vllm/tests/observe/test_fold_m1.py
100644 8af0b26ef8fc41fed29106388b0ddb335c404467 backends/numerical/reports/ledger/b-ligero2.jsonl
100644 8b137891791fe96927ad78e64b0aad7bded08bdc backends/direct/vendor/p3-fri/src/sumcheck.rs
100644 8b2145b85204b4400fa02cf9fdbfbb25a7ec8d1f fixtures/typed-obligation-v0/accept--tensor-core-pinned-family.json
100644 8b2d377a8e8af777366bbb929e9d4c44d28a222e integrations/vllm/tests/program/test_lifted_dense_b1_padrev.py
100644 8b353139882bd9bd06279413e5c9c73159b4c2fc fixtures/typed-obligation-v0/accept--vllm-framing.json
100644 8b5cec31e2a5a58b624d82f06cc8fb90baa84b54 fixtures/typed-obligation-v0/reject--format-gate-arg-component.json
100644 8b710689f48a0a4ee7e53c87861587c4958e5325 backends/direct/ligero/redteam/leaf2_blake3_roles.py
100644 8b9764264a017fc0624af5d6b931ba9267dee65c backends/direct/vendor/p3-fri/Cargo.toml
100644 8ba6924f1574b707105e3adeb63fdc0f1c575007 backends/vole/PROTOCOL.md
100644 8bb091bd83d720c53e99aa5a99b87919041ecccb fixtures/typed-obligation-v0/identity--mut--domain-unlisted-root.json
100644 8bc578e1295bf5d8c5c9f70f69d58c72db6ac9bd backends/direct/encode/commit_stream.py
100644 8be18a01451c18d46ef69ffa167bc956798040ab integrations/vllm/workloads/mistral-7b__bf16__l40s__tp1__b8__i1024__o128__mixed__greedy__bi-eager.json
100644 8bfacd2c48565bad282a0dfb550fc527228f7ef5 integrations/vllm/docs/data/ref-prims/F32ExpRn_v1-f32.json
100644 8c263535707138cfcefe5d7a6918794d863159f7 integrations/vllm/verity_vllm/harness/spans.py
100644 8c32cfec3e3c1ec0c55898a52b3bea4ade7f63d8 backends/gkr/verifier/scripts/f1_run1.sh
100644 8c42856e13d282d21567e736f9b7e988adb38579 integrations/vllm/tests/regression/expected/olmoe-1b-7b__bf16__l40s__tp2__b8__i1024__o128__mixed__greedy__bi-eager.json
100644 8c6b05673698e40ab89141dbcdccb9c2ca38b39e packages/verity/tests/ml/test_prims.py
100644 8c84cb65cc2f17ac8e4ea45db0f5a82b92a0a6a8 backends/direct/ligero/hints_fused.py
100644 8c85d008dd6e96209eea4c19f96508bb99214632 integrations/vllm/tests/regression/test_check_lifts.py
100644 8c8721dcca9e30c8765cc392f3d80050535c5257 backends/direct/vendor/p3-fri/benches/fold_even_odd.rs
100644 8c8dc134fd39fa252759c64b5881e58fc10278a3 integrations/vllm/workloads/smollm2-135m__bf16__l40s__tp1__b8__i1024__o128__mixed__greedy__bi-eager.json
100644 8c9b32d182749ce38a8731e365f09a966a68e2b9 tools/research/tests/test_store.py
100644 8cf2332cdbfbe0fa3a8c836783ee4c1e5ea0eaa9 fixtures/bench-instances/v1/seeds/qkv_proj_decode_2/w_row.u16
100644 8cf2332cdbfbe0fa3a8c836783ee4c1e5ea0eaa9 packages/verity/tests/ml/fixtures/gemm-B1-b3eba618b1b5-20260907T1731Z/qkv_proj_decode_2/w_row.u16
100644 8d0376630bfe4e138636c29576f4dd33ee272609 integrations/vllm/tests/tp/test_tp2_rank_profiles.py
100644 8d63bdd21f94a14435389d0b910012fd268c5ed8 integrations/vllm/verity_vllm/observe/profiles/expected/derived_MISTRAL7B.json
100644 8d670547f09389c77a78642f612ffc74d9eea87a backends/gkr/fixtures/babybear/negatives/output.plus_one.bin
100644 8d7f3b3362b3592a445eef550b89cb02793ba62b backends/vole/patches/verity_v0.rs
100644 8da41e26571d2dd4639dceb7bf014ec5af6b59b2 integrations/vllm/tests/acquire/test_native_collect.py
100644 8dbf72d98df5860106fa1eaa953ec0d7e0fca905 fixtures/typed-obligation-v0/identity--mut--gate-op-equal-output.json
100644 8ddec76a70657bfd1e7fea22dc0942d6dc62cffc backends/gkr/fixtures/babybear/negatives/fp32.wrapped_reconstruction.bin
100644 8de4918ce5c3307f50a90a9a4f8132ee2fc82327 tools/research/tests/test_store_sql.py
100644 8de8203289bcf0cf0c036611474099c232745122 integrations/vllm/data/census/scaling/lp8_s15.json
100644 8deb4ac1c40ad7d1b4cf7d9fae13cda4d444ec40 integrations/vllm/verity_vllm/observe/profiles/vllm_d9105ea80_sm89_eager_qwen15.py
100644 8e17d60c200dbe791033986f9d7dfc075b10cc36 integrations/vllm/tests/harness/test_source_identity.py
100644 8e4534131a946645b527f99c84f3cfdbf750d60d backends/gkr/gpu/v2/tools/extmul_probe.py
100644 8e73b8d9a6e6222d3bbca4d6b1b979d591a70c3f backends/ligero-verify/fixtures/bf16-ampere-hash/system.bin
100644 8e801b0765069857b09777addb817ccffbbd65a9 fixtures/typed-obligation-v0/identity--mut--operand-order-boundary.json
100644 8e83cf44516f37c3f9990ce51e5a11388048c987 integrations/vllm/verity_vllm/observe/prefix_cache.py
100644 8e8d0830bf8bf13bbed4c21d0410d49928885b85 backends/ligero-verify/fixtures/rust_verdicts/mut_fiat-shamir_plain.json
100644 8e91a216d52996cfa943e7b7b9d64e18535bb307 backends/ligero-verify/fixtures/fp4-nvf4/sub_00.proof
100644 8e9a61d50d23cfc22069dbc49f32c938e5c4f9b5 integrations/vllm/docs/data/ref-prims/EagerAttentionHeadRef_v1[SCALE_OP=div]-f32.json
100644 8f0fa5026ae0962720292eca156831549ec875f1 fixtures/bench-instances/v1/seeds/o_proj_prefill_2/fixture.json
100644 8f0fa5026ae0962720292eca156831549ec875f1 packages/verity/tests/ml/fixtures/gemm-B1-b3eba618b1b5-20260907T1731Z/o_proj_prefill_2/fixture.json
100644 8f1f2a317e90341ad18eab87a3798403de2ba878 integrations/vllm/verity_vllm/acquire/native_collect.cpp
100644 8f2258c4e3d6f99c5145ac415adff1704ec6bfaf tools/research/tests/fixtures/run_v0.2/out/verify.jsonl
100644 8f3acc1ba3b8eb4b03c97ce5cf543b0e4f38178c integrations/vllm/tests/check/test_rev_r16_named_population_gap.py
100644 8f5c4bfd4e880da2cd4cc181c36bb4d5eee7d1af integrations/vllm/docs/data/ref-prims/ref-vocab-manifest.json
100644 8f794a3f675bc2033f205483f49e0e5cc74b7cad backends/numerical/python/verity_numerical/explore/authentication.py
100644 8f9a3db30561ed67ce33ea6bbd857dd505bacce8 integrations/vllm/verity_vllm/acquire/fa3_tap_src/verity_tap_fa3.h
100644 8f9aebe0cce694202eca178313324cee7614b965 fixtures/typed-obligation-v0/reject--width-mismatch-binding.json
100644 8fa7e912eb12e6cd3654c423de3de44c16d80f37 backends/gkr/fixtures/babybear/negatives/normalise.left_shift_steals_remainder.bin
100644 8fbc11e4df8562c07713384432de1810afe33fa0 integrations/vllm/data/census/scaling/lp12_s12.json
100644 8ff25b738edc6d12a659bfd65e28e4571ac2c06b backends/sp1/common/src/gateset.rs
100644 8ffa4679fa77dfee22e6d59fff5bc9f3f74e18e7 integrations/vllm/tests/regression/expected/gemma2-2b__bf16__l40s__tp1__b8__i1024__o128__mixed__greedy__bi-eager.json
100644 903c35f7bdab6ead825ec24bfaa52f052974dcc9 backends/ligero-verify/fixtures/steps-pin/fp8-ada-bare-steps32/forge.json
100644 9043ed82b67905595f1af318f644b4fc2d38061b backends/ligero-verify/fixtures/rust_verdicts/time_fiat-shamir_zk_8T.json
100644 9046a658576349e6642b7fe74e1ff39222c2d55c tools/research/src/research/telemetry/policy/RULES.template.md
100644 905b395025abaabf554dce0b9477d66cc571ea3d integrations/vllm/tests/query/test_program_view_columns.py
100644 90610492add27d2b9db3874a3cbec114c4b0f26c integrations/vllm/verity_vllm/observe/profiles/family_facts.py
100644 907462f24e353119a64decb708f5a75047b75eef integrations/vllm/tests/regression/test_step_segmentation.py
100644 90ce08a4171ba47df7ae50e089aa98c6cb6517bd backends/direct/ligero/v2/fc.py
100644 90ddf9dc717030843c94ad983977cee44ea526e6 backends/direct/encode/results_radix4_r20260922-081137-109d.json
100644 90e75c326c62366f4f9388d848282403bc49fa07 backends/gkr/fixtures/babybear/negatives/overflow.neg_inf.bin
100644 90eafabd5a9d70ff0653f0c8830785dd4218ea60 integrations/vllm/verity_vllm/program/numerics/rms_relation.py
100644 91698f86b4fac29131291878148a5dcf7038128a backends/ligero-verify/fixtures/rust_verdicts/set_fiat-shamir_zk.json
100644 918a7bb21cf162497d28147493dcae93682a23be backends/gkr/fixtures/babybear/negatives/fp32.false_zero.bin
100644 91ac36e46f604b6348398a60897c64b29d3e0cf0 integrations/vllm/tests/query/test_literal_operands.py
100644 91cd0525df8a041d477e70bf99cde2a8408595ff backends/direct/encode/encode_matdft_int8.py
100644 91fb701855633ba22f41a41dfdff2bfd711b4999 integrations/vllm/fixtures/B0-divergence-20260907T1604Z/layers.0.self_attn.rotary_emb/eager/out_q.npy
100644 9207d4767a1ef8b253760d9102f62202855d4a38 backends/gkr/fixtures/negatives/align_product.steal_unshifted.bin
100644 9207ef3837edf4255725a75ac952f2b7b9e2201c backends/shared/hash_gpu/blake3_cuda.py
100644 920ab6bcecfdfe2df0f29dc4077376085621b6b9 integrations/vllm/verity_vllm/program/frontend/triton_capture.py
100644 92807ad16d70ad3c1eeb02c64c6445df1855e235 tools/tc_probe/wgmma_tiles.cu
100644 928202cd635712a2292065b2e8c38c7384b073a0 integrations/vllm/data/contract/a56-coverage/gpu/head64/manifest.json
100644 92906955d715a42d5f6ff6d8ab3d0b89210813da fixtures/typed-obligation-v0/reject--duplicate-producer.json
100644 92caa4b6b990b31cfca9359ca7aa53c30c2fa1e6 integrations/vllm/tests/check/test_compiled_linkage_attribution.py
100644 92da392e449a035508988fb5ba37b055b7fc58e5 backends/direct/ligero/relchain.py
100644 92e56f424cc1509cbd5f8b98cfdff349fc611f5e backends/numerical/reports/ledger/auth-integration.jsonl
100644 9301b59bf11f60a14458a088aec13805ad2f6ff9 backends/ligero-verify/fixtures/steps-pin/bf16-hopper-ajtai-n128-collide-P/sub_00.proof
100644 9301fd573e75fbe165142751f03f03610195995d fixtures/bench-instances/v1/seeds/gate_up_proj_decode_0/x.u16
100644 9301fd573e75fbe165142751f03f03610195995d packages/verity/tests/ml/fixtures/gemm-B1-b3eba618b1b5-20260907T1731Z/gate_up_proj_decode_0/x.u16
100644 93281044d4f854b95fa045f4e6ec125f92d55a49 fixtures/redteam-v2/gkr/epilogue.bin
100644 93281044d4f854b95fa045f4e6ec125f92d55a49 fixtures/redteam-v2/gkr/neg/honest/epilogue.bin
100644 93281044d4f854b95fa045f4e6ec125f92d55a49 fixtures/redteam-v2/gkr/neg/unit0_noninitial_state/epilogue.bin
100644 932a0b4afc0bc0d00ce8c93929512bc6bb9ff62a fixtures/redteam/vu-battery/v1/a/a_honest/epilogue.bin
100644 932a0b4afc0bc0d00ce8c93929512bc6bb9ff62a fixtures/redteam/vu-battery/v1/a/a_public_word/epilogue.bin
100644 932a0b4afc0bc0d00ce8c93929512bc6bb9ff62a fixtures/redteam/vu-battery/v1/a/a_swap_words/epilogue.bin
100644 9358ead99618d39484966153fb61c71846f14d43 fixtures/typed-obligation-v0/identity--mut--root-qualification-consistent.json
100644 9361ea57604e9f17a4901b67dc29cd759ed9861e fixtures/typed-obligation-v0/reject--format-bad-hex.json
100644 937c3d719f52c6c497b4c9a3c9b49a41113aaeb6 backends/numerical/python/verity_numerical/security/zk_cost.py
100644 93927b9ce7e025ad031c8d14b0b3d8352db9809f integrations/vllm/verity_vllm/tp/embedding_shard.py
100644 93f02a126bdb7463a94bd4ecc4d4821577b4cca0 integrations/vllm/tests/program/data/topp_split_fixture/manifest.json
100644 9415c22ced875244e708e3a593e110e630e169ff backends/ligero-verify/src/leaf.rs
100644 9420f87e65850318836c1ad1c607302d586a3a35 backends/shared/anchor_a100/results/hash_gpu/stdout.log
100644 942647e767aa35617cd870210c4dd050ee9dd70c backends/gkr/fixtures/babybear/negatives/state_out.claim_overflow.bin
100644 943fba685c846893c71808e10dfb7b42f4f21b95 integrations/vllm/verity_vllm/observe/engine_profile.py
100644 947424bb7cf7d1b8a8313cbe956e6e9f08adc8ab integrations/vllm/workloads/qwen25-15b__bf16__l40s__tp1__b64__i1024__o128__mixed__greedy__bi-eager.json
100644 94893cf8598043b2227c26ebad4c5473fef375d2 integrations/vllm/verity_vllm/observe/profiles/canonical.py
100644 9491c00b4aa0933b405be7a8b85474081600c863 backends/sp1/host/src/main.rs
100644 94c636e319d45a7f832dc4b9b7e3783f7c85afa0 integrations/vllm/data/rec/p1-b0-lp32s15-parts/p1-b0-nl1-v1024-lp2s1.json
100644 94cdaf75637db126d0367830c27ea651895be1f1 integrations/vllm/workloads/workload_32x16_1req.json
100644 94f80f6565b81a84666da21ecad6c3b43c991a59 integrations/vllm/tests/check/test_sampled_replay_query_population.py
100644 951ed2d30beeb6a778bc84ade66524be740e2c71 integrations/vllm/tests/program/test_artifact_applicability_independent.py
100644 9544e1b801a890294183eb7a925ea953433ff260 integrations/vllm/verity_vllm/program/frontend/examples.py
100644 954d1f4ecbd2a923cfcd647e081151aebb275041 integrations/vllm/verity_vllm/correspondence/chunk_attribution.py
100644 95763283891bb4d68dca65cca5406d6c8a349b10 integrations/vllm/verity_vllm/program/registry/quarantine/dense/bf16_mul_scalar.py
100644 958cf157eeb1c72aabdba9104f7593dbff0bbe8d backends/ligero-verify/src/main.rs
100644 95f790a3aa3f6dac01c9458ffd11894bc6619b6d integrations/vllm/tests/program/test_serve3_authored.py
100644 95f9833ca1fc419a11e40de29afc0ac837aa0dd6 backends/ligero-verify/fixtures/systems/bf16-ampere-v2x4.system.bin
100644 9607221c36f611007535116f0a990496e3a3e333 fixtures/redteam/babybear-battery/v1/wrap-6f8c9225c5.json
100644 961d738ba9192470ff8248bb27e8e32ffb79398b backends/numerical/tests/bench/test_store_tables.py
100644 962d84de5b40eee51d934688424c0cadd0c687d1 backends/gkr/fixtures/babybear/negatives/signed_sum.negative_zero.bin
100644 9630fc94e7d23ffd0ac5404e60fc5f9bd944c848 integrations/vllm/tests/program/test_gen_ov_moe_vu_shapes.py
100644 966eb3d84df1536281aa282ea9d4ca0039d4f6c0 backends/gkr/fixtures/babybear/negatives/align_state.flushed_claims_quotient.bin
100644 96733a4ea340ea78ddc7a1a929e1acf3076f49e6 backends/direct/ligero/leaf/ajtai_test.py
100644 96747ca2568498e0e10100de07a4b873d3d40dca backends/ligero-verify/fixtures/steps-pin/fp8-ada-ajtai-n64-steps32/sub_00.proof
100644 9681a0dbe5067ab16d14e173b26602bf2819a526 backends/shared/anchor_a100/results/encode/bench.json
100644 968c5ed1e5eb9f8355cb72b56e55e0d7196824c0 integrations/vllm/tests/commit/test_hidden_stream.py
100644 96a3a7b4902653b4eee9d229a02a8050274eaed4 backends/numerical/tests/redteam/test_redteam_3_fixtures.py
100644 96a47c07e08d113e395269513e9c9c48c234a5ce integrations/vllm/tests/observe/test_prefix_cache.py
100644 96c26484284be983a70c506f41643ccc727f382b backends/direct/ligero/v2/tests/test_toy.py
100644 96c8fec007fdd08d3557c340df1852b0d1e4311e integrations/vllm/tests/ops/test_row_pod_cancel_forwarding.py
100644 96d2474897e13ba0fa995a6cf797bf3e4ec76ef1 backends/numerical/tests/explore/test_lookups.py
100644 96f24a924d779092c8939dfaae2397712fa336c9 packages/verity/src/verity/commitments/indexed.py
100644 97044b6368cd03adaa8f7b39394bc5705f218841 backends/numerical/reports/ledger/b-v2.jsonl
100644 970aa885ec63528f21db786e0baf8bfe82cec27d integrations/vllm/tests/program/test_frontend_analyses.py
100644 97285b446d0a114e429184f9d1a8456c810a34dd backends/gkr/packed/logup_reference.py
100644 975759d92fae081839e94046a84ebba7c8061877 integrations/vllm/workloads/qwen3-4b__bf16__a100__tp1__b1__i1024__o128__mixed__greedy__bi-eager.json
100644 9767256f6e605404f16b2c285e1c0979612ad979 integrations/vllm/tests/program/test_refs_runs.py
100644 976c413e5a1b13271ccd098907b4b3d6c62d7971 fixtures/redteam/babybear-battery/v1/wrap-228bcede92.json
100644 979562d20a38c9060826e312bc855186d2a1ba76 backends/direct/encode/matdft_ref.py
100644 97f462421d8aebc1de5507b892628f5fddacb126 integrations/vllm/data/workloads_r12/qwen25-15b__bf16__l40s__tp1__b1__i4096__o512__mixed__greedy__bi-eager.json
100644 97f710b23a420590497115fe35041f487bf484f4 backends/gkr/tensor/fused/round_tc.py
100644 9817a7ad38ab64a8c546f3932ce4470e5b6c1fa5 packages/verity/tests/ml/fixtures/gemm-B1-b3eba618b1b5-20260907T1731Z/gate_up_proj_prefill_1/out_row.u16
100644 984d8bb4566aba16b2233baaa5c14a28acf6afd7 backends/gkr/fixtures/babybear/vu_synth/epilogue.txt
100644 9858b0b25ef9117fe5671eafd9580cff8348aa9a backends/direct/ligero/fp4/relation_test.py
100644 986637cbf1cde3226ce16b627c654d329ca9bde9 fixtures/redteam/babybear-battery/v1/wrap-6a31766c6f.json
100644 987c2a9e4ca59e342a2c8d8b33e8fb567294676a backends/README.md
100644 98a0c56ef7f188892a3e0aa914f8c7cda4ea5893 fixtures/redteam/babybear-battery/v1/wrap-d7c00e21dc.json
100644 98cedb7a6e3b0b3a46adb9979a02c112ae7d42a1 integrations/vllm/verity_vllm/check/holdout.py
100644 98ff7dbef35a8090981e2d805f8ce0b38bdd82f0 integrations/vllm/tests/dead_code_keep.json
100644 9915ba642ba4a83633a8c32189c4a0f443a9a972 integrations/vllm/verity_vllm/program/registry/quarantine/dense/square_f32.py
100644 991e623489d02c797953c39f19f3de2b8ac4c0c9 packages/verity/src/verity/verification/lowering.py
100644 9926f2527e2843102199910516aea3a159d488a2 backends/direct/ligero/fp8/README.md
100644 99413f6f589b49435c81b9a75bd196d0a2988600 backends/gkr/packed/tests/test_reference.py
100644 99431e76d907764b066eb28bdecef1ff16f98487 integrations/vllm/workloads/qwen25-15b__bf16__l40s__tp1__b32__i1024__o128__mixed__greedy__bi-eager.json
100644 994a47326b7edf77b66ab9344c76445dbdacce0f backends/ligero-verify/fixtures/systems/fp8-ada-v3.system.bin
100644 9992edd30035bffa5da894f605ca02aac09bf9d4 integrations/vllm/verity_vllm/harness/workload.py
100644 999e33ea386020b0947127c2181331c47857e81f fixtures/redteam-v2/gkr/manifest.json
100644 99a2e094225cc463e1e56de00198465a41980c50 backends/shared/hash_gpu/bench.py
100644 99aa3638a0efbdebdc71752c91d14c01044600fd backends/gkr/tensor/fused/round_simt.py
100644 99be22fc91502b2c6cece8597aa8d4354138e92f backends/gkr/fixtures/babybear/negatives/normalise.m_plus_one.bin
100644 99f8f819a183c6b5ab8b3dad7e669ab6f48dc42f integrations/vllm/verity_vllm/ops/known_roots.json
100644 99ff997596522d1e6f0eb7cb1a1df9a0d0f12a25 integrations/vllm/tests/observe/test_gen_sampling.py
100644 9a01d2bf6a8d20c51e18b0fcabd13a111ffc2d4d fixtures/tc/vectors/bf16-hopper-mma-k16.json
100644 9a2a11d4e6cafc7debd4b009800480e640f6687f packages/verity/tests/ml/fixtures/gemm-B1-b3eba618b1b5-20260907T1731Z/o_proj_prefill_2/out_row.u16
100644 9a4f2d6ee26c892bc9b90ed821b7284792e9c846 integrations/vllm/tests/program/test_target_profile.py
100644 9a4fdfac42b34e4d234d2b5ff010a243051ce84d fixtures/typed-obligation-v0/reject--format-non-ascii.json
100644 9a6d972670408f007be45c22ad1e41db692c83f1 fixtures/redteam/babybear-battery/v1/zero_swap-a1bc5d91e2.json
100644 9a7c2da8847e5ae4637c02e4fbefa7d38fec9973 backends/ligero-verify/fixtures/bf16-hopper-ajtai-n128/sub_00.proof
100644 9a8c0daa78b7346a839ca8a97645f2563953087a integrations/vllm/verity_vllm/observe/contract.py
100644 9ac69cfb8311ca04991f8850059cf6c58b20beec integrations/vllm/tests/regression/expected/qwen3-4b-fp8__fp8__h100__tp1__b8__i1024__o128__mixed__greedy__bi-eager.json
100644 9acc62caa1491c287af4b6ae5b71d3396fa6ccbe tools/research/src/research/telemetry/cgroup.py
100644 9ad47622c2c9bff53cff5c14f1f23c3db0896bf2 pyproject.toml
100644 9ad6ca7d67979ae8eb3562ee6b0a28d356ba6200 backends/gkr/packed/reference.py
100644 9ae9cd4d08ec5354954927f2d419e8e38f9688cf integrations/vllm/verity_vllm/program/registry/prims.py
100644 9b009c8c6518035673d9c6910831cb6007179745 fixtures/redteam-v2/gkr/neg/chain_spec_stripped/epilogue.bin
100644 9b009c8c6518035673d9c6910831cb6007179745 fixtures/redteam-v2/gkr/neg/epilogue_wrong_unit/epilogue.bin
100644 9b6e0cec122214455c11c830b77ecab169a2bb9c packages/verity/src/verity/verification/target.py
100644 9b6e83af3e9bf16d9cbddf1129584d297feded23 tools/native_peak/measure.py
100644 9b7c7c9633f5315700136f243bd94a94bd7e0297 fixtures/typed-obligation-v0/identity--dead-declared-return.json
100644 9b828c1aad8e55dc0ce5f838f3cfc695f865dd4b backends/numerical/reports/ledger/red-team-babybear.jsonl
100644 9ba10e1284dfbb248130fc226bbfe5304fd4c613 integrations/vllm/workloads/workload_qwen15_32x16_1req.json
100644 9bb428bdf85d4182c83dff0cdfc2a4b84e72e8c1 integrations/vllm/workloads/llama32-1b__bf16__l40s__tp1__b2__i256__o32__mixed__greedy__bi-eager.json
100644 9be2b5e9466e0861f8fdc0590765b7f981f81d70 integrations/vllm/workloads/workload_b0_long512_1req.json
100644 9bf480a3a3538e69992a496fe5f53dedd4188c50 fixtures/typed-obligation-v0/identity--mut--projection-dead-return-forced.json
100644 9c096fc8d98402ede34dba07ce9d1b45d84889ad integrations/vllm/verity_vllm/harness/telemetry/__init__.py
100644 9c11ccdf69eceade74ae504937079d90207cd30b tools/research/pyproject.toml
100644 9c19b63341a57a957de2438d40f00a14676463e5 integrations/vllm/workloads/llama32-1b__bf16__l40s__tp1__b128__i256__o32__mixed__greedy__bi-eager.json
100644 9c1a97f1ce8f39654e0a6608246e088116629392 README.md
100644 9c1adbd0c175a46a9649a3a87b11eb8a6ab57017 integrations/vllm/workloads/llama32-1b__bf16__l40s__tp1__b8__i1024__o128__mixed__greedy__bi-eager.json
100644 9c215d213d0c0a25477a5dcc82e06a8b641fbf02 integrations/vllm/workloads/workload_cov_b0_b8-mixed_c256.json
100644 9c57c8902a6ab234352b05b0fe24b86d0074a7a0 integrations/vllm/verity_vllm/observe/profiles/hf_configs/MISTRAL7B.config.json
100644 9c9abca4b39f89547d49653b90d94b6d98af04c5 integrations/vllm/data/contract/a56-coverage/coverage.json
100644 9cd138acf258d3d808eda705c2eea7141039f01c integrations/vllm/tests/regression/checks/executed_prefix.py
100644 9cf0dfc00bfdbefe99ba5f8e0e799513a6ac23e5 integrations/vllm/tests/regression/checks/verdict.py
100644 9cfd447916e77f621d07026ddaf326b6cabdfb8d integrations/vllm/fixtures/B0-divergence-20260907T1604Z/layers.0.self_attn.rotary_emb/compiled/triton_poi_fused_1__4263f5a6.py
100644 9d0cad9c0aabb06e2a5b5c9b01d953dbe7376ed9 integrations/vllm/tests/regression/store_io.py
100644 9d0ea2c092970b957b86d9496442e8fe6f25bf32 packages/verity/tests/ml/fixtures/gemm-B1-b3eba618b1b5-20260907T1731Z/lm_head_prefill_2/out_row.u16
100644 9d0f80d44757594832c3e515982d67d2faf7f4c6 integrations/vllm/tests/observe/test_resolve_log_group_label.py
100644 9d29cc2c611b68d7180f97ce176801b715d1f248 integrations/vllm/tests/acquire/conftest.py
100644 9d8b801fdcee37249cbdf92da1a5cf95b35aadab fixtures/bench-instances/v1/seeds/lm_head_decode_2/w_row.u16
100644 9d8b801fdcee37249cbdf92da1a5cf95b35aadab packages/verity/tests/ml/fixtures/gemm-B1-b3eba618b1b5-20260907T1731Z/lm_head_decode_2/w_row.u16
100644 9dca9c1099bacb415f94473a36c43d4032c6ce67 tools/research/src/research/telemetry/classify.py
100644 9def8eab6886caa0da64d0ee2b70d995b0567f92 integrations/vllm/verity_vllm/check/global_match_fast.py
100644 9df274a3cc76fa1e2f4384466d50b108bec17149 backends/direct/ligero/leaf/poseidon2.py
100644 9dfc40ee3f929c85599c6063268bdcb470f95ce5 integrations/vllm/verity_vllm/commit/hidden_stream.py
100644 9e1137f15734accaa847866a3c322e13806582cf backends/ligero-verify/fixtures/rust_verdicts/small_fiat-shamir_zk.json
100644 9e29f40a4666b94fa52caf85dc86a9938efa52fa integrations/vllm/verity_vllm/program/registry/quarantine/ln/layer_norm_aten.py
100644 9e2a861ac2a30f78b6dc3977396c8faba5a27bf0 fixtures/bench-instances/v1/seeds/o_proj_decode_0/fixture.json
100644 9e2a861ac2a30f78b6dc3977396c8faba5a27bf0 packages/verity/tests/ml/fixtures/gemm-B1-b3eba618b1b5-20260907T1731Z/o_proj_decode_0/fixture.json
100644 9e51d4434694b98c6ea9b05e532402f4583af8c2 backends/sp1/host/Cargo.toml
100644 9e58025e25347d5051b258d78eb698ee286c5b10 backends/gkr/packed/tests/test_logup_gpu.py
100644 9e5eb3f1842b5b88382470291eda2b221bf64e10 backends/gkr/tensor/fused/round_logup.py
100644 9e73e67ceeaf1c724c636267687652df4082e105 fixtures/typed-obligation-v0/reject--out-out-of-range.json
100644 9eb2e79940a6cb5a629cfbd54ca0022ebcb6560d backends/gkr/src/transcript.rs
100644 9eb6bf45e2dda62bac08ffae27c58f63ee32f036 integrations/vllm/tests/harness/test_release_json.py
100644 9ec91bb575a680bf4f8d06056a3f21aae8395f18 backends/numerical/python/verity_numerical/bench/instances.py
100644 9ec92b413045bb4e80dc9f6c6f2360b7c3a30c55 integrations/vllm/data/hf_configs/QWEN05.config.json
100644 9ee1683d1b034b2530a7e933ed97723905268f5e backends/shared/hash_gpu/poseidon2_grain.py
100644 9ee300f9587f4bbbf34f6c13a53c61653ce35cfe fixtures/bench-instances/v1/seeds/o_proj_prefill_0/fixture.json
100644 9ee300f9587f4bbbf34f6c13a53c61653ce35cfe packages/verity/tests/ml/fixtures/gemm-B1-b3eba618b1b5-20260907T1731Z/o_proj_prefill_0/fixture.json
100644 9efcde6473d4787ac4029316522fbb9dd2092e07 integrations/vllm/tests/program/test_sampling_operands.py
100644 9f1ef464ea24cab6c537c31e4f35b7eb16f9c158 backends/direct/encode/buckets_v2.py
100644 9f27c0d3c97078c614376799c3e6d30bf857912e integrations/vllm/tests/program/test_conformance_record.py
100644 9f67cac1bb1d2c681308967bcb2eaf1bb95c5c24 tools/research/tests/test_notes.py
100644 9f8113324a81fd3c3aa2c061b7c54039ac1d2ab7 integrations/vllm/workloads/llama32-1b__bf16__l40s__tp1__b128__i1024__o128__mixed__greedy__bi-eager.json
100644 9f9809e7caa82a3ebf12c0a56f0bf22ac58078d5 integrations/vllm/tests/program/test_lifted_request_padrev.py
100644 9fae5bf08916e9f031972491d0d13f46483bf38d fixtures/redteam/babybear-battery/v1/wrap-2cbfe6f9b1.json
100644 9fbf9292b9cd5c006b9d799c7812edff83fc4afa backends/ligero-verify/fixtures/fp8-ada-hash/manifest.json
100644 9fd0521050d36bb6cc00109e5bf8a4e02fad0256 backends/ligero-verify/fixtures/systems/fp8-hopper-v3.system.bin
100644 9ff475ad3c2ace12ddd2fcb41243c275c2e26337 fixtures/typed-obligation-v0/accept--word-arithmetic-8.json
100644 a0065d7d61344d5e4ce55eab9c477c4778c3209d integrations/vllm/workloads/olmoe-1b-7b-padded__bf16__l40s__tp1__b1__i1024__o128__mixed__greedy__bi-eager.json
100644 a00668023ab6905a0e31d2a2448013cecbd38d94 fixtures/typed-obligation-v0/identity--mut--operand-order-boundary-total-rule.json
100644 a0288fe0dd403e57176bd464c2b4b361e10debd8 integrations/vllm/tests/program/test_derive.py
100644 a049bc796e80c47eba7b631bc6eadea6f9dc4f6b integrations/vllm/verity_vllm/check/poc_required_interface.py
100644 a066ec18a29508ed6bcfbdaee1911ba7822068ee backends/numerical/tests/explore/test_tensor.py
100644 a075bcd9ca7118fd4eedde96d536cc38d38d05f8 fixtures/redteam-v2/gkr/neg/swap_vu_epilogues/epilogue.bin
100644 a076f59ea07024bc614956e78e3e00efe15eef42 packages/verity/src/verity/ir/defs.py
100644 a0b975538447dfb7381f93aa0c068c3c7cc97364 integrations/vllm/tests/check/test_quarantine_lint.py
100644 a0c8da9cf68d19f4fa2c6d53094232c4c7399a10 backends/direct/ligero/redteam_battery.py
100644 a0e9726c7337f2988e82ee12497dccc46f603983 backends/gkr/fixtures/babybear/negatives/signed_sum.claim_zero.bin
100644 a10a2929cd97b4ddaf5e81eb0cdf0de267fb2c89 backends/shared/anchor_a100/results/hash_gpu/bench.json
100644 a149024ab428f365e9a4f02bf309e5947be82ffe packages/verity/tests/ml/fixtures/gemm-B1-b3eba618b1b5-20260907T1731Z/down_proj_decode_1/out_row.u16
100644 a14afa7e5ffd14828809dd5d2d7390aa717c37da packages/verity/src/verity/commitments/__init__.py
100644 a17734152685b3df27272de6e8f77c4d64a0d2e4 integrations/vllm/workloads/qwen25-15b__bf16__l40s__tp1__b2__i86__o128__probe-eos__stoch-t0.8-p0.95__bi-eager.json
100644 a18fc50791cff6fe11899bd19253c0f962355fe6 integrations/vllm/tests/program/test_running_example.py
100644 a1b7e1d84b07a7b279db2b39afaab40c6824158f integrations/vllm/tests/harness/test_snapshot_cap.py
100644 a1e26343e8326626b5b65a092e7fbb5a2902e42e integrations/vllm/tests/commit/test_binding_negatives.py
100644 a21e79899797cfa00c86e43de0d81c65fe85b31f backends/gkr/tensor/fused/bench_logup.py
100644 a22b06aaa9618b4a3071e897b4e7c107e41577fd integrations/vllm/data/rec/p1-b0-lp32s15-parts/p1-b0-lp32s15-merged.json
100644 a22d548e78ac2a3ab366a6597366230771c3f30a backends/numerical/python/verity_numerical/explore/vole.py
100644 a2435211f04a799a76e74dc5af9e07649a6ce578 integrations/vllm/workloads/smollm2-135m__bf16__l40s__tp1__b1__i32__o32__earlystop-sync__greedy__bi-eager.json
100644 a260d9e9fa94d0a1cdbfbc143b985a36529e9bd2 integrations/vllm/verity_vllm/check/__init__.py
100644 a261357ba4ff38be7d7e18e1fa31fe87c654a5b5 integrations/vllm/tests/query/test_query_counterexamples.py
100644 a275425956573406e1b53d8dc605a93c502f0432 integrations/vllm/workloads/olmoe-1b-7b__bf16__l40s__tp1__b128__i1024__o128__mixed__greedy__bi-eager.json
100644 a290497ae4b2a89454fd6d005c11dffd8ec8db75 backends/ligero-verify/fixtures/fp8-ada-ajtai-n64-g1-decoy/sub_00.stmt
100644 a29c5efe0728c98763614cdbdab7c069608e7c83 fixtures/typed-obligation-v0/reject--unsupported-family.json
100644 a29dd84b9e088d08bad56b3b8cdf9f15ec67f7e3 backends/ligero-verify/fixtures/bf16-hopper-ajtai-n128/system.bin
100644 a2b53e819f492764a4c7fef5db7d5dd8f87b7871 integrations/vllm/tests/check/test_replay_m1.py
100644 a2f904b01afb21d3e045917e8066d0dc8ac50df0 fixtures/typed-obligation-v0/identity--mut--format-gate-index-string.json
100644 a3122378c9955286c718f685e9801b75a129c2b6 integrations/vllm/tests/program/test_global_program_regress.py
100644 a317cc41a5dc54b2a4818a3ae75ba9c6b689fe05 tools/native_peak/tests/test_native_peak.py
100644 a34b5e64ad835f3b8ee37b4468d38124c46ab77f backends/shared/anchor_a100/results/tensor/bench.json
100644 a3cce997404110bd0381f8b4436f79a6991b81a0 integrations/vllm/verity_vllm/check/tables/B0-divergence-20260907T1604Z/cos_sin_cache.npy
100644 a3ee7aba3900310858af38eb929958d6d3e0f3ae integrations/vllm/verity_vllm/check/sampled_replay.py
100644 a3fc8e10d3dc7981510ff667cd998aae99d108cc backends/ligero-verify/fixtures/fp4-nvf4/sub_00.coins
100644 a413ecab3c521d7371719fa8c23ff125fcdc86d9 fixtures/typed-obligation-v0/accept--tc-store-cast-nan-sw.json
100644 a43426b4a90ad48d384bca1d597e32d018d3c832 backends/direct/ligero/verify_result.py
100644 a456fe7c6a065f95f35a6bf01f0b67ff358db130 backends/numerical/python/verity_numerical/bench/__init__.py
100644 a46d7ccc44e35b14bc9630a6082fe4e448a29688 integrations/vllm/verity_vllm/program/frontend/torch_frontend.py
100644 a472fe816057c45776bd4c8d1b86837d4b2f2fa4 tools/research/tests/test_remote_local.py
100644 a476b7ddec9e57166381416da45946f8002c7f8a integrations/vllm/verity_vllm/acquire/fa2_tap_src/fa2_stubs.cu
100644 a4882681da9c5fb7e4b05b966618a36b2e9e4071 integrations/vllm/tests/commit/fa2_prototype/fixtures/p0/p0_1x160_h3kv1.npz
100644 a49f107a7636186c5f591aea062f7f86f76b968a integrations/vllm/data/contract/a56-coverage/records/forced_head_run-TINY-t5-L0-h0.json
100644 a4ad7d9f08041e0398792bff7b370cdce67ee0be integrations/vllm/tests/harness/fixtures/admission/b16.json
100644 a4bc33606bc50cbaf5a13e8a69fc734020bd7478 backends/sp1/common/src/tc.rs
100644 a4f2af63381c67f21419821d4dda27581ecde841 fixtures/bench-instances/v1/seeds/qkv_proj_decode_2/x.u16
100644 a4f2af63381c67f21419821d4dda27581ecde841 packages/verity/tests/ml/fixtures/gemm-B1-b3eba618b1b5-20260907T1731Z/qkv_proj_decode_2/x.u16
100644 a5006db8695a2b862a247fe0a0d5ff1b0e61d8e5 tools/research/src/research/telemetry/sample.py
100644 a511d50e37938541f6e5639d3cc26d8085d2352c backends/gkr/packed/results/r20260922-064917-c293/bench.json
100644 a53589e4cfaa7b918e617a92b3847dfad325e5a7 fixtures/bench-instances/v1/seeds/qkv_proj_prefill_1/x.u16
100644 a53589e4cfaa7b918e617a92b3847dfad325e5a7 packages/verity/tests/ml/fixtures/gemm-B1-b3eba618b1b5-20260907T1731Z/qkv_proj_prefill_1/x.u16
100644 a53a1d3d8829665af2e3ef008d13898c26225755 integrations/vllm/tests/regression/decisions.py
100644 a553de870bc767e7eed4166fba4d49201b72b081 integrations/vllm/tests/harness/test_compiled_merge_identity.py
100644 a554acb3321918f942c770df35a5157bdebe3187 integrations/vllm/verity_vllm/program/frontend/export_compat.py
100644 a5672df36a21e54eccf7a7129680f39323b4276e integrations/vllm/verity_vllm/program/numerics/fa3_model.py
100644 a5c4cff51d8b035af497ac9994ae37a002b4101a integrations/vllm/tests/program/test_b1_authored.py
100644 a5c83f1e98c4ea98f726644b423d50565bc5a722 tools/research/src/research/notes.py
100644 a5d94e22b92b6f655f042f8161869b209e1d9b87 integrations/vllm/tests/check/adversarial.py
100644 a60787cee8346e2d8e13f7f4794d74abe8654959 backends/gkr/verifier/Cargo.lock
100644 a60eb33399090b2cbb62cad1a9b669b06390043b integrations/vllm/verity_vllm/harness/telemetry/admission.py
100644 a631ed1862b655a95f0fc1ae6d08bc2a113a9699 backends/direct/vendor/p3-baby-bear/benches/extension.rs
100644 a6411ede7ff6b375f934ccffb527f03da0af471c integrations/vllm/fixtures/B0-divergence-20260907T1604Z/layers.0.self_attn.rotary_emb/eager/out_k.npy
100644 a67926818775a620a3787bc3854c5e5354ac4480 backends/direct/encode/tests/test_lintest_structured.py
100644 a6929bd173dab19fac79175df59af93d9cb8ac3b integrations/vllm/tests/observe/test_patterns_synthetic.py
100644 a6cf8b61a565716aa178a640c0372e7184c57553 backends/numerical/reports/ledger/a-babybear.jsonl
100644 a6e350a4ebf1a3f6a2ae2575f8d98db75e5bd8c9 integrations/vllm/manifests/semantic-profiles/llama-eager-batch-invariant-v3.json
100644 a6f77e51852e4c3b5fd07d73cdc4199c52d121a1 integrations/vllm/tests/observe/test_m1_log.py
100644 a72ddd2434a182c9485e8c24ffb7dc515b464f96 fixtures/bench-instances/v1/seeds/qkv_proj_prefill_2/fixture.json
100644 a72ddd2434a182c9485e8c24ffb7dc515b464f96 packages/verity/tests/ml/fixtures/gemm-B1-b3eba618b1b5-20260907T1731Z/qkv_proj_prefill_2/fixture.json
100644 a733156b3cfabbe5acffdce102424e23b40b102a backends/direct/encode/results_commit_r20260922-064722-07c7.json
100644 a7c2129ef2eafeb1ecb8323a77fe143360978a13 backends/gkr/verifier/src/proof.rs
100644 a7d8d8328758354106fb0130c39e87323c979105 backends/numerical/reports/ledger/sp1.jsonl
100644 a7dc1132b4e1d7e56c39a0a5a02d2e3d8c36b411 integrations/vllm/tests/commit/test_form_b_collector_perturbation.py
100644 a819e0480abc265292f70a0398bb2a0201f7725e backends/gkr/tensor/__init__.py
100644 a831a956d9c9b11a3175ada22f52e8e643c1163e integrations/vllm/verity_vllm/observe/patterns.py
100644 a843c5e1585383c59cdd201beb267330a6387342 integrations/vllm/workloads/llama32-1b__bf16__a100__tp1__b1__i256__o32__mixed__greedy__bi-eager.json
100644 a8596523a3cf11a95d6befbdd94447dfaa2f59fc integrations/vllm/tests/harness/test_run_config_dry_run.py
100644 a86242a1608ee08cdfb03feeb035cabf6ed15253 backends/direct/ligero/encoder_bench.py
100644 a87238e3f77fa5500178706f1d3739811789a2db backends/gkr/tensor/reference.py
100644 a87632f2428b5885b52ad87d93ba3d53bd4bd3ce integrations/vllm/tests/commit/fa2_prototype/fixtures/p0/p0_40x200_h1kv1.npz
100644 a877f8c7b4847ff74330d0872eb668d8ed68b459 fixtures/redteam/babybear-battery/v1/zero_swap-1df264a546.json
100644 a88c472c0562a0a5e0f81e83a1f9623e8052e105 fixtures/redteam/babybear-battery/v1/epilogue-54bb2c02d8.json
100644 a89419b2f17d1a87fcfe4dbfc4960477b95babb6 backends/ligero-verify/fixtures/systems/bf16-hopper-v3.system.bin
100644 a8b636a05ca2b369d692a8e1640f80ae7ffe9749 integrations/vllm/tests/regression/checks/commit_summary.py
100644 a8eb352d72b36b366637911f268b2817c85534d4 integrations/vllm/tests/input_provenance/test_analytic.py
100644 a8ecc6ef1181aa8d765349ffcbf258e69c07e423 backends/direct/encode/encode_ntt_simt.py
100644 a92884ce88e2503839245afc6a97324e42aa8954 integrations/vllm/tests/check/test_committed_reader_shared_module.py
100644 a9334e71706197ba8374692eafde6042e51f6244 packages/verity/tests/ml/fixtures/gemm-B1-b3eba618b1b5-20260907T1731Z/lm_head_prefill_0/out_row.u16
100644 a93e245188555519cb7d9b1197ab2b001e537573 integrations/vllm/data/logs/m6/log.jsonl.gz
100644 a9628fab530aae83899d34688803085a0590dfb4 backends/direct/ligero/redteam/leaf3_ajtai_steps.py
100644 a9b30e2f7618ffce76f365b9cde73edaf87c711a fixtures/typed-obligation-v0/reject--input-value-width.json
100644 a9b8733b4f7ddde05c874413c95e4dc84a6a440b integrations/vllm/verity_vllm/build_paths.py
100644 a9f1663e7e8a18d71d257b830afc1aa4fe359282 packages/verity/src/verity/verification/__init__.py
100644 aa310f6763d0192b988c00fdc279686efffe95cc backends/ligero-verify/fixtures/bf16-hopper-ajtai-n128/sub_00.coins
100644 aa3996c4e60f4784ac5a5541e75436a6eb6b7bd7 fixtures/bench-instances/v1/seeds/qkv_proj_prefill_0/w_row.u16
100644 aa3996c4e60f4784ac5a5541e75436a6eb6b7bd7 packages/verity/tests/ml/fixtures/gemm-B1-b3eba618b1b5-20260907T1731Z/qkv_proj_prefill_0/w_row.u16
100644 aa40a57ec0790b4882f7dd8361aa5034f5354097 backends/numerical/tests/explore/test_fields.py
100644 aa64b3654eaf78b2e1d0358b345b16b71b583b42 fixtures/bench-instances/v1/seeds/lm_head_prefill_2/w_row.u16
100644 aa64b3654eaf78b2e1d0358b345b16b71b583b42 packages/verity/tests/ml/fixtures/gemm-B1-b3eba618b1b5-20260907T1731Z/lm_head_prefill_2/w_row.u16
100644 aa71f5992a632d64633a6b22eb94d5cbb517cf7b integrations/vllm/verity_vllm/program/numerics/mma.py
100644 aa75c02e049f6e09d38d44a01b3829703a40795e integrations/vllm/verity_vllm/observe/m1_capture.py
100644 aa80035154404acb9029ac0ef50f7f7b9754b5d1 integrations/vllm/verity_vllm/harness/research_tools.py
100644 aa9cfa6db9ca283fed6db0d7241e87b6eab3ee5d integrations/vllm/tests/query/gate/row67_olmoe-1b-7b_b32.json
100644 aabe99242cea4fa15feef1f37fa8fa66f8b541ce integrations/vllm/verity_vllm/program/registry/quarantine/dense/bf16_tanh.py
100644 aadc09577a2d5a926e9d79add992db90152a7dfb backends/direct/fixtures/crosscheck_units.json
100644 aae224731f0ed39da05aceafaaaa6eee94d3c936 integrations/vllm/data/rec/p1-b0-lp32s15-parts/p1-b0-run-P1b.log.gz
100644 aaf84fd8c2b5e6e67110b35e8532ab9ea1ad0e3c backends/direct/ligero/leaf/dummy.py
100644 aaf886ccc5df9dd95e28bc604c1c54827d5d8ed5 backends/direct/ligero/run.py
100644 aafd306f120dc2dd4f900dffae879cb80b62c6cd integrations/vllm/verity_vllm/query/boundary.py
100644 ab0c251e5a26c7922e780e50fac046f05a595020 integrations/vllm/tests/acquire/test_plan.py
100644 ab0c9a81b6ba6ef39708fa1361176f359e658d69 backends/gkr/fixtures/negatives/align_state.flushed_claims_quotient_keep_r.bin
100644 ab34ab9d9e0ecad5c349531300fa3d125c076bfa tools/native_peak/mma_peak_fp4.cu
100644 ab3ed6430351151951fd3f881fa3adf4654a0ebb packages/verity/tests/ml/fixtures/gemm-B1-b3eba618b1b5-20260907T1731Z/lm_head_decode_0/out_row.u16
100644 ab672f36b4db30147077bc4733459f15882c8cc1 backends/direct/ligero/fp8/__init__.py
100644 ab8fddcced712482a1b91983a24991108dae5f67 integrations/vllm/data/contract/a56-coverage/pod/stages-and-info.txt
100644 abd4d3a1282f98161f3985feb993979c6c0b7a53 integrations/vllm/verity_vllm/correspondence/reader_for_query.py
100644 abdc560601a792f71220d44882e4da2f6142418b packages/verity/tests/verification/test_plan.py
100644 ac109d3560adfa3a4ba39150bb796323ea314eb8 fixtures/bench-instances/v1/seeds/o_proj_decode_1/w_row.u16
100644 ac109d3560adfa3a4ba39150bb796323ea314eb8 packages/verity/tests/ml/fixtures/gemm-B1-b3eba618b1b5-20260907T1731Z/o_proj_decode_1/w_row.u16
100644 ac3a237b046370c50723a24424ef6c7829fe38c7 fixtures/redteam/babybear-battery/v1/wrap-5c958a67e2.json
100644 ac3df9b5ed5f5f02e22aef1efba4952eb4f81545 backends/ligero-verify/fixtures/fp8-ada-ajtai-n64/sub_00.stmt
100644 ac4c8c57972495bea339996e0ee8155d45f63aca integrations/vllm/verity_vllm/commit/hidden_engine.py
100644 ac667d73590deb57afc9db4311375e075bbdbf9c integrations/vllm/workloads/llama32-1b__bf16__l40s__tp1__b32__i1024__o128__mixed__greedy__bi-eager.json
100644 acb1ef8dd7ffc120227a6a2219b967de983d5eb1 integrations/vllm/workloads/qwen25-15b__bf16__h100__tp1__b8__i1024__o128__mixed__greedy__bi-eager.json
100644 acc2f9080a40b747b14d0ed00869f9e226d0d515 backends/numerical/python/verity_numerical/checker/v2/bench.py
100644 ace91e488b0ecee3f058932509f5793a01c9a4d7 backends/numerical/python/verity_numerical/security/zk_reference.py
100644 aceb332b3eb1601ed6e86bc4cbf7ef8bc713ad3a packages/verity/src/verity/ml/gemm.py
100644 ad07167de199db9b9cdf2488cf8d746b6954b565 packages/verity/src/verity/ml/tc/term.py
100644 ad072d70dd15d75e47fd927a549682eabd925eac backends/gkr/packed/tests/conftest.py
100644 ad5c317285d999c8f3fbe13cb2132c66ae526a92 fixtures/redteam-v2/gkr/neg/honest/public.bin
100644 ad5c317285d999c8f3fbe13cb2132c66ae526a92 fixtures/redteam-v2/gkr/neg/unit0_noninitial_state/public.bin
100644 ad5c317285d999c8f3fbe13cb2132c66ae526a92 fixtures/redteam-v2/gkr/public.bin
100644 ad72fbda4ac1aeb5998b8d68d5c10b7d25851024 integrations/vllm/tests/harness/test_admission_commit.py
100644 ad7595aa199fff0c7e313161ded6981c5b552efe fixtures/redteam/babybear-battery/v1/z3-e2b585d2e4.json
100644 ad88a768d2e695f8a37e293c983b7e4fca51bf5a backends/ligero-verify/fixtures/steps-pin/fp8-ada-ajtai-n64-steps32/redteam_verdict.json
100644 ad8eb9d8f9759b3e227d812363a54cdbbf4d6390 integrations/vllm/verity_vllm/harness/admission_bound.py
100644 ad9d6a53d951f68d57bc4aea692a538310473396 backends/direct/ligero/v2/run.py
100644 adacda5e13eadb6abb9352ac3aa9f4858b5b358d integrations/vllm/data/census/scaling/lp16_s2.json
100644 adb760b6926903d0fc6b6e985c484736eac6bb18 integrations/vllm/workloads/qwen3-4b__bf16__h100__tp1__b8__i1024__o128__mixed__greedy__bi-eager.json
100644 adc1f88a03dc9786a54435af0df607e713f9e063 integrations/vllm/verity_vllm/ops/tp_stage.sh
100644 add75ef8eda46233ceff0f02fb55e80b9b7ac49a packages/verity/tests/ml/fixtures/gemm-B1-b3eba618b1b5-20260907T1731Z/qkv_proj_decode_2/out_row.u16
100644 ade63e4790c282e39ec334a83d9b5ab9b48e46bf backends/sp1/common/tests/format3_equivalence.rs
100644 ae0edc5abe0cc4267790e50338dc805bb5f45b36 fixtures/redteam/babybear-battery/v1/wrap-cb5dd5a42e.json
100644 ae17d68a08df5177623d0e07272942167a6d6271 backends/gkr/fixtures/babybear/negatives/bf16.nz_set_on_zero.bin
100644 ae2c02bdfa8222bd7f5d56db88b760e43dd67891 integrations/vllm/verity_vllm/input_provenance/analytic.py
100644 ae36b7f47d364e7aa067172dd13bf95077384630 integrations/vllm/verity_vllm/check/replay.py
100644 ae45fd9d9cc53ac2d002f48ce02745ba0e42c5cf backends/direct/ligero/fp8/chain.py
100644 ae4b3777c112cd21739cb7615413b1a3330265d8 backends/direct/encode/results_v2_r20260922-075021-2b1b.json
100644 ae54319159f50500c7fd545d4fa3a86d5a19b8df integrations/vllm/workloads/llama32-1b__bf16__h100__tp1__b8__i256__o32__mixed__greedy__bi-eager.json
100644 ae73580a85106cc525df29870a91a1712a346712 backends/gkr/fixtures/v2_synth/negatives/saturated_intermediate/epilogue.bin
100644 ae7c922b9272d6df6d9708e7e504dc8de3a350fa backends/numerical/python/verity_numerical/security/accounting.py
100644 ae7e57fb185aaeb66fdf0229041c2441a18855ac tools/research/src/research/store/local.py
100644 ae893894ae1dfd0469c9c165c875b64d85517ba9 packages/verity/src/verity/verification/schema.py
100644 ae90f9577ec50c79cc3b6d349fe220d7944a82e4 integrations/vllm/tests/observe/test_gen_dense_softcap.py
100644 aea5cf10c068a165458fcad061dc258bc82749ad backends/direct/encode/reprice_v2.py
100644 aedb4aa860823ede1e00db335d4675a8a92852b0 backends/numerical/python/verity_numerical/explore/tensor.py
100644 aedfdee7426b56f15d96017fd1b192836809e15e integrations/vllm/workloads/llama32-1b__bf16__l40s__tp1__b1__i256__o32__mixed__greedy__bi-compiled.json
100644 aee80d9a0e25c1a8f038f918e2b7305fc718fab3 packages/verity/tests/verification/test_query.py
100644 aef30d514478129b9ef1d6ba4b1831fd8a4f2611 backends/gkr/verifier/README.md
100644 af31faa9c6a8cee0c0b105b45908c06618668d66 integrations/vllm/tests/commit/test_derived_rule.py
100644 af61df1ec8fb555364d242cd207e3dc0aa9aedee fixtures/redteam-3/logup_b_battery.json
100644 af7cc9388c4b270bd90ff08a3302025788bcbeb8 integrations/vllm/tests/observe/test_gen_ov_easy.py
100644 afcd225fc0c7995031f6869157279b0e0fc88bea backends/numerical/python/verity_numerical/checker/step.py
100644 afef8a7587a78b8e6e611d30453074e6d69e27fe backends/numerical/tests/checker/test_differential.py
100644 b0008bc615f94dc3cdde144de62d6f3bbe61707a integrations/vllm/verity_vllm/program/frontend/rules/views.py
100644 b0301d9a59d8548c28970e54a1f6fe2a6bdeeb99 fixtures/redteam/babybear-battery/v1/wrap-a8242a1705.json
100644 b04ee415873775a43e1d9428c1dbbd9608131005 backends/direct/README.md
100644 b0543518fe02333a7e898a1c37a3d282a433ffe9 integrations/vllm/tests/program/test_rmsnorm_fused.py
100644 b0582c04cca4b85e626848b00dc79f6cdd46d684 integrations/vllm/tests/regression/checks/manifest_digest.py
100644 b05f90c7f376b78ca35f419d3690301b0c073183 backends/direct/encode/envelope.py
100644 b07e1fb81555240a635fe54b0f182595b64787f1 integrations/vllm/verity_vllm/program/sampling_event.py
100644 b0a3db00e2ea8b1b4c4de0e1d606b3825d3b1d1a fixtures/redteam/babybear-battery/v1/wrap-40292fc360.json
100644 b0c7d692ec82ad43df2c9933843c162051003848 backends/direct/ligero/tests_fused.py
100644 b0e21ae74644685752103b90fa121937fce32569 integrations/vllm/tests/tp/test_tp2_attribution.py
100644 b112c0dca33ffe5784b7da54cb388a1e21519288 backends/direct/encode/radix4_bench.py
100644 b133bdd6ab53ef7625397be0411529103af3b108 tools/research/src/research/store/derivation.py
100644 b16eeec17e5fdbb68922e419678602f579a487d4 fixtures/typed-obligation-v0/reject--duplicate-boundary-value.json
100644 b18f7e95564a4486bdb5c06e6a112f321224ffe3 backends/direct/ligero/poseidon2.py
100644 b1a86dadea241f59cc5e5b3f706af028140bfcfd fixtures/redteam-zk/q_leak_l256_2vu.json
100644 b1c7c9b0025a6c7060fea02851aa972beff15644 fixtures/redteam-3/README.md
100644 b1d4d2bf7de3f7762f35d48124eb827449b1429c packages/verity/src/verity/ml/tc/silicon.py
100644 b1d7ce1485b02b84ad788a7b7d3287d1b360d0ce integrations/vllm/tests/acquire/test_native_collect_flush.py
100644 b1e26d4710f0aa73ba93280e9a535d310ce6efac backends/numerical/reports/ledger/a-chain.jsonl
100644 b1e352e8ef32b347807f3404961c43a32c245b00 backends/direct/vendor/p3-baby-bear/src/x86_64_avx512/packing.rs
100644 b1e559b9d1553e585e5b8ac2d0c7a74eac33d5f9 integrations/vllm/tests/commit/test_stream_merkle.py
100644 b20ae0f41cc2a2314a710c18548c58bd3c249544 backends/ligero-verify/fixtures/bf16-ampere-hash/sub_00.coins
100644 b2226cab3efaa03d0c9cce9264739908b3b20360 integrations/vllm/docs/data/ref-prims/RMSNormRef_v1-bf16.json
100644 b22ada79810bd0474e4ebc199045e9c2147473a1 integrations/vllm/tests/regression/checks/global_match_checks.py
100644 b235838b3ada985322296737487e110b85318db7 backends/direct/vendor/p3-baby-bear/src/x86_64_avx512/poseidon2.rs
100644 b2577e52fec37d14b5d3db296c28cee26b434e20 integrations/vllm/data/census/scaling/lp65_s1.json
100644 b25cfbfcf49af7073e4c65e1026a402ef58b3991 backends/shared/anchor_a100/results/fused/bench.json
100644 b264a080adfbff242859564a544ef364eff3dc17 fixtures/bench-instances/v1/seeds/o_proj_decode_1/fixture.json
100644 b264a080adfbff242859564a544ef364eff3dc17 packages/verity/tests/ml/fixtures/gemm-B1-b3eba618b1b5-20260907T1731Z/o_proj_decode_1/fixture.json
100644 b26fd4d683d33c3d60fa150b47287890331cfe68 backends/numerical/python/verity_numerical/redteam/checker_target.py
100644 b27acc1b1b6ca1813880f8f4d2bd6f4362169d0c integrations/vllm/tests/program/data/fp8_block_operands.npz
100644 b29ca47b03b8f46754f175a9513d37f9db0c841f backends/shared/anchor_a100/results/fused/result.json
100644 b29faa3cf382e3bf3b7f12650d2628a39be20def backends/direct/encode/bench.py
100644 b2a7cdcf080ed14cc49386cae89915b91754afb5 integrations/vllm/tests/commit/fa2_prototype/fixtures/p0/p0_1x169_h3kv1.npz
100644 b2bd09b35a8eea10b3bd58a9f2830988ceae2093 packages/verity/src/verity/ml/tc/errors.py
100644 b2c9a0339e3684aeddcc928f3d0a6a0b8d51edcc integrations/vllm/tests/census_roots.txt
100644 b2eaa51129f70eac4d37c25171d8d54e3524e4a3 backends/direct/src/challenger.rs
100644 b2ef9e1429fe44954ab15e672aa781cdeef23e3a tests/test_instances_hw.py
100644 b30ac85fcdc76768d5bacc0a0f5daf2809fc2422 backends/direct/ligero/fp8/relation.py
100644 b30d456ebb573025c7d7aba0f840ae5743926d6a backends/ligero-verify/fixtures/steps-pin/fp8-ada-ajtai-n64-collide-P/redteam_verdict.json
100644 b3131c7d3fccbb762e9ffaca461306a9bca7aded backends/ligero-verify/fixtures/fp8-ada-hash/sub_00.stmt
100644 b32a8a3aa0e2cfb47cf8cfc0f55632aeea88a42d packages/verity/tests/ir/test_codec.py
100644 b32cf0fa2af71359d5e5d11e4af2eda3234954f3 integrations/vllm/data/rec/p1-b0-lp32s15-parts/p1-b0-run-C.log.gz
100644 b3435787faa9a1dded277b90b55c33c85e03d2f6 integrations/vllm/tests/check/test_compare_splits_binding.py
100644 b3458c0b7db9d12c659753a34eacf8972c2335cc integrations/vllm/manifests/semantic-profiles/llama-eager-batch-invariant-v2.json
100644 b3669f56ec8f5031a299327c83450e917c139e17 integrations/vllm/docs/data/ref-prims/SiluRef_v1-f32.json
100644 b3b6e64b408279dcaf3d14169f195f6bdf858d85 backends/vole/patches/README.md
100644 b3b93375ce62ab168048d2fc83daf0a2fadb44a3 integrations/vllm/verity_vllm/program/registry/__init__.py
100644 b3d99f30160f4c4578506f6254a2afa49a4f4304 integrations/vllm/verity_vllm/query/program_view.py
100644 b3e570ecd4a58b95abcefea8566bc73c70e7209f fixtures/typed-obligation-v0/identity--dot-and-double-duplicate-producer.json
100644 b419322b74ebc212974c7d8e53f6b2dcedb8a159 backends/sp1/common/tests/reduce_vectors.json
100644 b4288cc9750a0531ce361e99ac86c6ca194e82b1 integrations/vllm/workloads/qwen25-15b__bf16__l40s__tp1__b1__i1024__o128__mixed__greedy__bi-eager.json
100644 b443b5135f3f83ed4e2cd059e33af5a7d1d04fbf integrations/vllm/tests/observe/test_gen_dense2.py
100644 b44bbcf354e2b8d217a004e8fbfc0bbc496ebfed integrations/vllm/verity_vllm/program/registry/sampling_topp_difftest.py
100644 b4645d274981661043327470fcfed239ed04b564 backends/numerical/tests/checker/test_sweep.py
100644 b4ade424c452b38c6e198bd02b5d448fd8527549 backends/gkr/fixtures/negatives/group_max.below_floor.bin
100644 b4b63fa821ba74209b690e2ee87bd1b269e5bf8d integrations/vllm/tests/query/gate/row57_gemma2-2b_b8.json
100644 b4c23dd630492a7bf9a956820cae058ff0259222 backends/sp1/python/verity_sp1/typed.py
100644 b4d3f3a9675204613d9efa75b547b26feb2c8713 integrations/vllm/verity_vllm/program/numerics/compiled_relations.py
100644 b4d68587d13cb8e8ea30d2ab4c0ef3cf21f97617 fixtures/typed-obligation-v0/reject--unknown-function.json
100644 b4d80c99c87ac294dc7e3823cd6b16af7c6aef96 integrations/vllm/tests/check/test_rev_r16_duplicate_binding.py
100644 b4e5472361011b4028eb503fc046aa87ab1e3bf0 backends/ligero-verify/fixtures/fp8-ada/system.bin
100644 b4f5897eb4b1acac7bcc5866aaab167724129955 integrations/vllm/verity_vllm/check/relations.py
100644 b516391f3e24aac33ae8221c7919e249b0812534 fixtures/typed-obligation-v0/binding--unbound-33-byte-public-values.json
100644 b5448c88f64cfdaca45804818f8eaf1eb42d7330 backends/direct/ligero/v2/pod_bench.sh
100644 b5528aaa34df5906eaf799427a8d22251e38be01 fixtures/redteam/babybear-battery/v1/z3-b92170924e.json
100644 b56a67cb6fa32c707451471bffc142f419e22362 integrations/vllm/tests/harness/fixtures/admission/b8stoch.json
100644 b56ef2e98edc468033e5101055a9a664b5717267 backends/gkr/fixtures/negatives/bf16.non_finite_ff80.bin
100644 b59b0f70007e6b9526d92d52307992aacba6292c backends/direct/src/rtt.rs
100644 b5bbde05032c04df24a8af6113bca6194225b58c integrations/vllm/tests/harness/test_commit_delta_cli.py
100644 b5e64372f68ea1f5395900207ae61998505e7d8f integrations/vllm/verity_vllm/program/frontend/rules/profile.py
100644 b639d2b78d159ad746df6e71b40197c48bf32b0f backends/gkr/fixtures/negatives/output.sign_flip.bin
100644 b63d1b5b8370c44ea6d42cdc7bfebb57103686e1 backends/numerical/python/verity_numerical/redteam/census_review.py
100644 b64a4616e07c46ed5d29779c27121978ba1f6bba backends/ligero-verify/fixtures/fp8-ada-hash/sub_00_v6.stmt
100644 b64e4fd1dd45fc1e78ae2a5593f384e9e01a02e8 integrations/vllm/workloads/qwen25-15b__bf16__l40s__tp1__b8__i1024__o128__mixed__greedy__bi-compiled.json
100644 b65fdd5a892711404b34894601a036d8a8abfaeb fixtures/typed-obligation-v0/identity--mut--packed-offset-beyond.json
100644 b66d626718121dd59bb092f42a5c56e03ebbf9cd fixtures/redteam/babybear-battery/v1/hint_swap-769537d1b7.json
100644 b67c5a2d040d6f8a3ecf2ecf4baa8d7bdeb64196 backends/numerical/python/verity_numerical/gkr_export/negatives.py
100644 b6d37fea44bf782685ece3a54076f9fe4e50a63f integrations/vllm/tests/commit/test_encoding.py
100644 b6d4de32964e518442f2f276cba985d619dc4ed0 packages/verity/tests/ml/fixtures/gemm-B1-b3eba618b1b5-20260907T1731Z/down_proj_prefill_0/w_row.u16
100644 b6f7acbdce33eb9271eb54471550664deb9b625a integrations/vllm/tests/observe/test_profiles_generic.py
100644 b721f66cbba02010c10388228e2a1368bb795907 fixtures/redteam/babybear-battery/v1/hint_swap-83c92f751a.json
100644 b7226cd1980b47f4f3b6676425a7728144df5c6b integrations/vllm/tests/tp/test_tp_world_n.py
100644 b7264b7e243b6da97cf04214664579a623025cee integrations/vllm/tests/observe/test_ensure_distributed_port_race.py
100644 b744391b73998b961fd8d0dbfcf613c23fb743da backends/direct/src/program.rs
100644 b7620a1e1e772c213fbdf9c0aa3a55b2183867a8 backends/direct/ligero/leaf/ajtai_params_test.py
100644 b790d0e76cbf1416d0317a7a4c643a139e4eafa4 integrations/vllm/verity_vllm/program/registry/quarantine/ln/gelu_erf_table.py
100644 b7a26826154b0592275a8551088faf80b4d79d82 fixtures/typed-obligation-v0/reject--identity-conflict-position.json
100644 b7a2e1edef6810733b4171b9dba4f50f6354228d integrations/vllm/verity_vllm/program/frontend/correspond.py
100644 b7f5293cd81abc6f64bd2eb600986958bd75eae2 integrations/vllm/tests/acquire/schemes.py
100644 b7fc78a31e5daf7977f87170845289e95a3c9a5d integrations/vllm/tests/program/test_norm_chain.py
100644 b82f0c15750e7896f13479894e8624cf8b932175 integrations/vllm/verity_vllm/program/registry/quarantine/dense/add_scalar_bf16.py
100644 b8368ff94f3bcf3088de5e9912251fc0208ae524 integrations/vllm/verity_vllm/observe/profiles/hf_configs/PYTHIA160M.config.json
100644 b84226cfd338c7d0567b9aa415a76360746d7316 backends/direct/tests/air_v2.rs
100644 b847594b0759ea20df69b47e52d8b1b91b621e51 backends/sp1/common/src/advice.rs
100644 b84f82e7437b193b29c0bad6656ca4c4e737fb28 integrations/vllm/workloads/phi3-mini__bf16__l40s__tp1__b1__i256__o32__mixed__greedy__bi-eager.json
100644 b8571c04b67534ead4e0a5d8a448245226e1ad14 backends/numerical/reports/ledger/b-lookup.jsonl
100644 b88656e0f029c4272c7602a14b88df273070acd7 integrations/vllm/data/census/scaling/lp96_s2.json
100644 b89d6098447b179fda640a021e073c03c229b179 integrations/vllm/tests/check/test_build_relocation.py
100644 b8a61ff8fe15d04e6fce57756e5d7c1b10d65182 integrations/vllm/verity_vllm/program/frontend/inputs_trace.py
100644 b8a871dc96c51836eaa5593ff56f244704f7610d tools/research/tests/test_telemetry.py
100644 b8a99101cb87cb346d09ed02e1ba59ec426c245b integrations/vllm/verity_vllm/program/registry/serve3_reference.py
100644 b912a840bd74ee2a1d5c93d5e8c1e8c8a03cbc5e packages/verity/src/verity/commitments/identity.py
100644 b925be5ecc86c260424944362956c1340ffd9494 packages/verity/tests/ml/fixtures/gemm-B1-b3eba618b1b5-20260907T1731Z/down_proj_prefill_1/fixture.json
100644 b94b57677deebf7378041bf00e600b3faaaf49d9 backends/numerical/reports/ledger/a-gpu-v2.jsonl
100644 b959ac6c6fead343530751807d078325762d8e4e backends/ligero-verify/tests/fixture.rs
100644 b9746163af73aba16c3186af43676c1eeacda65b fixtures/redteam/vu-battery/v1/a/results_r20260922-070024-e7d1.jsonl
100644 b99b1d2d809066f75790e2a49e46c0cee49423c2 backends/gkr/gpu/DESIGN.md
100644 b99ca87bcb002e0e70ca65699d82e5b4e295f9d7 fixtures/bench-instances/v1/seeds/lm_head_decode_0/fixture.json
100644 b99ca87bcb002e0e70ca65699d82e5b4e295f9d7 packages/verity/tests/ml/fixtures/gemm-B1-b3eba618b1b5-20260907T1731Z/lm_head_decode_0/fixture.json
100644 b9b031fadda61a035b2e8ceb4362cbf604002b21 integrations/vllm/verity_vllm/observe/profiles/hf_configs/PHI3_MINI.config.json
100644 b9bf0177eba592fdd584b6ea43d6cab48cf98437 integrations/vllm/tests/acquire/test_fa2_tap_geometry.py
100644 b9c797aab9a3635257dfe6c53a103c780a7f3e16 fixtures/typed-obligation-v0/identity--input-inside-vu-honest.json
100644 b9db7caf5ad54a2bf023c6f160930b3d05fe3e27 integrations/vllm/workloads/llama32-1b__bf16__l40s__tp1__b4__i256__o32__mixed-arrivals__greedy__bi-eager.json
100644 ba170dfa9cd3de8b7f1a357fee6b21c9f528b2f5 integrations/vllm/verity_vllm/check/oracle_compare.py
100644 ba23567e9b5ecf19005f74999fb17397436e4697 integrations/vllm/tests/program/test_derive_realhf.py
100644 ba6f946078d50b892cc79ecf7820e40eba07339e backends/direct/Cargo.toml
100644 ba77190ae7443da9f0f4d9bd2cd390ca4382c75b packages/verity/src/verity/errors.py
100644 ba7e45335348a43dc06ceb2016b7d85272d982a2 tools/research/src/research/telemetry/fixtures/spans.py
100644 ba85f1b1804a6a5eab8bec4b2604160e004407f3 backends/gkr/packed/kernels_triton.py
100644 ba8de62fa03e3deb458d15e5b0f3c75c259676d4 fixtures/redteam/babybear-battery/v1/wrap-7404a7c236.json
100644 ba947576347b5558277fae5e2a6793b64a10ac30 integrations/vllm/tests/tp/test_tp2_analyze.py
100644 baa3058389d0857be89ed1cf4d0889558bc53ca9 tools/research/tests/test_store_honing.py
100644 baa95a55797b78fc83d75a2ac42571e7f9afee20 backends/numerical/reports/packed_sumcheck_h100.json
100644 babe76c40e1d1fa98c52078cc20e0f399dca8097 fixtures/typed-obligation-v0/binding--lowering-mismatch.json
100644 bb058c791dcd31d1610a8bb8154c58492f1f2b2c backends/gkr/fixtures/babybear/negatives/group_max.below_floor.bin
100644 bb26b318911f3c7bac5e6c8992f1d4c916be2a63 integrations/vllm/verity_vllm/harness/planner_calibration.jsonl
100644 bb27aad8317064aee5bdb7149baa217f4cb09d04 packages/verity/tests/ml/fixtures/gemm-B1-b3eba618b1b5-20260907T1731Z/down_proj_decode_2/x.u16
100644 bb3b75b7a5cd0351b57f41b885091c41ed67fea3 integrations/vllm/verity_vllm/program/frontend/rules/patterns.py
100644 bb4de624bb5e7fd768b7b309b9250a76d74a8e62 backends/gkr/verifier/results_e2e_torch.json
100644 bb800b143a8f8fe52bb8d776bb673e17c6efa355 backends/ligero-verify/fixtures/steps-pin/bf16-hopper-ajtai-n128-collide-Q/redteam_verdict.json
100644 bb9323ef43fd44013b3b6fef4a055922001413fb backends/gkr/fixtures/v2_synth/negatives/saturated_intermediate/public.bin
100644 bbafad5ded043dbe3a688cda3369f32226ce367d backends/ligero-verify/fixtures/rust_verdicts/time_fiat-shamir_zk_1T.json
100644 bbafd2a8df726c82896f7488da71115fcf61cf03 backends/vole/export_ir_v1.py
100644 bbc0ef32884111d1e5ca953f2111562a3ba55cf5 backends/gkr/tensor/fused/bench.py
100644 bbd55085d79a3e8c14e194e44cf9a02d858f71cb integrations/vllm/data/rec/p1-b0-lp32s15-parts/p1-b0-lp32s15-P1b2.json
100644 bc130d614af568b38a044555c2d18180b91e533d backends/shared/anchor_a100/results/wave2_gkr/packed26/agreement_test.log
100644 bc269eb3f6a62b6361f62f88dec940fc17715327 integrations/vllm/data/census/scaling/lp63_s3.json
100644 bc26c0f143e4428c557e1bfc29157f1e996eec87 backends/gkr/fixtures/v2_synth/epilogue.bin
100644 bc35a588258e886c0f5e9de0a5ad24a59e42fbfc integrations/vllm/data/hf_configs/QWEN3_30B_A3B.config.json
100644 bc396853766bb48bfcbf073af2a67c2ad3276e36 integrations/vllm/workloads/workload_b0_conc2_small.json
100644 bc474c6a7a6bbfd2add526f37111fa618f615521 packages/verity/tests/ml/fixtures/gemm-B1-b3eba618b1b5-20260907T1731Z/down_proj_decode_2/out_row.u16
100644 bc7e6f2a74a460b87ea8c4c54cc54a070923b7d9 fixtures/typed-obligation-v0/identity--mut--gate-id-reads-itself.json
100644 bc838427f7ef36fe866d6c5ea03c7467fcedacae backends/shared/anchor_a100/results/ligero/ligero_vu_42.json
100644 bc8f43e745cdfc2082046d05e6591ba7aab9ff8a backends/ligero-verify/fixtures/b1.stmt
100644 bc9a1f033fc0fa2a9545b7aba1852df69cab5951 backends/redteam/vu-battery-b/src/main.rs
100644 bc9e293c77fe0c4e2bfa260757d4215586dcc93f backends/direct/vendor/p3-fri/tests/fri.rs
100644 bca6863f10c171aacb6752391f5f27357aa868b3 fixtures/redteam/babybear-battery/v1/wrap-21cef34c4f.json
100644 bcc386907cf9f06bd7c23ce2a0b9d085c9c9d061 fixtures/typed-obligation-v0/reject--family-width.json
100644 bcc75e2dc50ffeadf62851ad856153faa62ae53a backends/gkr/fixtures/negatives/normalise.wrapped.bin
100644 bcce8c0aa826d8c488dba998403aa00518478713 backends/gkr/fixtures/babybear/negatives/align_product.wrapped.bin
100644 bcd98236ebe2beea2c00b2d839a59727d31d8719 tests/test_repository.py
100644 bd303664773d8db50fb19ead52cb9721105ca139 integrations/vllm/verity_vllm/harness/run_config.py
100644 bd3f257ba7feb56df44aa9fae059fea9f7e98352 integrations/vllm/verity_vllm/program/registry/quarantine/ln/gelu_erf_bf16.py
100644 bd454765933c204e86df1140df7ffaf222236c93 integrations/vllm/tests/commit/test_weights_pin_acceptance.py
100644 bd66467b696e6a10cbd7369848ffd4e52893f3f1 backends/gkr/verifier/src/ntt.rs
100644 bd6948ead475e82c9b67725070976b9a3347afdb fixtures/bench-instances/v1/seeds/o_proj_prefill_0/w_row.u16
100644 bd6948ead475e82c9b67725070976b9a3347afdb packages/verity/tests/ml/fixtures/gemm-B1-b3eba618b1b5-20260907T1731Z/o_proj_prefill_0/w_row.u16
100644 bd7dab84fb8b4d3f39bc896d977f6195d4458796 integrations/vllm/verity_vllm/observe/profiles/hf_configs/LLAMA32_1B.config.json
100644 bd84c51bd77a6dd9971be3b99b9998e8a75ad6c9 backends/redteam/vu-battery-b/Cargo.lock
100644 bdc3c82c3ca5f006f26f0c539b6afb0906129925 backends/gkr/fixtures/v2_synth/negatives/saturated_intermediate/units.bin
100644 bdfcc4d9eb960a9c0c1c800afb938681c8372eab integrations/vllm/tests/program/test_derive_gate_path.py
100644 be3ec545b84400d36a3c426b16641519a2870e76 backends/gkr/packed/bench.py
100644 be82720fea2cf13193c5f932804ec1981b32c4e6 integrations/vllm/data/census/scaling/lp32_s4.json
100644 be8c19a63257fe792c7a91e1df18d67b6f57a3a7 integrations/vllm/verity_vllm/commit/binding.py
100644 bea917ac7b9b1b550e2b7444084056f2c099a790 backends/direct/encode/babybear.py
100644 bee5d6609f7e1bf41f754be687687d9618490c8b fixtures/bench-instances/v1/seeds/gate_up_proj_decode_1/fixture.json
100644 bee5d6609f7e1bf41f754be687687d9618490c8b packages/verity/tests/ml/fixtures/gemm-B1-b3eba618b1b5-20260907T1731Z/gate_up_proj_decode_1/fixture.json
100644 bef57b157b6064af13e63f5da87f359610a8e2c7 integrations/vllm/workloads/llama32-1b__bf16__h100__tp1__b1__i1024__o128__mixed__greedy__bi-eager-fa2.json
100644 bf046aebf5c711cb17dc3d57d304a5705eb7ca78 fixtures/typed-obligation-v0/accept--tc-row-block-k32-chain.json
100644 bf0a101d702e60c971fae485c9472bf8db27c5eb tools/research/tests/test_store_labels_durability.py
100644 bf1bfada9d485300fe403b12389b7ccf812f0cab integrations/vllm/tests/query/test_manifest_format.py
100644 bf29734a1408749a0cc58b9b48e55f34a7ddd06e backends/ligero-verify/src/field.rs
100644 bf42a078abee924dbaf92f099ab87ec55ea0d55a integrations/vllm/tests/tp/test_tp2_t6_4_check.py
100644 bf8032902062a30cc8d61e251acb3ae35a54be3b integrations/vllm/tests/observe/test_memory_torture.py
100644 bfa77198114dcad73cb910fb43f4839e43bff05a integrations/vllm/tests/program/test_derive_transfer.py
100644 bfcc11b73b3414329491c9539c32ae96f62d6d5a backends/ligero-verify/fixtures/systems/bf16-ampere-x4.system.bin
100644 c00ac6ecfbec577cf808195c72b38d15930bc4c1 backends/ligero-verify/fixtures/manifests/wmut_fiat-shamir_zk.manifest.json
100644 c044e98ab3f574285f51cdfbdcef113dc5cdb241 backends/ligero-verify/fixtures/steps-pin/fp8-ada-ajtai-n64-collide-P/sub_00.proof
100644 c048b67e9cf2c1fc062351fa7ea8e24d14a58fce backends/gkr/fixtures/babybear/negatives/bf16.wrapped_reconstruction.bin
100644 c06914b73201c925af0ab6a150005bb47573863b backends/ligero-verify/fixtures/rust_verdicts/mut_interactive_plain_127.5.json
100644 c081806cf7384370c1f8ddb124ba88eb99517f7e fixtures/redteam/babybear-battery/v1/wrap-22e5d5c200.json
100644 c087f52a1139e83d7b7ad314889c2b05be81ec86 integrations/vllm/tests/check/test_executed_prefix.py
100644 c0bcd636a79bf0dcb30da29a42c98964a50ae587 integrations/vllm/tests/program/_wout_prototype_20260917.py
100644 c0cc5736d573ee2a55852c2b25b3ee7ccdc1c36c backends/gkr/fixtures/negatives/bf16.non_finite_7fc0.bin
100644 c0d7a863adbe420ac541b199976de75d57a496d1 tools/research/src/research/telemetry/policy/r17-rules-1.toml
100644 c0f5b699070695b205a2365a98f3ec67042021b0 integrations/vllm/verity_vllm/program/registry/quarantine/ov_sampling/__init__.py
100644 c105726f05c079a6f2dfcd732b42918b6683fd8c integrations/vllm/tests/program/test_derive_hf5b_realhf.py
100644 c13881ab8bd2828b2a4688231dbafb6216d0f214 backends/numerical/reports/ledger/b-bind.jsonl
100644 c148ca1df876069363cb79c2102467fb2da23c06 backends/direct/ligero/privsel/relation.py
100644 c14ddee0876454994175513b71f932e49e2fee2f backends/numerical/tests/checker/test_v2.py
100644 c167952dec79a72dc013f3a29b3254a50076a827 integrations/vllm/verity_vllm/observe/profiles/expected/derived_B0.json
100644 c16d144ead0fbf3189add6b595bd7d74667f8130 backends/gkr/verifier/e2e.py
100644 c17016974b3a61c63979ec7e07dd668885e0a15b packages/verity/src/verity/ml/tc/cast.py
100644 c17b296f78dc55de07f3ce6a3ee2f0a4d2c49ad1 backends/numerical/python/verity_numerical/gkr_export/__main__.py
100644 c18c4effbc7ae90e14ef444d064eb3724544fe78 integrations/vllm/verity_vllm/program/frontend/rules/vllm_sampling.py
100644 c19ca549fdcd35f0657870b5ccb7b8cedd4f3919 packages/verity/tests/ml/test_models.py
100644 c1a40393177bd3da087333cdae47d457fb0e9ccd integrations/vllm/tests/commit/fa2_prototype/__init__.py
100644 c1ab60ee98edb65ba39ee57e5aba601a943ab2ec backends/sp1/host/build.rs
100644 c1ec060f2283ca691fd64b1af21856b8b3088df9 integrations/vllm/verity_vllm/input_provenance/weights_of_record.py
100644 c1f93e11ab7a4675a6caea63e777789ea1fb6070 tools/research/src/research/pods/runpod.py
100644 c20cca2219b596bf387befa4e09045a626ff867c tools/research/src/research/pods/part.py
100644 c271a40b803615d7976c36859cf37589b3966b29 backends/gkr/fixtures/negatives/signed_sum.sign_flip.bin
100644 c27ed3287c65b3808eccc87775f92612d79a3a10 packages/verity/src/verity/verification/codes.py
100644 c2c96a33373e7bf41bae02e5a7d1c980a1574eb6 backends/numerical/reports/ledger/hash-gpu.jsonl
100644 c2e0238d0169eb937853e86088eeda778743738e fixtures/typed-obligation-v0/accept--input-gate-sampled.json
100644 c2f052625504c69792fc7f00eee8850afba2433f tools/research/src/research/record.py
100644 c2f6be73dfd37c6fe8e903276782cf0f35947943 fixtures/typed-obligation-v0/reject--references-unsorted.json
100644 c32f81838c6e05447351c2ed69004d9c074b11c2 backends/numerical/tests/bench/test_summary.py
100644 c3a8745847c819f6a2aea39f0680112f68f60c15 fixtures/redteam-v2/gkr/neg/chain_spec_stripped/units.bin
100644 c3a8745847c819f6a2aea39f0680112f68f60c15 fixtures/redteam-v2/gkr/neg/epilogue_one_zero/units.bin
100644 c3a8745847c819f6a2aea39f0680112f68f60c15 fixtures/redteam-v2/gkr/neg/epilogue_ovf_flip/units.bin
100644 c3a8745847c819f6a2aea39f0680112f68f60c15 fixtures/redteam-v2/gkr/neg/epilogue_wrong_unit/units.bin
100644 c3a8745847c819f6a2aea39f0680112f68f60c15 fixtures/redteam-v2/gkr/neg/honest/units.bin
100644 c3a8745847c819f6a2aea39f0680112f68f60c15 fixtures/redteam-v2/gkr/neg/swap_vu_epilogues/units.bin
100644 c3a8745847c819f6a2aea39f0680112f68f60c15 fixtures/redteam-v2/gkr/units.bin
100644 c40766f9dd48c93395e3637c7acb342e1d0fa7ea fixtures/bench-instances/v1/seeds/lm_head_prefill_2/x.u16
100644 c40766f9dd48c93395e3637c7acb342e1d0fa7ea packages/verity/tests/ml/fixtures/gemm-B1-b3eba618b1b5-20260907T1731Z/lm_head_prefill_2/x.u16
100644 c42b5244a4604efcc89296a30c8d127e02ff614f integrations/vllm/tests/observe/test_observer_encoding.py
100644 c4a14231e733e0f1a0ee8ef64d6773c76d24cc13 packages/verity/src/verity/verification/packed.py
100644 c4abe9373d79ab68a674608b495c715a0ab81a28 backends/direct/vendor/p3-fri/src/proof.rs
100644 c4cadddff6b4c2a6376b23ecd68a14f83c6098a5 backends/numerical/reports/ledger/red-team-zk.jsonl
100644 c54590586b86ddcdc0aa6f96059f49fe44d354c1 backends/gkr/gpu/v2/tools/extmul_bisect.py
100644 c573e17f828aa89347940b87f46c3bfd694ebe64 integrations/vllm/verity_vllm/observe/profiles/gen_dense_gemma2_patterns.py
100644 c578baa89b1432ed8515bc82be60242a16f0ed88 backends/numerical/tests/explore/test_lattice.py
100644 c5a89489995dc29fde90faf6ae2d9fa7429b59af backends/ligero-verify/fixtures/manifests/mut_interactive_zk.manifest.json
100644 c5e823c0cbaf686f0710465a5f279bbc015e4b81 fixtures/bench-instances/v1/seeds/gate_up_proj_prefill_1/fixture.json
100644 c5e823c0cbaf686f0710465a5f279bbc015e4b81 packages/verity/tests/ml/fixtures/gemm-B1-b3eba618b1b5-20260907T1731Z/gate_up_proj_prefill_1/fixture.json
100644 c5f6da4fc64532c83a0b485aaf2c5b22ba131e86 backends/direct/ligero/pubsel/relation.py
100644 c63a154021608089c12dc751d76fe56974fe9838 backends/ligero-verify/fixtures/fp8-ada-ajtai-n64/sub_00.coins
100644 c6928315ded9a4d31652591a341e5101b9916144 integrations/vllm/verity_vllm/program/frontend/rules/family.py
100644 c6cbb6acee91231db3ba3f7e34540a805fa0ab49 integrations/vllm/tests/check/test_oracle_compare_shared_module.py
100644 c6dfa0f17c6000960d7e5aa12bf9ac40843a6ab2 integrations/vllm/workloads/llama32-1b__bf16__l40s__tp4__b8__i256__o32__mixed__greedy__bi-eager.json
100644 c6e8c15e87566b3e3cc1bfe528f8abed2f4c4b0e backends/numerical/python/verity_numerical/redteam/forge.py
100644 c6f7b8dae2fc3195cf973acb6cd3a39bd0b02942 backends/direct/ligero/v2/system.py
100644 c702611a52f8538f27df4460a8b4b6ed4582bb52 fixtures/bench-instances/v1/seeds/qkv_proj_decode_1/x.u16
100644 c702611a52f8538f27df4460a8b4b6ed4582bb52 packages/verity/tests/ml/fixtures/gemm-B1-b3eba618b1b5-20260907T1731Z/qkv_proj_decode_1/x.u16
100644 c74f90edf80cd1c73cda49e1fdfa067b9a5102c3 backends/shared/anchor_a100/results/packed/bench.json
100644 c76388afee070337720b74d83cd9278b107c58a9 backends/gkr/tensor/fused/field.py
100644 c769c78ae1a437680d3e4d08fee18c9f79ae7659 integrations/vllm/tests/program/padded_commit_tiny.py
100644 c78b4ab13fbbf396d6e3d56e6eca6c5262200371 backends/ligero-verify/fixtures/systems/bf16-hopper.system.bin
100644 c7ba6ddcbd3e2dca679aae2dfd3cad441bf8bf2a backends/numerical/python/verity_numerical/redteam/battery_babybear.py
100644 c7ce9d0b1d4458371d6c81e4fb12ac7de5fd59ae integrations/vllm/fixtures/B0-divergence-20260907T1604Z/layers.0.self_attn.rotary_emb/compiled/in_qkv.npy
100644 c7dde110dca2b6f333fc08653c0d672a64b236c5 backends/gkr/fixtures/negatives/pack.wrapped.bin
100644 c7edda6448ce542ba09104b530f2be393cadede7 integrations/vllm/verity_vllm/acquire/native_leafhash.cu
100644 c83ae3d54403a634582846665778154f9faad917 integrations/vllm/verity_vllm/correspondence/resolve.py
100644 c856ba30317290f37bc648d67bf79457ca65c3d0 integrations/vllm/verity_vllm/observe/profiles/hf_configs/QWEN3_4B_FP8.config.json
100644 c89452875edfb772f346350b817e009166e2ccec backends/gkr/tensor/fused/tests/conftest.py
100644 c89a7e38c019cb881caf345bec98fbe026ebbf78 backends/gkr/fixtures/babybear/negatives/group_max.two_selectors.bin
100644 c8a0899d4ca7fceb0612ec5c479915c86566fa7a backends/numerical/python/verity_numerical/__init__.py
100644 c8ab163c1fc7d010a438bdd1c837cab178d5f728 integrations/vllm/tests/tp/test_tp2_serve_shard_from.py
100644 c8c6f88766ef7e51ef1dbac6aa54ba15a36ad951 integrations/vllm/fixtures/B0-divergence-20260907T1604Z/layers.0.self_attn.rotary_emb/fixture.json
100644 c8ea6a402f06779cacaeeba672bfbc5b80e95139 fixtures/redteam-v2/gkr/neg/swap_vu_epilogues/public.bin
100644 c8f0bb1775c58952d6c451c69c5b298727ae4119 backends/shared/hash_gpu/results_r20260922-054241-b966.json
100644 c8fe8517a480bc88d5032b2802e82322a2fda153 integrations/vllm/verity_vllm/program/registry/pad_prims.py
100644 c94350d5f259b0e34f05f96ac833c25eef8ad444 backends/shared/hash_gpu/reference.py
100644 c94d25d33435834204073b8180016d92c3af99b0 tests/test_ligero_auth.py
100644 c95aba9cb45378031dd3d70d4d432008ed0dcd37 backends/shared/anchor_a100/results/encode/result.json
100644 c966222fac940918480726b61e1ef3533ed9e57c integrations/vllm/workloads/mistral-7b__bf16__a100__tp1__b1__i1024__o128__mixed__greedy__bi-eager.json
100644 c9858dbea66ef18c60e9728dc50ee07a8f228c82 backends/gkr/verifier/Cargo.toml
100644 c992cac278fe8b3050b7e074def33c9ac91a0337 integrations/vllm/tests/commit/test_padding_steps.py
100644 c9bc7ffcc825e5019d99f44504c397fdf6c1359a backends/sp1/common/tests/kernel_boundary.rs
100644 c9c91eefbc95e29270f12709ea12a518fdd032d8 integrations/vllm/workloads/olmoe-1b-7b__bf16__l40s__tp1__b2__i256__o32__mixed__greedy__bi-eager.json
100644 c9e131ac41441990e4b7ba8a4bd57a1b5325d2fe backends/gkr/gpu/tool.py
100644 c9e4d0dc19c730688b11c8ff7583a7bce2b0e482 integrations/vllm/tests/harness/test_run_config_load_stages.py
100644 c9e680e2cb71b15cfdf3821f7345184973d28ee8 backends/gkr/fixtures/v2_synth/negatives/units_broken_chain.bin
100644 ca0d4df5ffc3c5380dc18cf539893e00fc928c44 backends/direct/tests/lookup.rs
100644 ca343e177c0c5a69827d112ff3b01ee660e0714f tools/research/src/research/compare.py
100644 ca9baf10c7e95413cb1b9b4c60223d653bace39e integrations/vllm/verity_vllm/acquire/native_collect.py
100644 caa22ae095bcc3ed788b06fbaaf911ccec54a961 integrations/vllm/data/contract/a56-coverage/gpu/final-pull-0606Z.txt
100644 caad8c03510aedcf28f5b3a9c3b50f13e77540d4 integrations/vllm/tests/acquire/fa2_attn_oracle.py
100644 cac93e81b7af50edd0de86be1aba3c1d588c7dd9 integrations/vllm/data/census/scaling/lp130_s2.json
100644 caebee16edc437ab0ca2231cad36b8be48669e1d integrations/vllm/verity_vllm/observe/resolve_log.py
100644 caf4d7a3fd382fada9488bc866a8748873da2f6b fixtures/lean-vectors/tc-ampere-bf16-total-hw.json
100644 caf4d7a3fd382fada9488bc866a8748873da2f6b packages/verity/tests/ml/fixtures/vectors/tc-ampere-bf16-total-hw.json
100644 cb10f3252e658777c958ec1e5d98201a824c83ec integrations/vllm/data/contract/a56-coverage/patches/prover-rec_p1_obligations-dispatch.diff
100644 cb17aee35a5a0ad3c59b6bfc06c74843c75b484b backends/sp1/README.md
100644 cb249244c648f7a4c9f978663f3f94adb37c2b54 integrations/vllm/tests/program/test_fp8_profile.py
100644 cb2f9aedb3ede5834299069caad689300b44c82d integrations/vllm/tests/regression/expected/llama32-1b__bf16__l40s__tp1__b64__i1024__o128__mixed__greedy__bi-eager.json
100644 cb317b0c11768dd6d16c47e55e3485e3003c196b backends/numerical/reports/ledger/red-team-v2.jsonl
100644 cb3ca802870329d3701ca30f9575587bdbed99a0 backends/ligero-verify/fixtures/steps-pin/fp8-ada-bare-steps32/sub_00.proof
100644 cb4e1ee25cbd5c3f5803e004aefecbd591740927 packages/verity/tests/ml/fixtures/gemm-B1-b3eba618b1b5-20260907T1731Z/qkv_proj_decode_0/out_row.u16
100644 cb594ec352bcfafbf32372a78e6729ef94daa580 integrations/vllm/workloads/llama32-1b__bf16__a100__tp1__b8__i256__o32__mixed__greedy__bi-eager.json
100644 cb6fea95605f24b5839db7dd1a8843e5db46090f backends/numerical/reports/tc_sumcheck_4090.json
100644 cb7ae368061c3aab20800c0bb2931200cd25784f tools/research/README.md
100644 cb95f9e7da405b954311eb48397c10a336bc982d integrations/vllm/workloads/llama32-1b__bf16__l40s__tp1__b16__i1024__o128__mixed__greedy__bi-eager.json
100644 cba7c46633fc589a2c760ed9ec07f1abd0caf288 backends/gkr/tensor/tests/conftest.py
100644 cbb1d973ba478a425de36dc31752340e41d453bd integrations/vllm/workloads/workload_cov_b0_b1_c256_r1.json
100644 cbce29d90aa1cd7dc8766837e7f76a3d08f0b3b5 backends/ligero-verify/src/hash.rs
100644 cbe42da366e1a3ab7db223b7d4ea8b13d300a646 integrations/vllm/verity_vllm/commit/merkle.py
100644 cbe7608ecba01d0303ea6cd22acbe0ada751e0c8 fixtures/typed-obligation-v0/reject--offset-unknown-field.json
100644 cbe88e55c63e48fe6ab4193b44e2359086f7ce0e integrations/vllm/tests/correspondence/test_descriptor_annotation_stream.py
100644 cc002b2bd1ceff15131be561b1863009ccb91f6d backends/shared/anchor_a100/results/wave2_gkr/packed28/bench.json
100644 cc1154718ef4f8a5837b09a287dc3ff1ae94be8a fixtures/typed-obligation-v0/identity--input-alone-honest.json
100644 cc27113890dbaaeadf25ae2693da07442acded47 integrations/vllm/data/rec/expected-work-b0-lp32s15-q0.5-s16384.json
100644 cc329599e006f295a8162d19f14e758d219aee1c packages/verity/tests/ml/fixtures/gemm-B1-b3eba618b1b5-20260907T1731Z/down_proj_prefill_0/x.u16
100644 cc3708623e11033bb525ff013cf8d0362284eb2e integrations/vllm/verity_vllm/observe/profiles/quarantine/PYTHIA160M.json
100644 cc4aa8965c4675e67bc3b1e5184d2cd3fd3c871c fixtures/typed-obligation-v0/identity--mut--coverage-drop-unit.json
100644 cc9d190ff0292ec3496c78c06fab42b47e819c74 backends/numerical/python/verity_numerical/checker/tables.py
100644 cc9dc87cb3041387ddd02d576c8eb97417dc3c23 tools/research/tests/fixtures/run_v0.2/state.json
100644 ccbaff11218cca14a8d9c335ac15073350ad40c7 fixtures/redteam/babybear-battery/v1/wrap-f91d26f2ca.json
100644 ccc906b55a919d1a3f79c6a959c218f6d7b9f847 backends/shared/hash_gpu/reprice.py
100644 ccd7473264234085b66d344d54a39e4e3b7f8813 packages/verity/tests/verification/test_nvfp4_target.py
100644 ccd894f8b633c394fc3d754e1e886bfb3aabc382 backends/numerical/reports/ledger/b-verifier.jsonl
100644 ccdafbc900c668a60b8cb6a9fa688ecf58a09fcf backends/direct/encode/README.md
100644 ccf3dac2f33905d152adbdf3886b5e38a4eb7579 integrations/vllm/verity_vllm/observe/profiles/hf_configs/B0.config.json
100644 cd02d4a571cb1d5e40d2fb57c8b0ded46f38624e backends/direct/tests/negative.rs
100644 cd141220b768faeac1776e9fdaa0934e567c5e3f backends/gkr/fixtures/babybear/negatives/bf16.nz_cleared.bin
100644 cd16e7a509b3d79181d6c5852bfcaca2bbf9ee60 integrations/vllm/verity_vllm/config.py
100644 cd3cef1162d7de97c315775b7faaa23dc3e1844b backends/gkr/packed/DESIGN.md
100644 cd41fb5c82fded2aa389e1ab72812e27ca37e8e5 integrations/vllm/verity_vllm/observe/profiles/generic.py
100644 cd4d2f3089b3e2fb1c73ec44d927461083414800 integrations/vllm/data/contract/a56-coverage/patches/a3-locator-attention.diff
100644 cd58d4dcdf4fce9ff667dee532f3591bae2b121f backends/direct/ligero/commit_gpu.py
100644 cd80666e824efcf449a8c606767c37e6caebf168 backends/numerical/python/verity_numerical/redteam/v2_forge.py
100644 cd8e838963e2144acad77de149a99f273c68c2c3 integrations/vllm/workloads/llama32-1b__bf16__l40s__tp1__b8__i1024__o128__mixed__stoch-t0.8-p0.95__bi-eager.json
100644 cda3608a6ef69a0dda8ec77121b7a5e4f266214b integrations/vllm/tests/acquire/test_compiled_source.py
100644 cddd2ececfc191da594f1ab76131d412d889397f integrations/vllm/verity_vllm/observe/profiles/expected/derived_SMOL360.json
100644 cddfe63ea9babf84b6556c1bd7556d74ba2d7620 integrations/vllm/tests/observe/test_cov_difr_b0.py
100644 ce01070855846183740015f60e83ee08f44544a5 fixtures/redteam/babybear-battery/v1/z3-fe69651492.json
100644 ce2fce3ad1447d93de2e75d8dfd63719047a39c0 integrations/vllm/verity_vllm/program/registry/quarantine/ln/__init__.py
100644 ce49b8a88bf4c6ef8d7b26f81f6646190762c832 backends/gkr/packed/tests/test_vectors.py
100644 ce4aa73a70a8a196e4e1b6e52df129a2a86e3ac1 fixtures/bench-instances/v1/seeds/o_proj_prefill_0/x.u16
100644 ce4aa73a70a8a196e4e1b6e52df129a2a86e3ac1 packages/verity/tests/ml/fixtures/gemm-B1-b3eba618b1b5-20260907T1731Z/o_proj_prefill_0/x.u16
100644 ce6516a8c9c0562e7392c59d35b23719b9ba6d38 backends/vole/patches/apply.py
100644 ce88e68639f71bc275d8274851c75c416591231a integrations/vllm/tests/program/test_fp8.py
100644 ce8f5b074ed1de017b3ab79c3fae751c947d4ec7 backends/shared/anchor_a100/results/wave2_b/buckets.json
100644 cea7f0b5d5fa49c72d543218617b62f3b4710f26 integrations/vllm/verity_vllm/program/frontend/rules/vocab.py
100644 cef028a52b5b21f2cc3d96f6713409696f128c08 backends/gkr/fixtures/babybear/negatives/fp32.sign_flip.bin
100644 cef7b8ca0da01c0e03179a1b3c2746fc98559c72 backends/ligero-verify/Cargo.lock
100644 cefe7236219fe2b73be1e29fea11cd3f7ad31080 fixtures/typed-obligation-v0/accept--tc-store-cast-nan-hw-rejects-sw-word.json
100644 cf7e793a69ac75bd26ceb53689bb467bf1c27753 backends/numerical/tests/reference/test_leaf_v2.py
100644 cf8ac5ec4e3ebefe1fed7b8895650ddf9b45acad fixtures/bench-instances/v1/vu-k1536.index.json
100644 cf8c04f6f20b4db1cc37aa63d8cc92e65df9ebbe backends/shared/anchor_a100/results/wave2_b/commit.json
100644 cfdd1404f0767446f7024422999a23a403362a27 integrations/vllm/verity_vllm/acquire/compiled_kernel_source.py
100644 cffc711667d6f7b6cea274ab617c1e83038b4fa8 backends/direct/ligero/chain.py
100644 cffe7b9fcd05448bf0a94c038c3503ce273866ec tools/research/src/research/store/model.py
100644 d0097394280e1fa8db3eb5ac420eedd8fcc9b3cf integrations/vllm/verity_vllm/program/registry/quarantine/ov_sampling/gumbel.py
100644 d018b41c06b99988e0a7068dee603f3aa222fb49 integrations/vllm/tests/program/test_splits_for_v1.py
100644 d01bb8e748a0d9a58dca4af6fade35a0b3eed297 fixtures/redteam/babybear-battery/v1/wrap-738d729787.json
100644 d0211048118ab6928b8dcbc423e41285d3f3b2c8 integrations/vllm/tests/commit/fa2_prototype/fixtures/b0_c256_attention_geometry.json
100644 d03cff0b35af2d2cd0b1ddb44f2f81c9bafcb3a5 integrations/vllm/verity_vllm/program/registry/quarantine/ln/_common.py
100644 d03d6310eb934614ad2e8e3a791ab71680ada817 fixtures/bench-instances/v1/tu-k16.index.json
100644 d08d4f0c0768a3ff9898e79f395ad198e9d6bf38 integrations/vllm/tests/tp/fixtures/tp2/README.md
100644 d093db683aefad3f788a34051e3727adea32764e integrations/vllm/pyproject.toml
100644 d0b7982954b0133d0bc7bc8ec00fd072ad41c9d2 backends/gkr/fixtures/negatives/group_max.excessive_floor_selector.bin
100644 d0de322477adddcd42e6efd65753c09b6ff86510 backends/direct/ligero/leaf/registry.py
100644 d0ed11c75962e2e86ebdef5f9fdc265f81d3882c integrations/vllm/workloads/llama32-1b__bf16__l40s__tp1__b8__i256__o32__mixed__greedy__bi-eager.json
100644 d0f81f7690c204231e5b671aba0dee88012e5f27 integrations/vllm/workloads/llama32-1b__bf16__a100__tp1__b8__i1024__o128__mixed__greedy__bi-eager.json
100644 d0f9ff936ea593d19a2f6c97a134b6d78d99ee5c integrations/vllm/tests/commit/test_semantic_layout.py
100644 d0fb75938ac40de2f4e59c7c70010529a75c0d3f backends/direct/encode/tests/test_encode.py
100644 d112616f1bef3c8949b04a75fd17ac7feef623a3 backends/numerical/tests/checker/test_search.py
100644 d11f03aaf7e959d32603cd85f124690550eef683 integrations/vllm/data/contract/ck-elem/argmax_rule/measure_archive.py
100644 d136d8e3c0da6f9175da2696924e94e7dfda63fb integrations/vllm/verity_vllm/program/numerics/kernel_zoo.py
100644 d14f5f0ae82a3dae3ae443c6a818151b8df9f3e9 backends/numerical/python/verity_numerical/redteam/z3_checker.py
100644 d18a7d20855d64016fd84568c5850cceb73a6e93 integrations/vllm/tests/harness/fixtures/admission/b4.json
100644 d193107e8d79572ba5e438cd1184aecb9f839965 integrations/vllm/tests/commit/fa2_prototype/derived.py
100644 d1a1a30d9dd70fca0f69b4ab97764bdd8a92de6d integrations/vllm/tests/acquire/test_leafhash_device.py
100644 d1d6bdca2a0779684421e800fb097ff847f5a6f2 packages/verity/src/verity/verification/transparent.py
100644 d1d967294a90c5e07795122394f0d74b122820e8 backends/direct/ligero/fp4/relation.py
100644 d1ea5b40d0a781c19f4de4c1efa1b535bd679541 backends/direct/ligero/leaf/blake3.py
100644 d1fa6c46b75cc119e35134b7a1f7303fa09c903e fixtures/typed-obligation-v0/reject--roots-unsorted.json
100644 d1fae20926904554e20e8cafdc0200a282bef9ac fixtures/bench-instances/v1/tu-k16.out.u32
100644 d1fb780971d50ab9ca8e8f7bf7f0e356b37d5277 integrations/vllm/verity_vllm/check/kernel_identity.py
100644 d1fe056a2c67736b4db760f2f08b8813924a6be5 backends/numerical/python/verity_numerical/redteam/harness.py
100644 d204f2a907a5a6f5fdac61ada3c2c0bc0d821174 backends/numerical/python/verity_numerical/bench/summary.py
100644 d2050b875d1cd48ad364252eae7a13a401398752 backends/direct/ligero/fp4/tool.py
100644 d25d2e321dac560ca7409484a8af83a83de4f4f1 fixtures/tc/veritor-tc-fp8-2026-09-08.json
100644 d278c52c6087ace30e1d8e5c714a6eab407bf299 integrations/vllm/verity_vllm/observe/views.py
100644 d2bf1bf40d027dc7997ce957efbbb767e8f7419c packages/verity/src/verity/ir/evaluate.py
100644 d31576393ed35a4520e066889c18f6b5c78efff7 integrations/vllm/verity_vllm/observe/profiles/expected/derived_PHI3_MINI.json
100644 d32c5a868047f50625b763d63da1a43a496a447d integrations/vllm/verity_vllm/harness/commit_delta.py
100644 d3399eb06a7dc7fbfaa03b074d384a5fda495b04 fixtures/typed-obligation-v0/identity--mut--projection-absent-with-dead-return.json
100644 d372680db9ced699e8f079ec56332842537775e1 integrations/vllm/tests/program/test_vllm_bindings_pins.py
100644 d373cd0191b493fbc4b70aaee2caf2c88439607e integrations/vllm/tests/program/test_workload_compose_padrev.py
100644 d382bb72710ae9ec70c9a9e92ae10d6812021979 fixtures/redteam/babybear-battery/v1/wrap-1b07b7b8b9.json
100644 d38a07e7b803e26937c0ff08fb2daad72d810327 integrations/vllm/tests/program/test_lifted_mixed_padrev.py
100644 d3d7745e07b76ba0b988bd4f43667feb87811b5c integrations/vllm/verity_vllm/program/registry/quarantine/dense/__init__.py
100644 d3fdb02dbde788afa42c7c03e27600561c2f3599 backends/direct/ligero/leaf/ajtai_params.py
100644 d40f82f6b570979217667a117b236128bdebce56 integrations/vllm/tests/commit/fa2_prototype/fixtures/p0/p0_16x32_h1kv1.npz
100644 d44c0b9d01adbf6e759147c77410d20e68622c47 fixtures/typed-obligation-v0/identity--mut--domain-swap-listed.json
100644 d45cc5b2e61069c4f8b4e14ea46d0e2bb75b88e1 integrations/vllm/verity_vllm/observe/storage.py
100644 d467617053db3609f0a3e32a6344692de9cf98b7 fixtures/redteam/vu-battery/v1/README.md
100644 d47911d83298b66dc691e4087835daa0cb036348 fixtures/typed-obligation-v0/accept--adjacent-shared-value.json
100644 d47a7ccc5cf898e23cc5c68e2e5647a52150acc8 backends/direct/vendor/p3-baby-bear/src/aarch64_neon/mod.rs
100644 d47a7ccc5cf898e23cc5c68e2e5647a52150acc8 backends/direct/vendor/p3-baby-bear/src/x86_64_avx2/mod.rs
100644 d47a7ccc5cf898e23cc5c68e2e5647a52150acc8 backends/direct/vendor/p3-baby-bear/src/x86_64_avx512/mod.rs
100644 d4aa1731ceb2bcf69caeae659755b008c8293f60 backends/gkr/gpu/logup.py
100644 d4ad1c94597129d3e970703697d4d49ad0b33cba packages/verity/tests/ml/fixtures/gemm-B1-b3eba618b1b5-20260907T1731Z/down_proj_decode_0/x.u16
100644 d4c0cf13e9cf87c30b91cfcdb5acaa3ba6aee8a8 packages/verity/src/verity/verification/trust.py
100644 d4f374d56042d0ac5b79046b0dd140043bc3137b backends/direct/ligero/fp8/witness.py
100644 d508306a6a897263364494fddac6cab05fd04a2f integrations/vllm/verity_vllm/program/lifting/continuation.py
100644 d518c891f13353023f0ec9a0428c503378cd3654 integrations/vllm/data/rec/p1-b0-lp32s15-parts/p1-b0-lp32s15-P1b2.plan.json
100644 d51bc3d9d9808fd20de9aeb5e38bec7acc1bf88a backends/gkr/gpu/transcript.py
100644 d539ac0213639fc054d76b041800bce5d3bdc0d9 integrations/vllm/tests/program/inductor_models.py
100644 d53a961cf471cb24f13f7ccc94f900a75340f525 fixtures/typed-obligation-v0/accept--tc-store-cast-nan-hw.json
100644 d5440398290a4fd8069fc36f00fdfc6a21d80367 backends/direct/ligero/v2/pod_gate.sh
100644 d5d09ad8761e6de0914e9158768c90ce5ecd41a1 integrations/vllm/tests/regression/test_stoch_value.py
100644 d5d0f8ae9a030ace8d2073b6a154fe8bb663a601 integrations/vllm/verity_vllm/ops/stoch_negatives.sh
100644 d629e56fe070abcca085783b8f67c78634c1bc87 integrations/vllm/verity_vllm/commit/fasttree.py
100644 d63d1c83fbfba681b6a315781378f410911cee64 tools/research/src/research/pods/__init__.py
100644 d64757dff1575aa4a75dbd06a4c742370b70c2e0 backends/direct/ligero/unit.py
100644 d6574ca15385d235462ad9f2b3f64a83b22e557d backends/sp1/pyproject.toml
100644 d69af9cc3c0e4b0a2f6dce920b29d08c1311d404 backends/gkr/gpu/v2/tests/test_logup_paths_agree.py
100644 d6a16c5389cebd8b1e8b801a659d8c5d0efb2f58 tools/research/tests/test_pods_drain.py
100644 d6acf63b7e906790b6727c2040ff78e3efb1530e fixtures/redteam/vu-battery/v1/leaf_v2_exhaustion.json
100644 d6f6d48bc19ce0b2b75547a4265489b71a41db04 integrations/vllm/workloads/qwen25-15b__bf16__l40s__tp1__b16__i1024__o128__mixed__greedy__bi-eager.json
100644 d6ff58ab018d2960ad05beb5331abf7310e0c9ec integrations/vllm/tests/program/test_lifted_mixed.py
100644 d70c6654ea83ab7cb90305430c48c6cb42a19af9 integrations/vllm/tests/program/fixtures_query.py
100644 d726aa54e5556ae45015bacf59b64a99c4ca513e integrations/vllm/workloads/smollm2-135m__bf16__h100__tp1__b1__i1024__o128__mixed__greedy__bi-eager.json
100644 d72724c04d3dc73c212b2eca56b9faf3cbd21903 backends/gkr/fixtures/babybear/negatives.txt
100644 d72f9d6ca9defa44c7f59ba52551d994d36ff5b1 integrations/vllm/verity_vllm/harness/derive_step.py
100644 d760df20fb21aec1dad15e17fab7d204a60be533 integrations/vllm/manifests/checkpoints.json
100644 d78573cd5f6ed786400ccbb5576f16989c5baad3 fixtures/redteam/babybear-battery/v1/wrap-1a29da0c50.json
100644 d78c694ed7bdb505cf80b74d66d8f4fa47e41ff8 backends/gkr/fixtures/babybear/negatives/signed_sum.claim_nonzero.bin
100644 d7a23ee6622fa64b53dbc78b8331c84c6daf8af1 fixtures/typed-obligation-v0/accept--q7-relation-rejected.json
100644 d7a260b6bb9e167b4b9b5dcdd92bbbe8fb6514c8 backends/gkr/packed/README.md
100644 d7b8fdc8eff0520b3db8143b9bc6f6daf351f88c backends/sp1/common/src/embed.rs
100644 d7c35ebf9eb5eb6a64f30c23579df8471a2541ed packages/verity/tests/ml/test_term.py
100644 d7cca9392dc863297c0626bc38e27ad55e404f80 integrations/vllm/data/contract/a56-coverage/head_vu_consequence.json
100644 d7f0cf660a6196b66be24aab90610d01f90240e4 backends/gkr/fixtures/negatives/align_state.flushed_claims_quotient.bin
100644 d7f41cf7651f3645499131de2ae27957fa18a240 integrations/vllm/verity_vllm/check/compiled_autotune.py
100644 d8040a0ec132d10a6bb6d5faa11ab304bac70892 backends/gkr/fixtures/babybear/negatives/overflow.max_finite.bin
100644 d80e3cced9e4d27be2a0abb876ce4db8790e62df fixtures/bench-instances/v1/seeds/o_proj_decode_2/fixture.json
100644 d80e3cced9e4d27be2a0abb876ce4db8790e62df packages/verity/tests/ml/fixtures/gemm-B1-b3eba618b1b5-20260907T1731Z/o_proj_decode_2/fixture.json
100644 d81819fdc3372ffc42c38700974e221c05593add fixtures/bench-instances/v1/seeds/seeds.json
100644 d83b09c36e7fb65acec9cf855e4f39e2933d5fef tools/research/src/research/telemetry/procs.py
100644 d83b88ca02344ef2729e4c8eb7e46a9b22250695 fixtures/bench-instances/v1/seeds/o_proj_prefill_1/x.u16
100644 d83b88ca02344ef2729e4c8eb7e46a9b22250695 packages/verity/tests/ml/fixtures/gemm-B1-b3eba618b1b5-20260907T1731Z/o_proj_prefill_1/x.u16
100644 d84234fdda02f06131e4bf42cc3c828882d07961 integrations/vllm/verity_vllm/query/cli.py
100644 d878df2481131e91e3b4cc89499f557db37cfbe9 fixtures/typed-obligation-v0/identity--mut--domain-swap-unlisted.json
100644 d888c86e7ac0bf8f7aafbb7fbc82d2301dad3176 backends/gkr/fixtures/v2_synth/negatives/false_overflow_flag/public.bin
100644 d88b7512fcbf53a2899320e510dc2afebc4dcba7 integrations/vllm/verity_vllm/program/registry/moe_pad.py
100644 d88efa2fd20a82561f137a6962c0483472f0148c backends/direct/encode/v2_shape.json
100644 d8ac96b408a77e5e78fb2b287c68957cf7860a07 backends/numerical/tests/redteam/test_redteam_relation_completeness.py
100644 d93aac04acb321521b178d24f637ff5c2aa3adba backends/gkr/fixtures/negatives/normalise.left_shift_steals_remainder.bin
100644 d9445b2cd1e4406226cf178854538bd14296826f integrations/vllm/tests/program/test_lifted_tiny.py
100644 d94b9854347c1b215e9dc79ad1d57369a81a546f fixtures/lean-vectors/tc-ampere-bf16-total.json
100644 d94b9854347c1b215e9dc79ad1d57369a81a546f packages/verity/tests/ml/fixtures/vectors/tc-ampere-bf16-total.json
100644 d955cb5331da9f5ec6e146aab88df4d83400f3e1 backends/ligero-verify/fixtures/systems/fp8-ada-v2.system.bin
100644 d965d1d0ffed4f248100264fee656bb512cd2932 backends/shared/anchor_a100/results/wave2_b/ligero_gate_vu.log
100644 d97acbf99dfb28d2336d7803d3de3b23ec6a599c backends/gkr/packed/kernels_graph.py
100644 d9a722058e73875093a5f194e0399f8e5df2ff0f integrations/vllm/verity_vllm/acquire/native_jit.py
100644 d9b104b69a8ae65e078db1039aa6622518ffd0aa fixtures/bench-instances/v1/seeds/qkv_proj_prefill_2/w_row.u16
100644 d9b104b69a8ae65e078db1039aa6622518ffd0aa packages/verity/tests/ml/fixtures/gemm-B1-b3eba618b1b5-20260907T1731Z/qkv_proj_prefill_2/w_row.u16
100644 d9c7a31335305b79b7c7c7b4bf5e1cf3dc85ad18 backends/gkr/verifier/scripts/bench_cpu2.sh
100644 d9dbd4facf7d1b21ba0d1d9d2c71593456fc85a3 tools/tc_probe/mma_tiles.cu
100644 d9defab050b45905e9a9b8353943b80b4a59b6e9 backends/numerical/reports/ledger/c-compress.jsonl
100644 da525daaafb1b7b59a624f5ea6c938dbfda4be8f integrations/vllm/verity_vllm/harness/source_identity.py
100644 da798d724cea61f18e1e21674628559bd6a569d5 backends/numerical/tests/redteam/test_babybear.py
100644 da93f5adefaf7da34f69e4f7f88bbb5e5ec9f301 integrations/vllm/tests/harness/test_commit_delta_placement_b1.py
100644 dac55703cf8b50680f2b041aa3aca09019ae939d integrations/vllm/data/logs/m1.jsonl.gz
100644 dad5236fc369805bc10617f78374c40ef7a2856e integrations/vllm/verity_vllm/harness/topp_split_probe.py
100644 db2f7fb688a230ca57bf11d51105a2d5bfe3e30e backends/shared/anchor_a100/results/wave2_gkr/logup/result.json
100644 db775cdae0693218a3d2e55486d489d33f066fa6 packages/verity/src/verity/verification/statement.py
100644 db83dcc18d239b6c5839506d0a359e7fac8008b3 integrations/vllm/tests/harness/test_experiment_index.py
100644 db844cefa0a0034246cdb363441a455c8964ed96 integrations/vllm/workloads/smollm2-135m__bf16__l40s__tp1__b1__i256__o32__mixed__greedy__bi-eager.json
100644 db8982ba4d77acd8301947e9b2c056ce35b544a2 integrations/vllm/tests/regression/checks/step_segmentation.py
100644 db8db665d1dee7da62faa4d8f65203f26488ab93 packages/verity/tests/ml/fixtures/gemm-B1-b3eba618b1b5-20260907T1731Z/gate_up_proj_decode_0/out_row.u16
100644 dbb4870a0db7a32fe6f611bddc2d1d37704666e9 packages/verity/src/verity/ir/codec.py
100644 dbd3cd2060a77419859cdb72e947a2579f559f96 backends/direct/ligero/PROTOCOL.md
100644 dbdef810339bc60ca7b82988031ec18dba0baea9 integrations/vllm/tests/check/test_commit_verdict_hopper_no_evaluator_gap.py
100644 dc0171d1e704a7c63cde2ee0ed8abe1701178a28 integrations/vllm/data/contract/a56-coverage/gpu/approved/manifest.json
100644 dc1a342cddc2d4c4f1c2049008f3599ef02c299e fixtures/bench-instances/v1/seeds/lm_head_prefill_0/x.u16
100644 dc1a342cddc2d4c4f1c2049008f3599ef02c299e packages/verity/tests/ml/fixtures/gemm-B1-b3eba618b1b5-20260907T1731Z/lm_head_prefill_0/x.u16
100644 dc23f2c5ab9a0272357afa4a771e05f98b0280a0 backends/ligero-verify/src/relation.rs
100644 dc60a21f49d9a4ebcfaaba789756202ba448e57f backends/ligero-verify/src/format.rs
100644 dca68bb06f76742f761dc6ffc9fdc567863a6465 backends/gkr/fixtures/babybear/negatives/leading_bit.plus_one.bin
100644 dca9fd6d6de1a9339223ea9742a468227db72423 integrations/vllm/verity_vllm/program/numerics/sampling_rng.py
100644 dccbea02cee26f0dc3df9ba8c77123865ec869fe tools/research/src/research/telemetry/cancel.py
100644 dcde84a10e894d22c9a701b37cd3f002ec2a9a6a backends/numerical/reports/ledger/b-ligero.jsonl
100644 dd11770c109230faa55e1fd5ad1481a2788107b3 integrations/vllm/verity_vllm/program/compact.py
100644 dd417df318bfc3d7b960c7a0fe7f21955e03b7c7 integrations/vllm/verity_vllm/observe/profiles/expected/derived_LLAMA32_1B.json
100644 dd46188d8a38aa475301488c5417e142dc3368a1 backends/gkr/verifier/src/circuit.rs
100644 dd75d5d361636607ea58b614c1bb20a188316611 backends/numerical/tests/bench/conftest.py
100644 dd80c0a013fcf49a565577f56d530eee2b3b3358 fixtures/typed-obligation-v0/identity--mut--format-ref-non-ascii.json
100644 dd8a8c90e6b7af74ed3657ef5b74aaa5ebf0abd4 tools/research/src/research/__main__.py
100644 dd9fa215e74fa2c2ff2350eee7e1deaf27cdb1f5 backends/gkr/packed/__init__.py
100644 ddb2f79d3d5b4305a825b8d3fefe9f5502dd7d2a fixtures/redteam/babybear-battery/v1/wrap-633f4c115c.json
100644 ddda14b44736ede037c9dcc49dfe55314281d198 integrations/vllm/tests/program/test_scalar_tensor_mul.py
100644 ddef75213c66c0dcb68bc46ee47b93c1b52b90ce backends/ligero-verify/fixtures/steps-pin/fp8-ada-ajtai-n64-collide-Q/redteam_verdict.json
100644 ddf0888cd6fedfd1bf50e44d9ed677e1525d16b1 fixtures/typed-obligation-v0/reject--input-not-lowerable.json
100644 ddf9f26fa8366d9cea0791c5cff6c3b59af4cd60 backends/direct/encode/v2_bench.py
100644 ddff4407b90482f6d6fbad3b396365f512895d72 backends/gkr/verifier/.cargo/config.toml
100644 ddff4407b90482f6d6fbad3b396365f512895d72 backends/ligero-verify/.cargo/config.toml
100644 de151bc46a3500a5ffd58d19f5bf9fdeced91419 fixtures/redteam/vu-battery/v1/a/a_honest/public.bin
100644 de5a8ccee2c8f606af751a761e1d52079789b750 packages/verity/src/verity/commitments/rowleaf.py
100644 de6b3e084f487e964c64ba08275f3d0adb8b156b tools/research/tests/test_store_prov.py
100644 de75cbcec4d9456fa73a6959d94bf09c85ade549 backends/direct/ligero/fp8/tool.py
100644 de824a672f2f890e6573442076b68b3091891dc0 integrations/vllm/workloads/qwen25-15b__bf16__l40s__tp1__b2__i1024__o128__mixed__greedy__bi-eager.json
100644 de97342d52d602c5e45f41ccfc56a04b34fde311 backends/direct/vendor/p3-fri/src/lib.rs
100644 dec585627fe73dbf959d4528ae0149a676b87789 backends/numerical/reports/ledger/red-team-vu.jsonl
100644 ded2df832f496bf98193f90a811464f20c7ae6cd backends/ligero-verify/src/verify.rs
100644 deed9c8efe6ce405a9f8fbd8e1bcfe6b70b00dbf integrations/vllm/tests/program/test_continuation.py
100644 defc291e7e4612acfa1d28dd40f66a6653daedcc backends/direct/vendor/p3-baby-bear/src/mds.rs
100644 df02479fd7cd790faf942de862f64457ea240a6e integrations/vllm/verity_vllm/acquire/__init__.py
100644 df206e4b24acbb5bc59b015580908665f58a6de3 backends/direct/tools/crosscheck.py
100644 df2e1428179f08b82bb229c9c26ccc13fd0d61a3 backends/numerical/reports/ledger/latency.jsonl
100644 df47afd21bdb685700f70dd73ad03f90dc1dc7c2 integrations/vllm/tests/correspondence/test_correspondence_source_query.py
100644 df49ca84cce6a69d2ea8be7775ec39793dcfecf0 integrations/vllm/verity_vllm/program/lifting/dump.py
100644 df4a0ebff73025d4dd91a9063353368d2b87de29 fixtures/redteam-3/logup-union/forged_epilogue_hint/public.bin
100644 df4bcbf1bab28559a8341af42c671aa2a14488fd integrations/vllm/verity_vllm/program/frontend/derive_examples.py
100644 df73e25d0062f81fd6140d71bff590870edb4a63 backends/sp1/common/tests/lean_vectors.rs
100644 df7de00736a002ad2e38cc859b29e908796e93d4 backends/numerical/reports/ledger/anchor-a100.jsonl
100644 df8438fc31b1e3ef2b74fe6d162d9b661c79e500 integrations/vllm/workloads/workload_b1_sampling_2req_seeds.json
100644 df863133d95c7a6326fa8d37c261a672936a23bd packages/verity/src/verity/ml/tc/total.py
100644 df92a76b59fcd57176206bd6b8f90cc59e3401d5 backends/direct/vendor/p3-fri/src/verifier.rs
100644 dfc16a2f6d538228d6f59848f54f6add0a4f5830 backends/ligero-verify/fixtures/systems/bf16-ampere-v3.system.bin
100644 dfd6863eb74e193092ecb0d24f657f99b152332c packages/verity/tests/ml/fixtures/gemm-B1-b3eba618b1b5-20260907T1731Z/qkv_proj_prefill_2/out_row.u16
100644 dfe27c5854c5131eb7b3d4d6d8013384ffd095fa backends/gkr/fixtures/v2_synth/chain.txt
100644 dfe27c5854c5131eb7b3d4d6d8013384ffd095fa fixtures/redteam-3/logup-union/forged_epilogue_hint/chain.txt
100644 dfe27c5854c5131eb7b3d4d6d8013384ffd095fa fixtures/redteam-v2/gkr/chain.txt
100644 dfe27c5854c5131eb7b3d4d6d8013384ffd095fa fixtures/redteam-v2/gkr/neg/b1_honest/chain.txt
100644 dfe27c5854c5131eb7b3d4d6d8013384ffd095fa fixtures/redteam-v2/gkr/neg/b1_wrong_word/chain.txt
100644 dfe27c5854c5131eb7b3d4d6d8013384ffd095fa fixtures/redteam-v2/gkr/neg/epilogue_one_zero/chain.txt
100644 dfe27c5854c5131eb7b3d4d6d8013384ffd095fa fixtures/redteam-v2/gkr/neg/epilogue_ovf_flip/chain.txt
100644 dfe27c5854c5131eb7b3d4d6d8013384ffd095fa fixtures/redteam-v2/gkr/neg/epilogue_wrong_unit/chain.txt
100644 dfe27c5854c5131eb7b3d4d6d8013384ffd095fa fixtures/redteam-v2/gkr/neg/honest/chain.txt
100644 dfe27c5854c5131eb7b3d4d6d8013384ffd095fa fixtures/redteam-v2/gkr/neg/swap_vu_epilogues/chain.txt
100644 dfe27c5854c5131eb7b3d4d6d8013384ffd095fa fixtures/redteam-v2/gkr/neg/unit0_noninitial_state/chain.txt
100644 dfeb7bf6b606c6a12f8df336f7901872ae31db9f integrations/vllm/tests/observe/test_observe_resolve.py
100644 e00f9fd246b69f69ad4411ffe2a4705c973c2391 packages/verity/tests/ml/fixtures/gemm-B1-b3eba618b1b5-20260907T1731Z/gate_up_proj_decode_1/out_row.u16
100644 e0112761376692be3426637e556864ee6e5fe31f backends/numerical/reports/ledger/a-kernel.jsonl
100644 e033c8a8bc9cadaea531dd2246e8598779d837fc fixtures/redteam/babybear-battery/v1/wrap-d000fa6c62.json
100644 e0471d8557097cd907bc63eaf86bd1b1bce4e625 fixtures/redteam-zk/README.md
100644 e04ebb468566e218ca38943b5c4ae8e3f6bed59d backends/gkr/fixtures/babybear/negatives/product.claim_zero.bin
100644 e052ce5fd35c2357c2373d2c7ef774cecfbde9a5 tools/research/tests/test_mem_admission.py
100644 e06da39c98fc641bbfa649397145f39ce0927f2e integrations/vllm/tests/harness/test_research_outputs_tp.py
100644 e0715bca3e418f7d1580c1e8ab3960946c5821de backends/gkr/fixtures/babybear-transcripts/transcript_vu64.json
100644 e081ff04ce762f21eefe93cd3f45fc671b4d2a25 fixtures/redteam-v2/gkr/neg/unit0_noninitial_state/units.bin
100644 e09febf526a530b081ea18914d660fd1ea561107 integrations/vllm/verity_vllm/commit/semantic_layout.py
100644 e0b88a90a56e3a9ebcedbfbf2fe044c3a4ecb0d5 integrations/vllm/verity_vllm/check/noninterference.py
100644 e0c6604671b9f389a19d55c3e4c5743942402131 integrations/vllm/verity_vllm/program/registry/sampling.py
100644 e111d7493317aedd9be30b13ce7d37c60be538a0 backends/numerical/python/verity_numerical/redteam/z3_babybear.py
100644 e11644493f9169a71e758d805e635939fac183bc integrations/vllm/workloads/olmoe-1b-7b__bf16__l40s__tp1__b32__i1024__o128__mixed__greedy__bi-eager.json
100644 e12a3c881245d2f44baf43c2adcba74a2fd39e74 integrations/vllm/tests/observe/test_events_log_tree.py
100644 e1377415fddf6d805dff95d1a752cd2aeabe14f9 fixtures/typed-obligation-v0/identity--mut--domain-root-hash.json
100644 e16822ca14e2a4e7f9e216b883a1d14f6b75d63c backends/ligero-verify/fixtures/rust_verdicts/mut_interactive_plain.json
100644 e1a00ae36e9828a1b991e2840999dc8b4f18c9c3 integrations/vllm/tests/regression/expected/llama32-1b__bf16__l40s__tp1__b1__i256__o32__mixed__stoch-t0.8-p0.95__bi-eager.json
100644 e1a5da60332b6d2fa52d1a3846f805cf47735379 backends/gkr/verifier/src/sha256.rs
100644 e1a89f68ca311f78f72c62f1ee6480906ffcde15 integrations/vllm/verity_vllm/program/instances_form.py
100644 e1deb6e45908d02fdf5a317ca0e714155f657f66 integrations/vllm/verity_vllm/tp/partial_source.py
100644 e216d5231af272b498b1243ffe23bb464aacecaa backends/gkr/gpu/README.md
100644 e23b7b41057eaaca6fa427ba247b1f93461a08c5 fixtures/redteam-zk/manifest.json
100644 e24d29c91f46ae527872b77b6c5798626f049b7b integrations/vllm/tests/ops/test_row_pod_weights_of_record_reuse.py
100644 e263805d8e6a8ab13f770915b3bdb647fe31874d backends/numerical/python/verity_numerical/explore/auth_integration.py
100644 e2791b64797790230d5255eda52ebe8e26dd1f44 integrations/vllm/tests/commit/fa2_prototype/layouts.py
100644 e2947b602ab083471a43a397589e18e7cc1c0737 integrations/vllm/workloads/smollm2-135m__bf16__l40s__tp1__b2__i32__o32__mixedstop__greedy__bi-eager.json
100644 e295b67a9df09bc109151bf35c04735c55e3d8c9 backends/sp1/common/src/kernel/openings.rs
100644 e29883db01a82bd444694ef0f0afe36c78c93650 fixtures/redteam/babybear-battery/v1/wrap-b693d7f93b.json
100644 e2b14d5e7d13ed3e39e7e9bc9ce70cdd4b965e19 backends/numerical/reports/ledger/c-vole.jsonl
100644 e2d73128ae289d327f43fb850c42b14adaaaa300 packages/verity/src/verity/ml/tc/models.py
100644 e3206d927e3fe064da6557de81895d06a635c4eb integrations/vllm/tests/input_provenance/test_weights_of_record_root_host_independent.py
100644 e32f860962db69a5d8f04c92af8d2dc37484f438 fixtures/typed-obligation-v0/identity--mut--coverage-unprotect-out.json
100644 e33cf5109bedb0216a38addfe3194b713cb5d87f fixtures/bench-instances/v1/seeds/qkv_proj_decode_1/w_row.u16
100644 e33cf5109bedb0216a38addfe3194b713cb5d87f packages/verity/tests/ml/fixtures/gemm-B1-b3eba618b1b5-20260907T1731Z/qkv_proj_decode_1/w_row.u16
100644 e36148b795cd36b3f167aed75cc6391a2bfc3f7d backends/gkr/fixtures/negatives/overflow.zero.bin
100644 e3880fcf537f59a2ec7e04d600bd8ee0e7def6bb integrations/vllm/tests/program/test_ref_prims.py
100644 e3990c452f3974a5276e67f0df0055c77600c2a1 backends/shared/anchor_a100/results/ligero/ligero_gate_vu.log
100644 e3b0b84f9d9cdcbf5f483609852d60c2f531f9d5 fixtures/bench-instances/v1/seeds/qkv_proj_prefill_0/fixture.json
100644 e3b0b84f9d9cdcbf5f483609852d60c2f531f9d5 packages/verity/tests/ml/fixtures/gemm-B1-b3eba618b1b5-20260907T1731Z/qkv_proj_prefill_0/fixture.json
100644 e3b29fd0f3d9060629afd72947d6ae96f66fe11c packages/verity/tests/ml/fixtures/README.md
100644 e3ba7291b462c1a92b4beac9ec01cd8f581de9f5 packages/verity/tests/ml/fixtures/gemm-B1-b3eba618b1b5-20260907T1731Z/down_proj_prefill_0/out_row.u16
100644 e3c2f9bccc2e87f8c665eaf4a5bfb1114ca7828f integrations/vllm/verity_vllm/acquire/native_host.py
100644 e3eab492ba7fb10f5f7d97634177491e37cdb2f4 integrations/vllm/tests/tp/fixtures/tp2/instances.shard.rank0.jsonl
100644 e3f6921a16a2d72dfffcd87992774037436763ee integrations/vllm/data/rec/p1-b0-lp32s15-parts/p1-b0-lp32s15-P1b.plan.json
100644 e402f6d888fab37636f592733de41916efc29589 fixtures/typed-obligation-v0/identity--mut--projection-repeat-dropped.json
100644 e40edafc1bd488f0f018a51d61a567f426ff74b2 integrations/vllm/tests/ops/test_row_pod_match_summary_resume.py
100644 e422a9936af391c6b5af47fe7468711534a3657f backends/direct/vendor/p3-fri/src/config.rs
100644 e42fda0ad596df2f55928634509f047356190152 integrations/vllm/tests/observe/test_gen_ov_moe.py
100644 e44b39facbaffe67df5d71895c2d41c33de27790 fixtures/redteam/ligero-binding/v1/binding.json
100644 e4513e9e362703f73914721eba954c4f92f13c56 packages/verity/src/verity/__init__.py
100644 e4537eb77b551ae0b2900d65d7883414ef52d4a4 packages/verity/tests/ml/fixtures/gemm-B1-b3eba618b1b5-20260907T1731Z/o_proj_decode_2/out_row.u16
100644 e476c05d0b66b688525e1d0413b8045c053f9e08 fixtures/typed-obligation-v0/reject--dangling-type-name.json
100644 e4785e9a89a3a7f7924bca451fdd79f71541fff4 backends/gkr/packed/tests/test_logup_graph.py
100644 e47af47627612ddcf70ad132fe1099e5b9fa255c backends/ligero-verify/fixtures/steps-pin/fp8-ada-ajtai-n64-collide-P/collide.json
100644 e49b8e2b70dd8de12dc69a31002fe180f2a0b369 backends/direct/encode/buckets_bench.py
100644 e4abffb7c15b8bba1104a39a96c3205a2334746b integrations/vllm/verity_vllm/observe/profiles/expected/derived_OLMOE.json
100644 e4d2df741045aa0ccb7b322a4d316b9fa8cea137 integrations/vllm/verity_vllm/observe/profiles/dense_generic.py
100644 e4e7ec57dd6f1f4fe1bbb5fd1afb184ad7ae2b2e integrations/vllm/tests/correspondence/__init__.py
100644 e4e81437b0c0c1a03149832aa87321f7be1cb6f7 fixtures/redteam/babybear-battery/v1/wrap-687502c299.json
100644 e50dc09a44a9a9f92c1e174c6f332848cb0f46f2 packages/verity/tests/verification/test_trust.py
100644 e50de9ac21f2c27481f72968e7342fa01f2f877a backends/shared/anchor_a100/results/fused/agreement_test.log
100644 e516988b60221590cecbc947d67b38043088c48a integrations/vllm/tests/observe/test_memory_refs_semantics.py
100644 e51b859c32432e341325acb153c1ad9bf470808d integrations/vllm/verity_vllm/acquire/committer_api.py
100644 e5a5fa31c694b22c7c298cdec4449dcb032c0a5f integrations/vllm/verity_vllm/program/registry/quarantine/ln/gelu_erf.py
100644 e5c47bf92cebf3b3b231efb7f98d5be737732413 packages/verity/tests/ml/fixtures/gemm-B1-b3eba618b1b5-20260907T1731Z/manifest.json
100644 e5da2ea991ddf80b09e3f302bbfb69faf7aa604b integrations/vllm/verity_vllm/program/registry/quarantine/dense/add_widened_bf16.py
100644 e5f8a83b51a530c4586493e742f05b92fe208a67 integrations/vllm/tests/harness/fixtures/admission/b8greedy_exec.json
100644 e61dd14f4968219e07c2dc03228450756987fafd fixtures/typed-obligation-v0/reject--identity-conflict-offset.json
100644 e62bfa1ef55a5aa9ecda3db8473d2a72aefacd53 integrations/vllm/data/census/scaling/lp129_s1.json
100644 e644d9f8bd009270fe41eb8e22d06818eefa9093 backends/vole/export_ir.py
100644 e669b7b0c8ba8d490a7eb27d5f03b9cdf7910f7c integrations/vllm/data/census/scaling/lp32_s8.json
100644 e69411024280bde4854edf4456072a6b1b1f0dbe integrations/vllm/tests/acquire/test_promoted_input_acquisition.py
100644 e69de29bb2d1d6434b8b29ae775ad8c2e48c5391 backends/direct/encode/__init__.py
100644 e69de29bb2d1d6434b8b29ae775ad8c2e48c5391 backends/direct/encode/tests/__init__.py
100644 e69de29bb2d1d6434b8b29ae775ad8c2e48c5391 backends/direct/ligero/__init__.py
100644 e69de29bb2d1d6434b8b29ae775ad8c2e48c5391 backends/direct/ligero/fp4/__init__.py
100644 e69de29bb2d1d6434b8b29ae775ad8c2e48c5391 backends/direct/ligero/v2/__init__.py
100644 e69de29bb2d1d6434b8b29ae775ad8c2e48c5391 backends/direct/ligero/v2/tests/__init__.py
100644 e69de29bb2d1d6434b8b29ae775ad8c2e48c5391 backends/gkr/gpu/v2/tests/__init__.py
100644 e69de29bb2d1d6434b8b29ae775ad8c2e48c5391 backends/gkr/gpu/v2/tools/__init__.py
100644 e69de29bb2d1d6434b8b29ae775ad8c2e48c5391 backends/gkr/tensor/fused/__init__.py
100644 e69de29bb2d1d6434b8b29ae775ad8c2e48c5391 backends/shared/anchor_a100/__init__.py
100644 e69de29bb2d1d6434b8b29ae775ad8c2e48c5391 backends/shared/hash_gpu/tests/__init__.py
100644 e69de29bb2d1d6434b8b29ae775ad8c2e48c5391 fixtures/redteam-v2/gkr/neg/chain_spec_stripped/chain.txt
100644 e69de29bb2d1d6434b8b29ae775ad8c2e48c5391 integrations/vllm/data/census/.keep
100644 e69de29bb2d1d6434b8b29ae775ad8c2e48c5391 integrations/vllm/tests/__init__.py
100644 e69de29bb2d1d6434b8b29ae775ad8c2e48c5391 integrations/vllm/tests/acquire/__init__.py
100644 e69de29bb2d1d6434b8b29ae775ad8c2e48c5391 integrations/vllm/tests/query/__init__.py
100644 e6d438f39865a907f260bee8355b44310ab45e72 tools/research/src/research/telemetry/patches/budget_cap.py.cancel-intent.diff
100644 e6df3e9b3d97c49ef6fbe6861a340fad44bd8fb5 fixtures/redteam-v2/gkr/neg/b1_honest/units.bin
100644 e6df3e9b3d97c49ef6fbe6861a340fad44bd8fb5 fixtures/redteam-v2/gkr/neg/b1_wrong_word/units.bin
100644 e707423ad4430b36a99c4fe75423588c4524726c integrations/vllm/workloads/workload_b0_chunked_200p.json
100644 e72d3e17d974e16e333a5724a1033e5f56d52464 backends/direct/ligero/leaf/ajtai_key_test.py
100644 e73b951dd497a77cea01f2052b326ecdb4a923a3 integrations/vllm/docs/data/ref-prims/LinearRef_v1-f32.json
100644 e74565cd5a6e056f404d245ddbba4a8bd488bd99 fixtures/typed-obligation-v0/identity--mut--projection-index-beyond.json
100644 e76cc0083063e6d7ae0a96f5069469a3eb4c3e9d integrations/vllm/tests/observe/test_gen_ov_sampling.py
100644 e78c3caca37eb21b10a5bf1ee81c9495bb5c957c integrations/vllm/verity_vllm/harness/release_json.py
100644 e7af3d401a1734ec394efce9ced1890677f36166 integrations/vllm/verity_vllm/tp/worker.py
100644 e7c9319f89a6f2f3dd545998f17a10bd1db82da1 backends/shared/anchor_a100/results/wave2_gkr/packed28/result.json
100644 e7e40ab765e76c68fe5ee4282b55df49b2546eb0 backends/redteam/vu-battery-b/Cargo.toml
100644 e7f1ffc05f84fd80bd732225f13cb3f968124961 integrations/vllm/tests/regression/expected/qwen3-30b-a3b__bf16__l40s__tp2__b2__i1024__o128__mixed__greedy__bi-eager.json
100644 e802b0307274aebd22d976ce82d201b3c50fda96 integrations/vllm/verity_vllm/tp/collective_record.py
100644 e825f9038b3c3954d533d64aeda989322e85df00 fixtures/redteam/babybear-battery/v1/chain-81b4b863f4.json
100644 e84e42f07bbcc5c25b89b2efd05459d5d7b59d72 integrations/vllm/data/census/scaling/lp200_s1.json
100644 e86f41bae81bd80ef75e62d0a78e656d070f9c82 integrations/vllm/data/hf_configs/LLAMA32_1B.config.json
100644 e8732f34cf833b863dd454eb1857ce764c6f9118 integrations/vllm/verity_vllm/tp/analyze.py
100644 e8acb10098699f8f6f40115944f282c179754dd4 backends/ligero-verify/fixtures/rust_verdicts/mut_fiat-shamir_plain_127.5.json
100644 e8bdfb19a5609a513ef94160d499d41124e24cd4 tools/research/tests/test_remote_ship_source.py
100644 e8c0520e0a8bc006411c0ebf3c5bbc085188be9f tools/research/src/research/store/tool.py
100644 e8d3d49eb193a31a95ea169c554f37ac3b2ee883 integrations/vllm/verity_vllm/observe/profiles/expected/derived_B7.json
100644 e8d9b11fb4900b68b70c879f2f4dcb6b94ccbf16 backends/direct/encode/v2_shape.py
100644 e8e19f789cf7b4e8c302903fbf1e8c3a688a028b fixtures/bench-instances/v1/seeds/lm_head_decode_1/fixture.json
100644 e8e19f789cf7b4e8c302903fbf1e8c3a688a028b packages/verity/tests/ml/fixtures/gemm-B1-b3eba618b1b5-20260907T1731Z/lm_head_decode_1/fixture.json
100644 e8e840dfa677d4ba501a39f1d3964b3b41be3153 integrations/vllm/fixtures/B0-divergence-20260907T1604Z/layers.0.self_attn.rotary_emb/compiled/in_positions.npy
100644 e8e840dfa677d4ba501a39f1d3964b3b41be3153 integrations/vllm/fixtures/B0-divergence-20260907T1604Z/layers.0.self_attn.rotary_emb/eager/in_positions.npy
100644 e90a7c39d2af227a99574ef9081fb0b3db73e945 fixtures/redteam/ligero-binding/v1/README.md
100644 e94ed6a73a6bf691903ea36256d3a41fd33bf346 integrations/vllm/tests/commit/fa2_prototype/fixtures/p0/SHA256SUMS
100644 e95f4de8b18e800d8c04de977412cb68d70829d7 integrations/vllm/docs/data/ref-prims/SiluRef_v1-bf16.json
100644 e9849189f6f843b6b0192db587cc1042fe6ec110 integrations/vllm/verity_vllm/program/registry/hopper.py
100644 e9aabcb99cd1b607d6f8be0cf67a1643e4c78735 fixtures/proof-format-v3/vectors.json
100644 e9afea9e447682d55181a8fc4ff70458521855b2 integrations/vllm/tests/commit/fa2_prototype/oracle.py
100644 e9c729770af81fce5a5394e4dad72d9220402a5a integrations/vllm/workloads/llama32-1b__bf16__l40s__tp1__b64__i256__o32__mixed__greedy__bi-eager.json
100644 e9cb9200692338173cdc2ff85d1ca4a9f9f3df1b fixtures/typed-obligation-v0/reject--format-missing-boundary.json
100644 e9f6547fe6eebdc2114b4906985f5492fd379e9a fixtures/typed-obligation-v0/identity--downstream-only-accepts.json
100644 ea01c73fd7cad63165dbeb6408bc84bbe63d1d74 backends/shared/hash_gpu/poseidon2_torch.py
100644 ea158044d2e78d2a842ce0e62fbe506a8174c2a9 uv.lock
100644 ea1f0acad10a227fee10f8187a59c8bb27df91af fixtures/redteam/babybear-battery/v1/wrap-fa8ffcc74b.json
100644 ea2e137026a86b99739f790b8bc1286120451fc3 integrations/vllm/verity_vllm/program/frontend/rules/base.py
100644 ea338a64cb00512ef9ab0a10cf3b363012a42580 backends/numerical/tests/reference/test_hawkeye_close.py
100644 ea47f08cb03331f37f5b7ea2f7a1f3dcbc557b75 fixtures/bench-instances/v1/vu-k1536.y.u16
100644 ea51c3d1264c99660bde79860716c752b9ebfb70 backends/numerical/reports/ledger/soundness-fixes.jsonl
100644 ea8dbcc74715559b1ec55e76a5971c8c213f8aca integrations/vllm/verity_vllm/program/numerics/cpp/fa2_model.cpp
100644 ea9cafd0d2cb0730ecdc4ad4a72bf679401ae264 backends/shared/anchor_a100/results/fused_logup/fused_logup.json
100644 eab73c120d14bff3b7534756ae59f58c8d4caf95 integrations/vllm/verity_vllm/observe/patterns_fp8.py
100644 eaf46c45db9f28c9f4832e92ff9603e0db040172 fixtures/redteam/babybear-battery/v1/wrap-916c724b31.json
100644 eb0e6cb339cb4bbee21f78fbf80642ba321fcd91 integrations/vllm/verity_vllm/program/registry/quarantine/dense/narrow_f32_bf16.py
100644 eb1d92988d968b2d95fdb86739c2d76826cb0b62 tools/research/src/research/result.py
100644 eb2fc15a8c08fe874b9dd48f350694a631ca2bba backends/vole/patches/swanky-verity_v0.patch
100644 eb3acbd00dc2388762da9001780720334d071cd7 backends/direct/ligero/privsel/__init__.py
100644 eb4a157872118f4ddc58c208ad658a044a8e6ac4 backends/gkr/fixtures/negatives/group_max.two_selectors.bin
100644 eb4bd52ee9701b0cf1f4b8a62d9f08f5226b6e3e backends/gkr/tensor/bench.py
100644 eb64b8def0834417f28d2df7d12b5fe9beb54880 integrations/vllm/tests/check/test_verdict.py
100644 eb7eb6e51f619ed2f66ab2fc5ce0cffb1ca610c2 fixtures/redteam/babybear-battery/v1/wrap-1e1399764d.json
100644 eb8980f2e11de964f445274ee3ddfa6c76f45a11 integrations/vllm/tests/tp/fixtures/tp2/fold_gap.shard.rank1.json
100644 ebbd5fe03d9bb69b95a077bcb28aafbdca2ec1b2 backends/shared/anchor_a100/results/wave2_b/lintest.json
100644 ebbd96206e1e650b8d08240c0ba77864ed10ed7f integrations/vllm/verity_vllm/observe/observer.py
100644 ebf4b0b3e0d6bcf6350040959678c5b21b07f8a1 backends/gkr/fixtures/babybear/negatives/align_state.r_plus_one.bin
100644 ec2a675fcae82e1cf305b381b02c8d995493b76c fixtures/typed-obligation-v0/accept--tc-packed-row-offsets.json
100644 ec381be5c1bf84dceb6092e2cb37702398103fc6 fixtures/bench-instances/v1/seeds/o_proj_decode_0/w_row.u16
100644 ec381be5c1bf84dceb6092e2cb37702398103fc6 packages/verity/tests/ml/fixtures/gemm-B1-b3eba618b1b5-20260907T1731Z/o_proj_decode_0/w_row.u16
100644 eca7fd1114c99ddbfce7c07cc4d521717e4fc8ca tools/research/tests/test_cli.py
100644 ecc49ebf5ac290aa2bb77c14ee453b31763fb73f backends/shared/anchor_a100/results/wave2_gkr/packed26/bench.json
100644 eccc6af91de60ffbbfec26e7329ad65753a78519 integrations/vllm/verity_vllm/commit/hashing.py
100644 ecfa7c910ff041f5c1b41e40d8a5fbcfe0f1ae8c backends/ligero-verify/fixtures/manifests/set_fiat-shamir_zk.manifest.json
100644 ed02acfa3c19372e87f9b237c792bed5f67dccd7 integrations/vllm/workloads/qwen25-15b__bf16__a100__tp1__b1__i256__o32__mixed__greedy__bi-eager.json
100644 ed12f4970a857730bcde796799a4f84a4917f3fb backends/direct/src/lookup.rs
100644 ed541b592874052f9938797afcb76c25b3fbac82 fixtures/redteam/babybear-battery/v1/z3-f3d01ac22d.json
100644 ed591f41e43c046d19d0b3f97a97e6a92fb6f16a packages/verity/tests/verification/test_int8.py
100644 edb939dbfe55f6441ff98c90360745239f21f060 backends/ligero-verify/fixtures/steps-pin/bf16-hopper-ajtai-n128-collide-P/redteam_verdict.json
100644 eddd9b03f246e5b1d1401d1d372c0652c1c421df backends/numerical/tests/explore/test_pcs.py
100644 ede1968b25a8f72d71a6bb6c3d575c6c08b2081d integrations/vllm/tests/check/test_golden.py
100644 ee280d5bfbeaedd820f43d9a5889a5464b6d1c88 integrations/vllm/verity_vllm/harness/gc_tuning.py
100644 ee39a809627bd7b302a1ba28b68831188f885dca integrations/vllm/tests/check/test_alias_reference_fixture.py
100644 ee7d809286ad0c21230d06fa2ee9b3d9165e73a1 integrations/vllm/tests/query/test_boundary_oracle.py
100644 ee99e15e14fc4e8bca9b98efdcb3c96887e2f441 integrations/vllm/manifests/semantic-profiles/qwen2-eager-batch-invariant-v2.json
100644 ee9f357155d180d70f85810720a710e2a273998b integrations/vllm/verity_vllm/program/registry/quarantine/dense/tables/mufu_tanh_sm89.xzblocks
100644 eeb0478e00727f2c6274d85cd46c2805642c41d3 integrations/vllm/tests/program/b1_authored.py
100644 eeb77881fcc6bcdc3d81d28a636f0054efecbc30 fixtures/redteam/vu-battery/v1/a/a_c0_nonzero/epilogue.bin
100644 eec0d098f07ade3e9cc1a4452d254253711df0ac backends/direct/ligero/leaf/ajtai.py
100644 eed1a793a66368cdafe467a5243b94982b4d0ca9 backends/direct/ligero/redteam/steps_pin_forge.py
100644 eee322a53f4862a827be294d31325117d9a5ee1f integrations/vllm/verity_vllm/program/registry/quarantine/collective/allreduce_difftest.py
100644 ef59f8fff209517a8c93f453ef0fae04d812bbe6 backends/direct/ligero/redteam/leaf3_ajtai_collide_e2e.py
100644 ef87bc67a484ed8f96543c00c5a60b6bb7e7a0c1 backends/direct/vendor/p3-fri/src/prover.rs
100644 ef9227f33354eb35739dde9923e04f221c5ced73 backends/gkr/packed/kernels_fused.py
100644 efa95bf96f94133ea55b5ae409fa65319afc998b integrations/vllm/tests/regression/checks/__init__.py
100644 efb0beac1c06464358afd8a5d5afdd5b9f63f0c5 packages/verity/tests/ir/test_query_ast.py
100644 efb1564bec091ca35ac2a6fc35c061cc0c71dd17 backends/gkr/fixtures/negatives/overflow.neg_inf.bin
100644 efb1587d336dca5f0b2f322dc6a425c29551c867 backends/numerical/python/verity_numerical/gkr_export/vu.py
100644 efd2bb01932727c6c8ae30efdf882dce53a53201 backends/direct/ligero/results/result_vu_85.json
100644 f02ebf7c72304a4f1877d9c0ecf4f76790160b03 backends/numerical/tests/security/test_census.py
100644 f036770b34f4d4b179e9d1c6c0f0e65654e7edb1 backends/numerical/tests/security/test_zk_cost.py
100644 f0439fc8d3f49b332b866fcb40e93062ef53eef5 fixtures/typed-obligation-v0/identity--mut--width-input-gate.json
100644 f05f76a24a3c737679a69136253d7aef2023b9a5 integrations/vllm/tests/program/data/topp_split_fixture/fstoch01_s16_intermediates.npz
100644 f08dab4e6661c834faa632e4b6ab3b15af8c686b integrations/vllm/data/l8-nan-scan-2026-09-07/B0.json
100644 f09bedff3ca046c74c6f6d9456be8033abbe8fc2 backends/numerical/python/verity_numerical/bench/tables.py
100644 f0b69e3e5fa16ca634685950e016fb2984ecbba0 backends/shared/anchor_a100/results/encode/stdout.log
100644 f0de2e5027d39e060ebc451271e7b0ae4c7221f1 integrations/vllm/verity_vllm/program/registry/quarantine/dense/tables/mufu_tanh_sm89.json
100644 f0e312f0788d7c0e25f888018b1f53e4b988714f fixtures/redteam/babybear-battery/v1/wrap-f5dde3107f.json
100644 f11eadb19b998a8d68c103ff391e442a453b3c54 integrations/vllm/verity_vllm/program/frontend/provenance.py
100644 f120c8aff42d0803869cb2fd6174bac362560afd integrations/vllm/tests/program/test_frontend_rulings.py
100644 f12316dd043e20b5571b9a941d6bbc2e62c4c35b fixtures/bench-instances/v1/seeds/gate_up_proj_prefill_0/x.u16
100644 f12316dd043e20b5571b9a941d6bbc2e62c4c35b packages/verity/tests/ml/fixtures/gemm-B1-b3eba618b1b5-20260907T1731Z/gate_up_proj_prefill_0/x.u16
100644 f1319d25944d9467f9211907bc5e9ff0b02baae5 backends/direct/ligero/redteam/mask_rank.py
100644 f137088399ba6323da1ddc192cefc10997053674 integrations/vllm/tests/program/test_derive_hf5.py
100644 f137f63b0b887df442d163c7f57fc3d4ee5b4e8e packages/verity/tests/ml/fixtures/gemm-B1-b3eba618b1b5-20260907T1731Z/gate_up_proj_prefill_2/out_row.u16
100644 f151c9a0a98f52843534f3d1f2a1595c7de100b2 tools/research/src/research/store/labels_sync.py
100644 f207c3a24a0bac429b5db37b3394722d9e612154 fixtures/redteam/babybear-battery/v1/wrap-73008309d7.json
100644 f22b0131b8efc42e168f99be303c0a650c87f15a backends/direct/ligero/redteam/leaf3_ajtai_steps_e2e.py
100644 f24903e4878b2c46e7f56f8945f2b63e34bf06bb tools/tc_probe/instances_hw.py
100644 f24d48b5551ec48d45e7332fbc9243d667e1b734 tools/research/tests/test_repo_replicas.py
100644 f253348fa24d15b39a038284486fa3087acbdafa packages/verity/tests/commitments/test_indexed.py
100644 f25ab3ebea0b3cdc52ea2342a6336675c5820038 backends/direct/ligero/chain_test.py
100644 f26ff392f0ac2330d42b789d72b4cd419575e4bf integrations/vllm/tests/check/test_compare_divergence_report.py
100644 f2705d19600942ca3a591d175bd3ada9c22627bb integrations/vllm/data/contract/a56-coverage/records/unsupported-census-TINY.json
100644 f2734868b58eaae5fe63431478feb72f48b1c668 integrations/vllm/tests/check/test_compare_skipped_entries.py
100644 f285ea42bd2bd5f8afe24d0df94b4fb40d8088d1 fixtures/redteam/babybear-battery/v1/manifest.json
100644 f2ae71af820593a29d9fb97b23cb57db52cdc9d6 fixtures/bench-instances/v1/seeds/qkv_proj_prefill_0/x.u16
100644 f2ae71af820593a29d9fb97b23cb57db52cdc9d6 packages/verity/tests/ml/fixtures/gemm-B1-b3eba618b1b5-20260907T1731Z/qkv_proj_prefill_0/x.u16
100644 f2c4e84e7b94a36632559de7367d5fe841f0c41d backends/numerical/python/verity_numerical/redteam/z3_air_v2.py
100644 f2d446ac090cec442b6037e7fa411d0adf83c3b4 packages/verity/tests/ml/fixtures/gemm-B1-b3eba618b1b5-20260907T1731Z/README.md
100644 f34b0acbdf5aca9a2f173494341f3432cda3cc7f integrations/vllm/data/rec/p1-b0-lp32s15-parts/p1-b0-lp32s15-B.plan.json
100644 f386f69da9092c4ddc3c5c2c5ab80e1bd83b71b6 backends/gkr/fixtures/negatives/fp32.false_nonzero.bin
100644 f39126bc8d2f4031e30858a5b186717b3b1ef2e7 backends/numerical/reports/ledger/red-team-zk2.jsonl
100644 f3b6e6bec2c9d7aa60659910b48fa3d9dcdee48c backends/numerical/reports/ledger/a-fusion.jsonl
100644 f3e32df6ddaea2b13da6a5e763d314c715955c82 backends/gkr/fixtures/negatives/align_product.wrong_r.bin
100644 f401e58a99ec0e8ef2c99141e43e3425b371b566 integrations/vllm/tests/tp/test_tp_partial_source_moe.py
100644 f42867c4041388925da6e0b51d2aa72e695d1cb0 tools/research/src/research/store/vocab.py
100644 f42aa116382a117e7c255c07d12ef4dfbf56eb6f backends/numerical/tests/checker/test_hopper_bf16.py
100644 f42b09c8245d6850fc4d346462d7cd39c0aad875 integrations/vllm/verity_vllm/acquire/fa2_tap_src/verity_tap.h
100644 f435e0d660f23c3e1dae60c7ae3a11392047205d integrations/vllm/tests/test_no_by_name_rules.py
100644 f4440054c802a9d439a3c59905ec1485c809d628 fixtures/redteam/babybear-battery/v1/chain-44cefa1497.json
100644 f4468c51dd0824d1cf1a78c400fd83e32e8db037 tools/tc_probe_fp4/tool.py
100644 f446e2aaf89af25694ffd9bb2458efecedd0a258 backends/direct/ligero/field.py
100644 f451b3bb641f4a62198a29b4d66536e4cacec94e fixtures/lean-vectors/tc-ampere-bf16-a100.json
100644 f474a7f6c5ccec8624a0888221010acb0418fc36 integrations/vllm/verity_vllm/check/poc_description.py
100644 f481d9a8e8465f373b1b4f47b1b12ae0461b73c4 backends/gkr/fixtures/babybear/negatives/normalise.flip_clamp.bin
100644 f4a428d872e42159a77600aed2b1fec620037360 integrations/vllm/tests/commit/fa2_prototype/fixtures/p0/p0_64x300_h1kv1.npz
100644 f4ae8579f468f792b459cb56fc49125519df5933 backends/ligero-verify/fixtures/manifests/small_fiat-shamir_plain.manifest.json
100644 f4b47925dddbb3ff20b2f81c56155c9b62a00554 backends/ligero-verify/fixtures/manifests/set_interactive_zk.manifest.json
100644 f4f0f0551cd5775cf4cb83b4a32f5758dcbcc2ab backends/sp1/common/tests/ranges.rs
100644 f5107d13b842f8fa55f1ad8ff3c32fa6f07c8d60 backends/gkr/src/main.rs
100644 f513a8d9a61e83f166de15b229890ecc73dd338f integrations/vllm/verity_vllm/harness/compiled_merge.py
100644 f51b9334d645e6b6817dc868abd9314874f46953 backends/direct/ligero/bench_result_test.py
100644 f58b06bb54dcb19e18f178f2f436ba82ae21c256 integrations/vllm/workloads/llama32-1b__bf16__l40s__tp1__b4__i1024__o128__mixed__greedy__bi-eager.json
100644 f595634d9870918b4a7028161a81d2e0b378e2c4 integrations/vllm/data/rec/p1-b0-lp32s15-validated.json
100644 f5a6b618be2195d0b8a512d8120cb013a77061a3 fixtures/bench-instances/v1/seeds/gate_up_proj_decode_1/x.u16
100644 f5a6b618be2195d0b8a512d8120cb013a77061a3 packages/verity/tests/ml/fixtures/gemm-B1-b3eba618b1b5-20260907T1731Z/gate_up_proj_decode_1/x.u16
100644 f5baea83444ece9a3ced421dc2fb5500795c45b9 tools/research/src/research/pods/drain.py
100644 f5c2a6dc189553bbddabb7cbe96b0c03f97ca4ab integrations/vllm/verity_vllm/observe/profiles/hf_configs/OLMOE.config.json
100644 f5ee02ab57d7a373f88104e6d93b043b308830bd fixtures/redteam/babybear-battery/v1/z3-cf9f7f0671.json
100644 f6728cb42484abdf3647cea59db24a4dd2835e5c integrations/vllm/tests/commit/fa2_prototype/kernel_dump.py
100644 f68a0717af16e226146620e03beab3cc820b74ed backends/numerical/python/verity_numerical/checker/reference.py
100644 f692fbec2a6cd7c1490a91b6c63912e9a0c53232 backends/numerical/reports/fused_logup_4090.json
100644 f6a110873b0e529f55c6a95fe646b43beff0d1b3 backends/gkr/tools/battery_adapter.py
100644 f6b66f6eddaf4db09595971a8aee6f8bd0424100 backends/direct/tests/chain.rs
100644 f726a8f5ebbe71371e53862531f9384d207aba83 integrations/vllm/tests/query/test_partition_stubs.py
100644 f72d3998c7babc07b848944894341497fd9a91ee integrations/vllm/docs/data/ref-prims/RoPEInterleavedRef_v1-f32.json
100644 f72e146d6df03be4e074ac7f0a8fb30c5db1b964 integrations/vllm/docs/data/ref-prims/RoPERef_v1-bf16.json
100644 f7408be65b45ca0d19d8e8af6e77c63f642a10b6 backends/ligero-verify/fixtures/manifests/small_fiat-shamir_zk.manifest.json
100644 f7469a1ec810544eebabc19e358900be00fbc754 integrations/vllm/workloads/olmoe-1b-7b__bf16__l40s__tp1__b1__i1024__o128__mixed__greedy__bi-eager.json
100644 f75eb9da209e9faed85eb8197d4661f4e3bd0912 integrations/vllm/tests/program/test_torch_frontend.py
100644 f763687d0829bce99cd470dd0bd70484c6a1ee91 backends/gkr/fixtures/babybear/negatives/leading_bit.minus_one.bin
100644 f78dba14a82eb943daba3cd351927bbfe77fbc81 integrations/vllm/verity_vllm/observe/profiles/gen_ln_patterns.py
100644 f7b18bc73da42149897ca602d26658686d4d3302 integrations/vllm/data/hf_configs/OLMOE.config.json
100644 f829243c31a713b219aa7627a2bda5828602566f fixtures/typed-obligation-v0/identity--mut--projection-dead-return-dropped.json
100644 f82cb688a55f0506604e2ebe92e091d1a09d5324 backends/numerical/tests/bench/test_bench_contract.py
100644 f84ceddcc22afc9bf2baa6f178a198bc9c2229e6 fixtures/bench-instances/v1/seeds/qkv_proj_decode_0/x.u16
100644 f84ceddcc22afc9bf2baa6f178a198bc9c2229e6 packages/verity/tests/ml/fixtures/gemm-B1-b3eba618b1b5-20260907T1731Z/qkv_proj_decode_0/x.u16
100644 f85c0f495c319bfbc8b639aa778408a95fe27c11 backends/gkr/fixtures/vu_synth/epilogue.bin
100644 f85c5c00795f792119eed1c77ede922713413615 tools/research/tests/test_pods_part.py
100644 f86d3ec9883759107483d24ee10fb85584955151 integrations/vllm/verity_vllm/observe/profiles/vllm_d9105ea80_sm89_eager.py
100644 f8872d2450115c364f1d79bdbd9fc8da1c0fac23 integrations/vllm/docs/data/ref-prims/LayerNormRef_v1-bf16.json
100644 f8e9426fc607f54f4ddd731f3f43ec311c72d396 integrations/vllm/data/rec/predicates-kind-table-tiny-p1-cu-operator.json
100644 f921c0a1c9b56af64995a6a615fae18c2f6ec254 fixtures/tc/autoproof-SEMANTICS.lock.v1.json
100644 f9238bafad1dad14b74585ef36c0a46c480b6bf5 backends/direct/vendor/p3-baby-bear/benches/bench_field.rs
100644 f937a2ca2628b2be6eccebcfd03a2c83b94551d4 fixtures/redteam/vu-battery/v1/a/a_epilogue_claim/epilogue.bin
100644 f947b2e34a67311890f6aa41f6db883e45104757 integrations/vllm/conftest.py
100644 f99a34aa015272ae8f013899ad9c94f9f2548555 backends/direct/src/air.rs
100644 f9a5730f103ee96ae71d7c9b8e1ba60c071c5257 backends/ligero-verify/fixtures/steps-pin/bf16-hopper-ajtai-n128-collide-P/sub_00.stmt
100644 f9e76dd06bd2dff78adf18eb73f774a71fa75919 fixtures/redteam/vu-battery/v1/a/a_c0_nonzero/public.bin
100644 f9f3a12d1ade851afeefb64d10aad6cf7e709e2c backends/gkr/fixtures/babybear/negatives/output.sign_flip.bin
100644 fa1426a38c70b3488b02b6a6bce0e4022eb57351 backends/sp1/.gitignore
100644 fa766e92d72b69be75c62fa0d5ad6e0d98ff5702 integrations/vllm/workloads/llama32-1b__bf16__l40s__tp1__b16__i1024__o128__mixed-arrivals__greedy__bi-eager.json
100644 fa7d80caecdc2edb794acaf59f44a25f784888cd fixtures/redteam/babybear-battery/v1/wrap-06a6063f4f.json
100644 fa8b764d181c88d046c2fb6d15bf9189ae74efc2 integrations/vllm/tests/observe/__init__.py
100644 fa9707a494dca6eff5ef79cbac408999f1e2a26b integrations/vllm/data/hf_configs/QWEN15_AWQ.config.json
100644 faa236ca807ad80cf296434e78341cb2ba3cc1ac integrations/vllm/verity_vllm/observe/profiles/gen_ov_moe_patterns.py
100644 faabf7c67e57365b2f9fe9f7698d5dbcc5fcd728 fixtures/typed-obligation-v0/accept--repeated-input-reference.json
100644 fab4f62b78c12a397413ba38bc98803a56fb9903 backends/direct/ligero/openings_device.py
100644 face8306203178916b74ee975552e1517f3a6661 integrations/vllm/verity_vllm/tp/match.py
100644 facf26822157f7a171f8cfd8885286c5d107c5b0 integrations/vllm/data/census/256x64/partial.json
100644 fad1f975ae1d78382257e7220dbd7f3c5c92cffa integrations/vllm/tests/acquire/test_pinned_pool_exact.py
100644 fae8dcef713e890c3eb65db89e804fd02f83a565 backends/gkr/gpu/v2/export.py
100644 fb149c90f3cd0fbf343fc27ce2c591adea196d41 fixtures/typed-obligation-v0/identity--mut--leaf-position-swap-unequal-words.json
100644 fb20df62c9a0aa30306d31e622e50b1b6eca15a0 packages/verity/src/verity/commitments/merkle.py
100644 fb75ec300997b2aa02959469d6db055dbb67cff5 fixtures/typed-obligation-v0/identity--mut--projection-arg-onto-out.json
100644 fb76d6b7c10018573ae64d77cf50a7b12ffa09a7 backends/ligero-verify/fixtures/rust_verdicts/neg_fiat-shamir_zk.json
100644 fb7aaa64bb0a2c0139bf8f0ebd0af07eb8e8dd4b packages/verity/src/verity/ir/types.py
100644 fb811366afa53243c179c8e88dc2653b368e82d4 integrations/vllm/verity_vllm/program/numerics/_jit.py
100644 fb850d0ffaab591f0a90e73b763cdf321ea691ac tools/research/tests/fixtures/run_v0.2/out/proof.bin
100644 fbaa7837238eefe354e8c9b0537cbf31b6ec7dd3 integrations/vllm/tests/observe/test_chunked_attribution.py
100644 fbc227582bf7bac0aaf7f3eebaf687f3ec144458 integrations/vllm/data/rec/p1-b0-lp32s15-parts/p1-b0-nl1-v1024-lp4s3.json
100644 fbc254ffc61e260f852dcfe9f2c0c719388bc1a7 packages/verity/src/verity/verification/typed_obligation.py
100644 fbd01ca2a1f5a9cfd3777acd77021122912296e3 integrations/vllm/tests/tp/fixtures/tp2/collective_shard.steps03.rank0.json.gz
100644 fbddd24bf8212d0e1c391b62e19193bfc12dab3d backends/direct/encode/results_lintest_r20260922-073017-0924.json
100644 fc0ceb9c0672b189e0090accb8d99e1ee70e0514 integrations/vllm/workloads/workload_b1_sampling_topk50_topp09.json
100644 fc0cfba270016c05257fec48d46e65a71792ea95 packages/verity/tests/verification/test_bf16_hopper_target.py
100644 fc1844ef9777ff71686a481637a042e5388fbaca integrations/vllm/tests/program/test_workload_program.py
100644 fc1c87dcd76aea21d5b8152b36f6f5cc4abf2bce integrations/vllm/tests/program/test_harden_alias.py
100644 fc3b15f39f3cec5873f97bc17ff7c9e0e62f91db backends/ligero-verify/fixtures/manifests/small_interactive_plain.manifest.json
100644 fc4349a85ce52dcb32c60511f6f60c70c2b22e3d backends/gkr/fixtures/negatives/bf16.nz_cleared.bin
100644 fc4716db6d7a3060467a6dcbc10bad46e42e7686 integrations/vllm/verity_vllm/observe/profiles/expected/derived_GEMMA2_2B.json
100644 fc6e6e911efda86c754d1ec4d525407fe80fe301 backends/numerical/python/verity_numerical/checker/ctx.py
100644 fc870b05b2086a8bd04cae0c9f06f05831666fcd integrations/vllm/tests/tp/test_tp_partial_source_mid_module.py
100644 fca289cde57b87881eb4f00922c9646ff912c38d packages/verity/tests/commitments/test_leaves.py
100644 fcacd3f17655954ca7f218e102313c3bd8992270 integrations/vllm/data/census/scaling/lp2_s2.json
100644 fcae4c7e039ed6d84871b0cea7c21234fc489913 integrations/vllm/verity_vllm/observe/profiles/hf_configs/QWEN15_AWQ.config.json
100644 fcb964cf9f4145a95aab0e856b8bc632a8396026 integrations/vllm/workloads/llama32-1b__bf16__l40s__tp1__b2__i1024__o128__mixed__greedy__bi-eager.json
100644 fcbec425691566b682442f1dc1ef8dac27a4fac6 backends/numerical/reports/ledger/b-commit.jsonl
100644 fcc9af268da38b13a414d9703f03658823826793 integrations/vllm/tests/query/gate/row68_olmoe-1b-7b_b32_mixed-arrivals.json
100644 fcdabd9dc1ddc86e2ab3e87b9aacc23b95452d3e integrations/vllm/verity_vllm/input_provenance/root_policy.py
100644 fcf694b189c7e519b74b5b193120da084258d4a0 tools/native_peak/tool.py
100644 fcf7fc425ebdf84ea4bef510bdbb64ec8204f1ec packages/verity/src/verity/commitments/limits.py
100644 fd0e6adb0d525f746f8c6b508e21bd7874593706 fixtures/bench-instances/v1/seeds/gate_up_proj_decode_2/x.u16
100644 fd0e6adb0d525f746f8c6b508e21bd7874593706 packages/verity/tests/ml/fixtures/gemm-B1-b3eba618b1b5-20260907T1731Z/gate_up_proj_decode_2/x.u16
100644 fd7eeb29a6fb5db3cd7fcd3d5d640d819a0d8046 backends/numerical/reports/ledger/red-team-3.jsonl
100644 fd8874afa4ac31c269ff96e924e65aea24017d84 fixtures/redteam/babybear-battery/v1/wrap-acf4912724.json
100644 fd9984eeba9fd581d4dc85e0f32f99ab78d47770 integrations/vllm/tests/regression/test_global_match_lift.py
100644 fda153fd1f5316cd5053b84ed7bcb4cdc693531b backends/gkr/fixtures/babybear/negatives/bf16.non_finite_7fc0.bin
100644 fda69b0bc725e7451e5837e04f287aeabedcc5ea integrations/vllm/verity_vllm/program/registry/quarantine/dense/add_scalar_f32.py
100644 fdcab467763b0aa528852ec5b7ddd47c04bee0d7 backends/numerical/reports/ledger/zk-construction.jsonl
100644 fdd4a22b890f34054cb2bfd3d79f8941b13220bf integrations/vllm/tests/tp/test_tp2_d90_fixture.py
100644 fdd8b009e803541468177f93d5cfff07f2ebf793 packages/verity/src/verity/ir/query_codec.py
100644 fde2bd0869696a9321010cdd2d53887db60a7883 integrations/vllm/workloads/workload_b1_sampling_combo.json
100644 fdf3e6a34a462870d57201b7dd1d565142a9ff4b integrations/vllm/verity_vllm/program/numerics/cpp/tc_model.cpp
100644 fe0ea99efc75a9d83ce5e21b1994efb31c46a728 fixtures/tc/autoproof-probe-vectors.json
100644 fe534594751af26983e20d21b9e7fede342c8164 fixtures/redteam/babybear-battery/v1/z3-1d6f4c794a.json
100644 fe61feeb368cd8e0161d370c24313466baf72816 backends/direct/vendor/p3-baby-bear/src/baby_bear.rs
100644 fe767f889f787237fa4dbaa34d20602bb772bea4 integrations/vllm/verity_vllm/acquire/fa3_tap_src/build_fa3_ext.py
100644 fe965198a455026c8272ea7142ffb82c0505a707 backends/direct/ligero/README.md
100644 feaca0e2e2d53ab26b8ba512033c557498cc7d0a integrations/vllm/tests/observe/test_gen_ln.py
100644 feb853bfd6822006b69996edb47135b25194b4ad integrations/vllm/tests/acquire/test_bound_phases.py
100644 fecdf140d0fb8f103af088c4a33524ed78b9ef0b backends/numerical/README.md
100644 feefe579c0f1d534ce1b72665a27cf4fdeb876a8 backends/direct/ligero/results/result_vu_42.json
100644 fef12bb06ce43d8444bafebb57137fad021fd9d4 backends/sp1/tests/test_typed.py
100644 fef70a2d95e6ae3031bb8f1c58cced3239d30a89 backends/gkr/fixtures/babybear/negatives/pack.wrapped.bin
100644 ff021934873130a835a8018a3d051833994f9d60 fixtures/redteam/babybear-battery/v1/chain-b8bdd7eef6.json
100644 ff0ef3c9ed89de9dfdc5566a0dfa8574504c67c1 fixtures/typed-obligation-v0/reject--format-bad-target.json
100644 ff30de90a819d0de0dbf4720bc66737ddd9bbddd fixtures/typed-obligation-v0/accept--tuple-leaf.json
100644 ff37eed6e10d0d0128b4eaaf9ef98cc1913104d2 integrations/vllm/tests/tp/test_tp2_xrank_collectives.py
100644 ff4eef40f38eec6863c379e9aaf5901b15333096 fixtures/bench-instances/v1/seeds/lm_head_decode_0/w_row.u16
100644 ff4eef40f38eec6863c379e9aaf5901b15333096 packages/verity/tests/ml/fixtures/gemm-B1-b3eba618b1b5-20260907T1731Z/lm_head_decode_0/w_row.u16
100644 ff63351f30757586616834e9ebe5999e84c169b1 integrations/vllm/tests/query/test_query_fixtures.py
100644 ff762d5edbd46e3b8cd5e8bb4da89d9d0b79da9f integrations/vllm/tests/regression/stage_store.py
100644 ff7cac489e272ac14736ef814e3431f791fdab9c tools/research/src/research/telemetry/patches/run_row.sh.telemetry.diff
100644 ff8712d59020c75f7a0f1a4e12b12a5eed4f84a2 integrations/vllm/data/contract/a56-coverage/patches/a3-expected-attention.diff
100644 ff87f01a7028f2caf6852108dee6890d941d3544 backends/numerical/python/verity_numerical/explore/lookups.py
100644 ff89ee436879597f18dd2a090834a978cd38ba1c fixtures/bench-instances/v1/seeds/lm_head_prefill_0/fixture.json
100644 ff89ee436879597f18dd2a090834a978cd38ba1c packages/verity/tests/ml/fixtures/gemm-B1-b3eba618b1b5-20260907T1731Z/lm_head_prefill_0/fixture.json
100644 ff8cbcdb300b941fc5fe7723c0de1dad63d05b42 integrations/vllm/tests/program/test_compact.py
100644 ffa7df385ef92d11b19917215c4c229c2fecdb25 backends/numerical/python/verity_numerical/reference/__init__.py
100644 ffb82243bbf3a1bbed8c14ca0a1a5c9a1f93ebcc backends/gkr/packed/reprice_a.py
100644 ffc2843a4099f6eca8df471d4425262ce2689da7 integrations/vllm/verity_vllm/check/census.py
100644 ffc9ca34e4e741779e2a60594b9abf33897c7548 integrations/vllm/workloads/mistral-7b__bf16__l40s__tp1__b1__i256__o15__mixed__greedy__bi-eager.json
100644 ffcfbab58c60f44620eb1c45b8b8ad930e38f8cc integrations/vllm/tests/program/test_ship_roots.py
100644 ffd04fdbc8e0be379aad5657839cf213cf81cc5e backends/numerical/python/verity_numerical/gkr_export/v2.py
100644 ffdc233fc21770096efa6ffab3e9014e2fe3bb30 integrations/vllm/tests/program/data/topp_split_fixture/fixture.npz
100644 ffe04bc59c263d0b0e499e3fe72bd797a73fd120 backends/numerical/python/verity_numerical/redteam/relation_target.py
100644 fff709a75e1088a59cc540c6648901c8ec45a692 integrations/vllm/tests/regression/rebaseline.py
100755 03b5d5eb2bd24e957b2a280309cf156eed250150 backends/direct/run_soundness_gate.sh
100755 085570ee64e5ae88060cadaef9b32140f3dcc4f4 backends/direct/run_bind_gate.sh
100755 12abce50625f098b7980691900118970a21cb196 backends/gkr/run_measure_vu.sh
100755 215121bf12a6a1a0221a276074fd56f7431ee550 backends/direct/ligero/pod_bootstrap.sh
100755 263a1d0f0f2472e1a735f2395ef1e7535d94a5b9 integrations/vllm/verity_vllm/ops/canary.sh
100755 297fc6f4b7bee3e46cb1e5bd7c26c33ed28460b2 backends/direct/run_vu.sh
100755 2c0915a5ac1f39bffcf3b0e119253165fdddca5e backends/redteam/run_vu_battery.sh
100755 37ac6d6cacc2b9b52493c31ba53aaeccca541c87 backends/vole/run_all.sh
100755 3aa7ed34bfd7d738f566ad3437ee7bd498eee80f tools/research/src/research/telemetry/fixtures/run_fixtures.sh
100755 3dfad1ceead6fb6ed8058e03eb234df5b504c016 integrations/vllm/verity_vllm/ops/pod_fa2_tap.sh
100755 427876ab732f8fa0b73bd93daf9ec9293d5be291 tools/research/src/research/pods/sh/pod_guard.sh
100755 5301bc0167b035f7f920cb1f4fcbf2c55e1d4f02 integrations/vllm/verity_vllm/ops/pod_bootstrap.sh
100755 5d181ba02515bffa458fbda6180bbf74c06f98bc backends/vole/profile.sh
100755 5d41a123b411ebca5b6b6cdddef305f8a79e1de1 integrations/vllm/verity_vllm/ops/pod_hidden_gpu.sh
100755 68c565ad4b32921cdc1b67ba2722b33259b104f6 integrations/vllm/verity_vllm/ops/pod_gate.sh
100755 6a7faae36f6159cd4db16d88b16e413bdeac789b tools/research/src/research/pods/sh/deadline.sh
100755 6b28ffea8b84bd22255b11943c1a53ef141c3734 backends/direct/run_v2.sh
100755 6b40efe59bc6c29e30572d79e3951cd6d72bfb40 tools/research/src/research/pods/sh/rearm.sh
100755 81abb949ce02e4f2be6961607f613bfc285f5983 backends/direct/run_profile.sh
100755 88d696d1fe4862006ed13432a41fc7082f8776ec integrations/vllm/verity_vllm/ops/pod_fa3_tap.sh
100755 b32be82d3f7a3a6d1eac9202729d4395621aad9e integrations/vllm/verity_vllm/ops/verify_lane.sh
100755 bd066391a4b9b366f3e3fe27f7f119276b37d73b integrations/vllm/verity_vllm/ops/compiled_commit.sh
100755 bf58b82266ad417cf5e7a9ed2c3ce6576da5bed5 tools/research/src/research/pods/sh/deadman.sh
100755 c5f761b7b893b609247e0edb73daf831f6306611 backends/gkr/run_measure.sh
100755 ce53d3c824547851f4ee1becb3e157317498ef1f benchmarks/latency_compare.py
100755 d7112b2ac0b4b184db00557e936846b8f37840f1 fixtures/redteam/vu-battery/v1/run_battery.sh
100755 e0186b13b32efa6255c26f3ea24b0e2be139de64 tools/research/src/research/pods/sh/pod_bootstrap.sh
100755 e2f426954a0e4fc329dc5c8861be58a506db2296 backends/direct/ligero/live_serve.sh
